technician_id,name,experience_years,shift_type
T001,Tech_T001,3,Mixed
T002,Tech_T002,3,Mixed
T003,Tech_T003,10,Day
T004,Tech_T004,2,Day
T005,Tech_T005,6,Mixed
T006,Tech_T006,5,Mixed
T007,Tech_T007,4,Day
T008,Tech_T008,6,Evening
T009,Tech_T009,9,Mixed
T010,Tech_T010,10,Day
T011,Tech_T011,5,Evening
T012,Tech_T012,3,Mixed
T013,Tech_T013,9,Mixed
T014,Tech_T014,9,Day
T015,Tech_T015,9,Day
T016,Tech_T016,3,Mixed
T017,Tech_T017,8,Evening
T018,Tech_T018,10,Evening
T019,Tech_T019,7,Evening
T020,Tech_T020,10,Day
T021,Tech_T021,9,Mixed
T022,Tech_T022,3,Day
T023,Tech_T023,4,Mixed
T024,Tech_T024,1,Mixed
T025,Tech_T025,7,Evening
T026,Tech_T026,5,Mixed
T027,Tech_T027,10,Day
T028,Tech_T028,7,Mixed
T029,Tech_T029,9,Evening
T030,Tech_T030,9,Day
T031,Tech_T031,10,Day
T032,Tech_T032,7,Day
T033,Tech_T033,5,Evening
T034,Tech_T034,7,Day
T035,Tech_T035,5,Evening
T036,Tech_T036,6,Mixed
T037,Tech_T037,9,Day
T038,Tech_T038,2,Evening
T039,Tech_T039,5,Day
T040,Tech_T040,8,Mixed
T041,Tech_T041,2,Day
T042,Tech_T042,1,Mixed
T043,Tech_T043,9,Mixed
T044,Tech_T044,9,Mixed
T045,Tech_T045,6,Evening
T046,Tech_T046,5,Evening
T047,Tech_T047,9,Evening
T048,Tech_T048,10,Mixed
T049,Tech_T049,4,Evening
T050,Tech_T050,6,Day
T051,Tech_T051,8,Day
T052,Tech_T052,6,Day
T053,Tech_T053,6,Mixed
T054,Tech_T054,7,Evening
T055,Tech_T055,1,Mixed
T056,Tech_T056,6,Mixed
T057,Tech_T057,2,Day
T058,Tech_T058,1,Mixed
T059,Tech_T059,2,Day
T060,Tech_T060,4,Day
T061,Tech_T061,5,Mixed
T062,Tech_T062,6,Evening
T063,Tech_T063,3,Day
T064,Tech_T064,9,Mixed
T065,Tech_T065,4,Evening
T066,Tech_T066,6,Mixed
T067,Tech_T067,9,Evening
T068,Tech_T068,9,Evening
T069,Tech_T069,7,Evening
T070,Tech_T070,3,Mixed
T071,Tech_T071,8,Mixed
T072,Tech_T072,9,Evening
T073,Tech_T073,3,Evening
T074,Tech_T074,7,Mixed
T075,Tech_T075,3,Day
T076,Tech_T076,7,Evening
T077,Tech_T077,6,Day
T078,Tech_T078,10,Mixed
T079,Tech_T079,5,Mixed
T080,Tech_T080,5,Day
T081,Tech_T081,8,Evening
T082,Tech_T082,3,Mixed
T083,Tech_T083,10,Mixed
T084,Tech_T084,2,Mixed
T085,Tech_T085,10,Evening
T086,Tech_T086,2,Day
T087,Tech_T087,10,Mixed
T088,Tech_T088,6,Mixed
T089,Tech_T089,4,Mixed
T090,Tech_T090,1,Mixed
T091,Tech_T091,6,Evening
T092,Tech_T092,3,Mixed
T093,Tech_T093,8,Day
T094,Tech_T094,3,Mixed
T095,Tech_T095,8,Day
T096,Tech_T096,1,Day
T097,Tech_T097,7,Day
T098,Tech_T098,7,Mixed
T099,Tech_T099,7,Day
T100,Tech_T100,10,Day
T101,Tech_T101,6,Day
T102,Tech_T102,7,Mixed
T103,Tech_T103,10,Mixed
T104,Tech_T104,5,Mixed
T105,Tech_T105,6,Day
T106,Tech_T106,8,Mixed
T107,Tech_T107,5,Day
T108,Tech_T108,7,Day
T109,Tech_T109,4,Mixed
T110,Tech_T110,3,Mixed
T111,Tech_T111,9,Evening
T112,Tech_T112,7,Evening
T113,Tech_T113,6,Mixed
T114,Tech_T114,10,Day
T115,Tech_T115,9,Evening
T116,Tech_T116,7,Evening
T117,Tech_T117,2,Day
T118,Tech_T118,3,Day
T119,Tech_T119,8,Evening
T120,Tech_T120,4,Evening
T121,Tech_T121,7,Evening
T122,Tech_T122,4,Evening
T123,Tech_T123,1,Day
T124,Tech_T124,8,Evening
T125,Tech_T125,4,Evening
T126,Tech_T126,9,Mixed
T127,Tech_T127,8,Mixed
T128,Tech_T128,6,Day
T129,Tech_T129,4,Evening
T130,Tech_T130,8,Mixed
T131,Tech_T131,3,Evening
T132,Tech_T132,4,Evening
T133,Tech_T133,4,Evening
T134,Tech_T134,6,Day
T135,Tech_T135,1,Mixed
T136,Tech_T136,10,Evening
T137,Tech_T137,4,Day
T138,Tech_T138,9,Evening
T139,Tech_T139,7,Day
T140,Tech_T140,8,Evening
T141,Tech_T141,5,Day
T142,Tech_T142,2,Mixed
T143,Tech_T143,6,Day
T144,Tech_T144,9,Day
T145,Tech_T145,8,Day
T146,Tech_T146,10,Day
T147,Tech_T147,4,Day
T148,Tech_T148,5,Evening
T149,Tech_T149,7,Mixed
T150,Tech_T150,1,Day
T151,Tech_T151,8,Day
T152,Tech_T152,8,Day
T153,Tech_T153,10,Evening
T154,Tech_T154,9,Mixed
T155,Tech_T155,8,Mixed
T156,Tech_T156,2,Mixed
T157,Tech_T157,5,Mixed
T158,Tech_T158,9,Day
T159,Tech_T159,7,Evening
T160,Tech_T160,7,Day
T161,Tech_T161,10,Mixed
T162,Tech_T162,10,Evening
T163,Tech_T163,8,Day
T164,Tech_T164,6,Mixed
T165,Tech_T165,7,Evening
T166,Tech_T166,10,Evening
T167,Tech_T167,1,Evening
T168,Tech_T168,9,Day
T169,Tech_T169,3,Day
T170,Tech_T170,10,Mixed
T171,Tech_T171,5,Evening
T172,Tech_T172,6,Day
T173,Tech_T173,9,Evening
T174,Tech_T174,4,Mixed
T175,Tech_T175,10,Evening
T176,Tech_T176,7,Evening
T177,Tech_T177,9,Day
T178,Tech_T178,7,Mixed
T179,Tech_T179,10,Evening
T180,Tech_T180,4,Day
T181,Tech_T181,8,Mixed
T182,Tech_T182,9,Evening
T183,Tech_T183,9,Evening
T184,Tech_T184,9,Evening
T185,Tech_T185,5,Evening
T186,Tech_T186,7,Mixed
T187,Tech_T187,6,Day
T188,Tech_T188,1,Mixed
T189,Tech_T189,10,Evening
T190,Tech_T190,10,Evening
T191,Tech_T191,1,Evening
T192,Tech_T192,10,Mixed
T193,Tech_T193,1,Evening
T194,Tech_T194,10,Mixed
T195,Tech_T195,5,Day
T196,Tech_T196,7,Day
T197,Tech_T197,5,Mixed
T198,Tech_T198,10,Evening
T199,Tech_T199,9,Day
T200,Tech_T200,4,Mixed
T201,Tech_T201,6,Evening
T202,Tech_T202,2,Day
T203,Tech_T203,1,Mixed
T204,Tech_T204,5,Evening
T205,Tech_T205,9,Evening
T206,Tech_T206,4,Mixed
T207,Tech_T207,3,Day
T208,Tech_T208,9,Evening
T209,Tech_T209,1,Evening
T210,Tech_T210,2,Evening
T211,Tech_T211,4,Evening
T212,Tech_T212,10,Day
T213,Tech_T213,1,Mixed
T214,Tech_T214,5,Day
T215,Tech_T215,5,Day
T216,Tech_T216,9,Mixed
T217,Tech_T217,8,Evening
T218,Tech_T218,7,Day
T219,Tech_T219,9,Evening
T220,Tech_T220,5,Mixed
T221,Tech_T221,2,Mixed
T222,Tech_T222,10,Evening
T223,Tech_T223,6,Evening
T224,Tech_T224,7,Day
T225,Tech_T225,9,Mixed
T226,Tech_T226,1,Evening
T227,Tech_T227,5,Mixed
T228,Tech_T228,5,Mixed
T229,Tech_T229,8,Day
T230,Tech_T230,5,Evening
T231,Tech_T231,7,Mixed
T232,Tech_T232,4,Evening
T233,Tech_T233,2,Mixed
T234,Tech_T234,1,Evening
T235,Tech_T235,1,Mixed
T236,Tech_T236,2,Day
T237,Tech_T237,1,Day
T238,Tech_T238,2,Day
T239,Tech_T239,8,Evening
T240,Tech_T240,1,Day
T241,Tech_T241,3,Mixed
T242,Tech_T242,2,Day
T243,Tech_T243,2,Mixed
T244,Tech_T244,5,Day
T245,Tech_T245,9,Evening
T246,Tech_T246,10,Mixed
T247,Tech_T247,6,Day
T248,Tech_T248,10,Mixed
T249,Tech_T249,10,Evening
T250,Tech_T250,6,Day
T251,Tech_T251,3,Day
T252,Tech_T252,4,Day
T253,Tech_T253,3,Day
T254,Tech_T254,7,Evening
T255,Tech_T255,3,Mixed
T256,Tech_T256,2,Evening
T257,Tech_T257,7,Evening
T258,Tech_T258,3,Mixed
T259,Tech_T259,9,Mixed
T260,Tech_T260,7,Evening
T261,Tech_T261,9,Mixed
T262,Tech_T262,4,Mixed
T263,Tech_T263,2,Evening
T264,Tech_T264,6,Evening
T265,Tech_T265,10,Evening
T266,Tech_T266,9,Evening
T267,Tech_T267,7,Day
T268,Tech_T268,5,Mixed
T269,Tech_T269,1,Evening
T270,Tech_T270,3,Mixed
T271,Tech_T271,2,Day
T272,Tech_T272,5,Evening
T273,Tech_T273,1,Evening
T274,Tech_T274,3,Day
T275,Tech_T275,9,Evening
T276,Tech_T276,2,Day
T277,Tech_T277,6,Day
T278,Tech_T278,3,Mixed
T279,Tech_T279,3,Evening
T280,Tech_T280,9,Day
T281,Tech_T281,2,Mixed
T282,Tech_T282,1,Day
T283,Tech_T283,6,Evening
T284,Tech_T284,10,Evening
T285,Tech_T285,8,Mixed
T286,Tech_T286,10,Evening
T287,Tech_T287,10,Day
T288,Tech_T288,4,Evening
T289,Tech_T289,6,Evening
T290,Tech_T290,4,Mixed
T291,Tech_T291,4,Evening
T292,Tech_T292,9,Mixed
T293,Tech_T293,8,Evening
T294,Tech_T294,7,Day
T295,Tech_T295,10,Evening
T296,Tech_T296,1,Mixed
T297,Tech_T297,2,Evening
T298,Tech_T298,8,Mixed
T299,Tech_T299,3,Evening
T300,Tech_T300,10,Evening
T301,Tech_T301,7,Day
T302,Tech_T302,1,Evening
T303,Tech_T303,2,Evening
T304,Tech_T304,3,Mixed
T305,Tech_T305,3,Evening
T306,Tech_T306,6,Day
T307,Tech_T307,10,Evening
T308,Tech_T308,5,Day
T309,Tech_T309,4,Day
T310,Tech_T310,2,Mixed
T311,Tech_T311,1,Mixed
T312,Tech_T312,1,Mixed
T313,Tech_T313,5,Evening
T314,Tech_T314,2,Mixed
T315,Tech_T315,2,Mixed
T316,Tech_T316,3,Mixed
T317,Tech_T317,5,Mixed
T318,Tech_T318,6,Mixed
T319,Tech_T319,10,Evening
T320,Tech_T320,3,Mixed
T321,Tech_T321,3,Mixed
T322,Tech_T322,1,Evening
T323,Tech_T323,8,Evening
T324,Tech_T324,1,Mixed
T325,Tech_T325,4,Mixed
T326,Tech_T326,8,Evening
T327,Tech_T327,10,Day
T328,Tech_T328,10,Day
T329,Tech_T329,8,Evening
T330,Tech_T330,7,Evening
T331,Tech_T331,2,Evening
T332,Tech_T332,1,Mixed
T333,Tech_T333,4,Day
T334,Tech_T334,9,Evening
T335,Tech_T335,5,Mixed
T336,Tech_T336,8,Day
T337,Tech_T337,2,Day
T338,Tech_T338,5,Evening
T339,Tech_T339,2,Evening
T340,Tech_T340,6,Mixed
T341,Tech_T341,10,Day
T342,Tech_T342,10,Mixed
T343,Tech_T343,9,Mixed
T344,Tech_T344,7,Mixed
T345,Tech_T345,6,Evening
T346,Tech_T346,3,Mixed
T347,Tech_T347,8,Mixed
T348,Tech_T348,7,Evening
T349,Tech_T349,4,Mixed
T350,Tech_T350,8,Evening
T351,Tech_T351,3,Mixed
T352,Tech_T352,8,Evening
T353,Tech_T353,6,Evening
T354,Tech_T354,4,Day
T355,Tech_T355,7,Day
T356,Tech_T356,10,Evening
T357,Tech_T357,8,Day
T358,Tech_T358,4,Day
T359,Tech_T359,10,Evening
T360,Tech_T360,9,Evening
T361,Tech_T361,6,Mixed
T362,Tech_T362,3,Mixed
T363,Tech_T363,4,Day
T364,Tech_T364,9,Evening
T365,Tech_T365,9,Day
T366,Tech_T366,4,Evening
T367,Tech_T367,4,Day
T368,Tech_T368,6,Evening
T369,Tech_T369,5,Day
T370,Tech_T370,1,Mixed
T371,Tech_T371,8,Evening
T372,Tech_T372,7,Day
T373,Tech_T373,5,Day
T374,Tech_T374,6,Evening
T375,Tech_T375,3,Day
T376,Tech_T376,8,Day
T377,Tech_T377,10,Day
T378,Tech_T378,5,Evening
T379,Tech_T379,7,Day
T380,Tech_T380,4,Evening
T381,Tech_T381,9,Day
T382,Tech_T382,3,Day
T383,Tech_T383,10,Mixed
T384,Tech_T384,7,Mixed
T385,Tech_T385,2,Day
T386,Tech_T386,9,Mixed
T387,Tech_T387,6,Day
T388,Tech_T388,4,Evening
T389,Tech_T389,6,Day
T390,Tech_T390,2,Evening
T391,Tech_T391,2,Day
T392,Tech_T392,8,Evening
T393,Tech_T393,8,Day
T394,Tech_T394,5,Evening
T395,Tech_T395,9,Evening
T396,Tech_T396,7,Mixed
T397,Tech_T397,3,Mixed
T398,Tech_T398,7,Mixed
T399,Tech_T399,8,Evening
T400,Tech_T400,10,Day
T401,Tech_T401,5,Evening
T402,Tech_T402,1,Day
T403,Tech_T403,7,Evening
T404,Tech_T404,6,Evening
T405,Tech_T405,8,Day
T406,Tech_T406,4,Day
T407,Tech_T407,6,Evening
T408,Tech_T408,1,Evening
T409,Tech_T409,3,Day
T410,Tech_T410,4,Day
T411,Tech_T411,1,Evening
T412,Tech_T412,5,Evening
T413,Tech_T413,4,Evening
T414,Tech_T414,2,Mixed
T415,Tech_T415,7,Day
T416,Tech_T416,3,Mixed
T417,Tech_T417,10,Day
T418,Tech_T418,3,Evening
T419,Tech_T419,1,Mixed
T420,Tech_T420,7,Day
T421,Tech_T421,6,Day
T422,Tech_T422,4,Day
T423,Tech_T423,5,Mixed
T424,Tech_T424,7,Evening
T425,Tech_T425,3,Mixed
T426,Tech_T426,2,Evening
T427,Tech_T427,8,Mixed
T428,Tech_T428,4,Mixed
T429,Tech_T429,6,Evening
T430,Tech_T430,10,Day
T431,Tech_T431,7,Mixed
T432,Tech_T432,6,Evening
T433,Tech_T433,1,Mixed
T434,Tech_T434,6,Mixed
T435,Tech_T435,8,Evening
T436,Tech_T436,3,Day
T437,Tech_T437,2,Day
T438,Tech_T438,3,Day
T439,Tech_T439,1,Evening
T440,Tech_T440,2,Evening
T441,Tech_T441,2,Mixed
T442,Tech_T442,8,Evening
T443,Tech_T443,10,Mixed
T444,Tech_T444,4,Evening
T445,Tech_T445,9,Evening
T446,Tech_T446,7,Mixed
T447,Tech_T447,8,Day
T448,Tech_T448,3,Day
T449,Tech_T449,6,Evening
T450,Tech_T450,6,Mixed
T451,Tech_T451,8,Day
T452,Tech_T452,1,Mixed
T453,Tech_T453,2,Mixed
T454,Tech_T454,5,Evening
T455,Tech_T455,8,Mixed
T456,Tech_T456,8,Day
T457,Tech_T457,7,Day
T458,Tech_T458,5,Mixed
T459,Tech_T459,1,Mixed
T460,Tech_T460,10,Evening
T461,Tech_T461,9,Mixed
T462,Tech_T462,9,Day
T463,Tech_T463,7,Evening
T464,Tech_T464,10,Day
T465,Tech_T465,4,Mixed
T466,Tech_T466,8,Mixed
T467,Tech_T467,4,Evening
T468,Tech_T468,3,Evening
T469,Tech_T469,7,Mixed
T470,Tech_T470,1,Day
T471,Tech_T471,6,Evening
T472,Tech_T472,10,Mixed
T473,Tech_T473,10,Mixed
T474,Tech_T474,1,Mixed
T475,Tech_T475,7,Mixed
T476,Tech_T476,5,Day
T477,Tech_T477,6,Mixed
T478,Tech_T478,10,Day
T479,Tech_T479,6,Evening
T480,Tech_T480,9,Mixed
T481,Tech_T481,8,Day
T482,Tech_T482,1,Mixed
T483,Tech_T483,6,Mixed
T484,Tech_T484,2,Mixed
T485,Tech_T485,8,Day
T486,Tech_T486,10,Mixed
T487,Tech_T487,8,Mixed
T488,Tech_T488,9,Mixed
T489,Tech_T489,8,Evening
T490,Tech_T490,9,Evening
T491,Tech_T491,9,Mixed
T492,Tech_T492,4,Mixed
T493,Tech_T493,1,Day
T494,Tech_T494,3,Day
T495,Tech_T495,8,Day
T496,Tech_T496,2,Mixed
T497,Tech_T497,1,Day
T498,Tech_T498,9,Evening
T499,Tech_T499,7,Mixed
T500,Tech_T500,7,Day
T501,Tech_T501,4,Day
T502,Tech_T502,7,Evening
T503,Tech_T503,4,Day
T504,Tech_T504,9,Day
T505,Tech_T505,4,Day
T506,Tech_T506,10,Mixed
T507,Tech_T507,9,Day
T508,Tech_T508,8,Day
T509,Tech_T509,7,Day
T510,Tech_T510,9,Evening
T511,Tech_T511,3,Mixed
T512,Tech_T512,1,Mixed
T513,Tech_T513,7,Evening
T514,Tech_T514,3,Day
T515,Tech_T515,7,Evening
T516,Tech_T516,10,Mixed
T517,Tech_T517,3,Mixed
T518,Tech_T518,6,Mixed
T519,Tech_T519,7,Mixed
T520,Tech_T520,4,Mixed
T521,Tech_T521,10,Day
T522,Tech_T522,1,Day
T523,Tech_T523,8,Evening
T524,Tech_T524,5,Evening
T525,Tech_T525,3,Mixed
T526,Tech_T526,5,Day
T527,Tech_T527,5,Mixed
T528,Tech_T528,6,Day
T529,Tech_T529,9,Mixed
T530,Tech_T530,1,Day
T531,Tech_T531,4,Day
T532,Tech_T532,3,Day
T533,Tech_T533,5,Day
T534,Tech_T534,2,Mixed
T535,Tech_T535,1,Evening
T536,Tech_T536,4,Mixed
T537,Tech_T537,4,Evening
T538,Tech_T538,10,Day
T539,Tech_T539,10,Day
T540,Tech_T540,5,Day
T541,Tech_T541,6,Day
T542,Tech_T542,4,Day
T543,Tech_T543,3,Evening
T544,Tech_T544,3,Mixed
T545,Tech_T545,1,Evening
T546,Tech_T546,7,Day
T547,Tech_T547,5,Evening
T548,Tech_T548,7,Day
T549,Tech_T549,9,Evening
T550,Tech_T550,9,Evening
T551,Tech_T551,8,Mixed
T552,Tech_T552,1,Mixed
T553,Tech_T553,5,Mixed
T554,Tech_T554,5,Evening
T555,Tech_T555,8,Mixed
T556,Tech_T556,2,Mixed
T557,Tech_T557,6,Mixed
T558,Tech_T558,2,Evening
T559,Tech_T559,4,Mixed
T560,Tech_T560,10,Day
T561,Tech_T561,7,Evening
T562,Tech_T562,6,Evening
T563,Tech_T563,8,Day
T564,Tech_T564,1,Day
T565,Tech_T565,8,Evening
T566,Tech_T566,5,Day
T567,Tech_T567,9,Mixed
T568,Tech_T568,8,Day
T569,Tech_T569,10,Day
T570,Tech_T570,4,Mixed
T571,Tech_T571,9,Evening
T572,Tech_T572,9,Day
T573,Tech_T573,4,Day
T574,Tech_T574,3,Evening
T575,Tech_T575,7,Day
T576,Tech_T576,4,Day
T577,Tech_T577,8,Day
T578,Tech_T578,8,Evening
T579,Tech_T579,5,Day
T580,Tech_T580,5,Day
T581,Tech_T581,8,Evening
T582,Tech_T582,6,Mixed
T583,Tech_T583,4,Mixed
T584,Tech_T584,3,Day
T585,Tech_T585,10,Day
T586,Tech_T586,7,Day
T587,Tech_T587,5,Day
T588,Tech_T588,8,Mixed
T589,Tech_T589,9,Mixed
T590,Tech_T590,10,Mixed
T591,Tech_T591,3,Day
T592,Tech_T592,10,Evening
T593,Tech_T593,8,Evening
T594,Tech_T594,3,Mixed
T595,Tech_T595,2,Evening
T596,Tech_T596,10,Evening
T597,Tech_T597,8,Day
T598,Tech_T598,10,Day
T599,Tech_T599,7,Day
T600,Tech_T600,7,Mixed
T601,Tech_T601,6,Day
T602,Tech_T602,1,Day
T603,Tech_T603,4,Day
T604,Tech_T604,1,Day
T605,Tech_T605,5,Evening
T606,Tech_T606,10,Mixed
T607,Tech_T607,10,Day
T608,Tech_T608,2,Evening
T609,Tech_T609,7,Mixed
T610,Tech_T610,8,Evening
T611,Tech_T611,3,Day
T612,Tech_T612,2,Evening
T613,Tech_T613,6,Day
T614,Tech_T614,3,Mixed
T615,Tech_T615,9,Day
T616,Tech_T616,7,Evening
T617,Tech_T617,9,Day
T618,Tech_T618,6,Evening
T619,Tech_T619,8,Mixed
T620,Tech_T620,9,Evening
T621,Tech_T621,5,Day
T622,Tech_T622,7,Evening
T623,Tech_T623,9,Day
T624,Tech_T624,2,Day
T625,Tech_T625,8,Mixed
T626,Tech_T626,9,Evening
T627,Tech_T627,8,Evening
T628,Tech_T628,4,Day
T629,Tech_T629,7,Evening
T630,Tech_T630,8,Day
T631,Tech_T631,2,Mixed
T632,Tech_T632,6,Day
T633,Tech_T633,1,Mixed
T634,Tech_T634,10,Evening
T635,Tech_T635,6,Mixed
T636,Tech_T636,5,Evening
T637,Tech_T637,10,Evening
T638,Tech_T638,9,Day
T639,Tech_T639,2,Day
T640,Tech_T640,3,Evening
T641,Tech_T641,3,Day
T642,Tech_T642,2,Evening
T643,Tech_T643,10,Day
T644,Tech_T644,8,Mixed
T645,Tech_T645,8,Day
T646,Tech_T646,2,Evening
T647,Tech_T647,6,Evening
T648,Tech_T648,7,Mixed
T649,Tech_T649,1,Day
T650,Tech_T650,7,Day
T651,Tech_T651,8,Mixed
T652,Tech_T652,6,Evening
T653,Tech_T653,10,Evening
T654,Tech_T654,1,Day
T655,Tech_T655,7,Mixed
T656,Tech_T656,7,Day
T657,Tech_T657,3,Mixed
T658,Tech_T658,1,Mixed
T659,Tech_T659,8,Mixed
T660,Tech_T660,10,Day
T661,Tech_T661,1,Day
T662,Tech_T662,1,Day
T663,Tech_T663,2,Evening
T664,Tech_T664,2,Mixed
T665,Tech_T665,4,Day
T666,Tech_T666,10,Evening
T667,Tech_T667,10,Mixed
T668,Tech_T668,5,Day
T669,Tech_T669,9,Mixed
T670,Tech_T670,3,Day
T671,Tech_T671,7,Day
T672,Tech_T672,7,Evening
T673,Tech_T673,2,Mixed
T674,Tech_T674,2,Evening
T675,Tech_T675,5,Mixed
T676,Tech_T676,8,Evening
T677,Tech_T677,4,Evening
T678,Tech_T678,4,Mixed
T679,Tech_T679,7,Day
T680,Tech_T680,10,Evening
T681,Tech_T681,5,Day
T682,Tech_T682,2,Day
T683,Tech_T683,2,Evening
T684,Tech_T684,3,Evening
T685,Tech_T685,6,Evening
T686,Tech_T686,2,Evening
T687,Tech_T687,10,Day
T688,Tech_T688,9,Mixed
T689,Tech_T689,3,Mixed
T690,Tech_T690,6,Evening
T691,Tech_T691,3,Mixed
T692,Tech_T692,8,Evening
T693,Tech_T693,1,Day
T694,Tech_T694,2,Day
T695,Tech_T695,5,Day
T696,Tech_T696,5,Evening
T697,Tech_T697,4,Day
T698,Tech_T698,7,Mixed
T699,Tech_T699,3,Evening
T700,Tech_T700,10,Day
T701,Tech_T701,7,Day
T702,Tech_T702,10,Evening
T703,Tech_T703,7,Day
T704,Tech_T704,2,Day
T705,Tech_T705,2,Evening
T706,Tech_T706,2,Mixed
T707,Tech_T707,3,Day
T708,Tech_T708,8,Mixed
T709,Tech_T709,9,Mixed
T710,Tech_T710,1,Day
T711,Tech_T711,7,Day
T712,Tech_T712,8,Mixed
T713,Tech_T713,1,Day
T714,Tech_T714,9,Mixed
T715,Tech_T715,3,Evening
T716,Tech_T716,9,Evening
T717,Tech_T717,2,Mixed
T718,Tech_T718,4,Evening
T719,Tech_T719,8,Evening
T720,Tech_T720,4,Day
T721,Tech_T721,2,Mixed
T722,Tech_T722,6,Evening
T723,Tech_T723,3,Evening
T724,Tech_T724,7,Mixed
T725,Tech_T725,3,Evening
T726,Tech_T726,7,Evening
T727,Tech_T727,7,Evening
T728,Tech_T728,7,Evening
T729,Tech_T729,7,Mixed
T730,Tech_T730,8,Mixed
T731,Tech_T731,8,Evening
T732,Tech_T732,1,Mixed
T733,Tech_T733,5,Day
T734,Tech_T734,9,Evening
T735,Tech_T735,1,Evening
T736,Tech_T736,6,Day
T737,Tech_T737,9,Day
T738,Tech_T738,10,Day
T739,Tech_T739,10,Evening
T740,Tech_T740,8,Mixed
T741,Tech_T741,8,Evening
T742,Tech_T742,7,Mixed
T743,Tech_T743,7,Evening
T744,Tech_T744,1,Mixed
T745,Tech_T745,10,Evening
T746,Tech_T746,9,Day
T747,Tech_T747,8,Mixed
T748,Tech_T748,3,Day
T749,Tech_T749,8,Day
T750,Tech_T750,6,Mixed
T751,Tech_T751,1,Mixed
T752,Tech_T752,4,Mixed
T753,Tech_T753,3,Mixed
T754,Tech_T754,5,Evening
T755,Tech_T755,7,Day
T756,Tech_T756,2,Evening
T757,Tech_T757,8,Day
T758,Tech_T758,8,Mixed
T759,Tech_T759,4,Mixed
T760,Tech_T760,8,Day
T761,Tech_T761,10,Evening
T762,Tech_T762,6,Day
T763,Tech_T763,2,Evening
T764,Tech_T764,1,Mixed
T765,Tech_T765,9,Evening
T766,Tech_T766,3,Mixed
T767,Tech_T767,5,Day
T768,Tech_T768,5,Day
T769,Tech_T769,9,Evening
T770,Tech_T770,4,Day
T771,Tech_T771,10,Evening
T772,Tech_T772,3,Day
T773,Tech_T773,3,Mixed
T774,Tech_T774,6,Evening
T775,Tech_T775,10,Day
T776,Tech_T776,4,Evening
T777,Tech_T777,7,Evening
T778,Tech_T778,9,Evening
T779,Tech_T779,3,Evening
T780,Tech_T780,6,Day
T781,Tech_T781,5,Evening
T782,Tech_T782,9,Evening
T783,Tech_T783,4,Day
T784,Tech_T784,3,Evening
T785,Tech_T785,7,Evening
T786,Tech_T786,4,Mixed
T787,Tech_T787,5,Mixed
T788,Tech_T788,8,Evening
T789,Tech_T789,7,Evening
T790,Tech_T790,8,Mixed
T791,Tech_T791,6,Evening
T792,Tech_T792,8,Evening
T793,Tech_T793,7,Evening
T794,Tech_T794,1,Day
T795,Tech_T795,6,Mixed
T796,Tech_T796,10,Mixed
T797,Tech_T797,6,Mixed
T798,Tech_T798,10,Evening
T799,Tech_T799,4,Evening
T800,Tech_T800,9,Evening
T801,Tech_T801,9,Evening
T802,Tech_T802,10,Mixed
T803,Tech_T803,4,Day
T804,Tech_T804,5,Mixed
T805,Tech_T805,9,Day
T806,Tech_T806,3,Mixed
T807,Tech_T807,3,Day
T808,Tech_T808,2,Day
T809,Tech_T809,7,Day
T810,Tech_T810,1,Evening
T811,Tech_T811,3,Mixed
T812,Tech_T812,7,Evening
T813,Tech_T813,2,Mixed
T814,Tech_T814,9,Evening
T815,Tech_T815,5,Evening
T816,Tech_T816,1,Mixed
T817,Tech_T817,10,Evening
T818,Tech_T818,9,Mixed
T819,Tech_T819,9,Day
T820,Tech_T820,7,Evening
T821,Tech_T821,2,Mixed
T822,Tech_T822,8,Day
T823,Tech_T823,7,Mixed
T824,Tech_T824,6,Mixed
T825,Tech_T825,7,Mixed
T826,Tech_T826,10,Evening
T827,Tech_T827,2,Day
T828,Tech_T828,2,Day
T829,Tech_T829,5,Evening
T830,Tech_T830,7,Mixed
T831,Tech_T831,10,Mixed
T832,Tech_T832,9,Evening
T833,Tech_T833,7,Mixed
T834,Tech_T834,6,Evening
T835,Tech_T835,4,Evening
T836,Tech_T836,3,Mixed
T837,Tech_T837,3,Day
T838,Tech_T838,10,Day
T839,Tech_T839,2,Day
T840,Tech_T840,3,Mixed
T841,Tech_T841,1,Mixed
T842,Tech_T842,1,Evening
T843,Tech_T843,1,Day
T844,Tech_T844,4,Day
T845,Tech_T845,3,Evening
T846,Tech_T846,2,Mixed
T847,Tech_T847,7,Day
T848,Tech_T848,2,Evening
T849,Tech_T849,2,Day
T850,Tech_T850,7,Evening
T851,Tech_T851,10,Mixed
T852,Tech_T852,4,Day
T853,Tech_T853,4,Mixed
T854,Tech_T854,8,Mixed
T855,Tech_T855,9,Mixed
T856,Tech_T856,3,Evening
T857,Tech_T857,9,Day
T858,Tech_T858,3,Evening
T859,Tech_T859,6,Day
T860,Tech_T860,5,Mixed
T861,Tech_T861,2,Mixed
T862,Tech_T862,6,Day
T863,Tech_T863,1,Day
T864,Tech_T864,5,Mixed
T865,Tech_T865,3,Evening
T866,Tech_T866,3,Evening
T867,Tech_T867,3,Evening
T868,Tech_T868,6,Mixed
T869,Tech_T869,9,Evening
T870,Tech_T870,3,Day
T871,Tech_T871,2,Evening
T872,Tech_T872,5,Mixed
T873,Tech_T873,5,Mixed
T874,Tech_T874,7,Mixed
T875,Tech_T875,2,Evening
T876,Tech_T876,8,Day
T877,Tech_T877,7,Day
T878,Tech_T878,7,Evening
T879,Tech_T879,8,Day
T880,Tech_T880,5,Mixed
T881,Tech_T881,2,Evening
T882,Tech_T882,3,Day
T883,Tech_T883,9,Mixed
T884,Tech_T884,3,Evening
T885,Tech_T885,3,Evening
T886,Tech_T886,5,Mixed
T887,Tech_T887,7,Evening
T888,Tech_T888,8,Evening
T889,Tech_T889,10,Mixed
T890,Tech_T890,4,Mixed
T891,Tech_T891,3,Day
T892,Tech_T892,7,Evening
T893,Tech_T893,8,Evening
T894,Tech_T894,1,Mixed
T895,Tech_T895,7,Day
T896,Tech_T896,9,Mixed
T897,Tech_T897,3,Mixed
T898,Tech_T898,10,Evening
T899,Tech_T899,6,Evening
T900,Tech_T900,4,Mixed
T901,Tech_T901,9,Day
T902,Tech_T902,5,Evening
T903,Tech_T903,9,Day
T904,Tech_T904,9,Evening
T905,Tech_T905,5,Day
T906,Tech_T906,6,Evening
T907,Tech_T907,6,Day
T908,Tech_T908,6,Evening
T909,Tech_T909,8,Day
T910,Tech_T910,4,Mixed
T911,Tech_T911,8,Day
T912,Tech_T912,7,Evening
T913,Tech_T913,7,Day
T914,Tech_T914,5,Day
T915,Tech_T915,8,Evening
T916,Tech_T916,1,Day
T917,Tech_T917,7,Mixed
T918,Tech_T918,10,Mixed
T919,Tech_T919,7,Evening
T920,Tech_T920,5,Day
T921,Tech_T921,1,Mixed
T922,Tech_T922,7,Evening
T923,Tech_T923,7,Day
T924,Tech_T924,3,Day
T925,Tech_T925,3,Evening
T926,Tech_T926,9,Day
T927,Tech_T927,1,Mixed
T928,Tech_T928,9,Evening
T929,Tech_T929,7,Evening
T930,Tech_T930,6,Day
T931,Tech_T931,1,Evening
T932,Tech_T932,8,Mixed
T933,Tech_T933,5,Day
T934,Tech_T934,10,Day
T935,Tech_T935,9,Day
T936,Tech_T936,5,Day
T937,Tech_T937,3,Evening
T938,Tech_T938,1,Evening
T939,Tech_T939,6,Evening
T940,Tech_T940,4,Evening
T941,Tech_T941,8,Mixed
T942,Tech_T942,9,Day
T943,Tech_T943,9,Day
T944,Tech_T944,8,Day
T945,Tech_T945,7,Evening
T946,Tech_T946,4,Evening
T947,Tech_T947,8,Day
T948,Tech_T948,5,Evening
T949,Tech_T949,1,Mixed
T950,Tech_T950,1,Day
T951,Tech_T951,5,Evening
T952,Tech_T952,3,Evening
T953,Tech_T953,4,Mixed
T954,Tech_T954,3,Day
T955,Tech_T955,2,Day
T956,Tech_T956,10,Mixed
T957,Tech_T957,3,Mixed
T958,Tech_T958,10,Day
T959,Tech_T959,5,Day
T960,Tech_T960,8,Mixed
T961,Tech_T961,1,Day
T962,Tech_T962,5,Mixed
T963,Tech_T963,3,Day
T964,Tech_T964,6,Mixed
T965,Tech_T965,2,Evening
T966,Tech_T966,1,Mixed
T967,Tech_T967,7,Day
T968,Tech_T968,1,Evening
T969,Tech_T969,8,Day
T970,Tech_T970,3,Evening
T971,Tech_T971,2,Mixed
T972,Tech_T972,10,Day
T973,Tech_T973,3,Evening
T974,Tech_T974,5,Evening
T975,Tech_T975,8,Day
T976,Tech_T976,1,Day
T977,Tech_T977,2,Evening
T978,Tech_T978,4,Mixed
T979,Tech_T979,7,Evening
T980,Tech_T980,5,Evening
T981,Tech_T981,10,Mixed
T982,Tech_T982,4,Day
T983,Tech_T983,8,Day
T984,Tech_T984,1,Day
T985,Tech_T985,5,Day
T986,Tech_T986,7,Day
T987,Tech_T987,6,Mixed
T988,Tech_T988,10,Mixed
T989,Tech_T989,1,Day
T990,Tech_T990,10,Evening
T991,Tech_T991,7,Day
T992,Tech_T992,2,Evening
T993,Tech_T993,10,Day
T994,Tech_T994,5,Mixed
T995,Tech_T995,3,Mixed
T996,Tech_T996,2,Evening
T997,Tech_T997,6,Evening
T998,Tech_T998,2,Mixed
T999,Tech_T999,3,Evening
T1000,Tech_T1000,3,Mixed
T1001,Tech_T1001,4,Evening
T1002,Tech_T1002,9,Day
T1003,Tech_T1003,5,Day
T1004,Tech_T1004,2,Evening
T1005,Tech_T1005,9,Day
T1006,Tech_T1006,1,Mixed
T1007,Tech_T1007,7,Day
T1008,Tech_T1008,1,Mixed
T1009,Tech_T1009,6,Day
T1010,Tech_T1010,1,Day
T1011,Tech_T1011,6,Day
T1012,Tech_T1012,8,Day
T1013,Tech_T1013,10,Evening
T1014,Tech_T1014,2,Day
T1015,Tech_T1015,5,Evening
T1016,Tech_T1016,10,Mixed
T1017,Tech_T1017,2,Mixed
T1018,Tech_T1018,5,Day
T1019,Tech_T1019,3,Mixed
T1020,Tech_T1020,6,Day
T1021,Tech_T1021,6,Mixed
T1022,Tech_T1022,9,Mixed
T1023,Tech_T1023,6,Mixed
T1024,Tech_T1024,4,Day
T1025,Tech_T1025,2,Evening
T1026,Tech_T1026,7,Mixed
T1027,Tech_T1027,9,Day
T1028,Tech_T1028,4,Day
T1029,Tech_T1029,1,Mixed
T1030,Tech_T1030,8,Evening
T1031,Tech_T1031,3,Mixed
T1032,Tech_T1032,9,Day
T1033,Tech_T1033,6,Day
T1034,Tech_T1034,3,Mixed
T1035,Tech_T1035,3,Evening
T1036,Tech_T1036,4,Mixed
T1037,Tech_T1037,6,Evening
T1038,Tech_T1038,2,Evening
T1039,Tech_T1039,7,Day
T1040,Tech_T1040,6,Day
T1041,Tech_T1041,7,Evening
T1042,Tech_T1042,4,Day
T1043,Tech_T1043,7,Day
T1044,Tech_T1044,10,Mixed
T1045,Tech_T1045,4,Mixed
T1046,Tech_T1046,9,Evening
T1047,Tech_T1047,5,Day
T1048,Tech_T1048,9,Mixed
T1049,Tech_T1049,9,Mixed
T1050,Tech_T1050,3,Day
T1051,Tech_T1051,1,Mixed
T1052,Tech_T1052,9,Evening
T1053,Tech_T1053,9,Evening
T1054,Tech_T1054,3,Day
T1055,Tech_T1055,4,Day
T1056,Tech_T1056,7,Evening
T1057,Tech_T1057,9,Day
T1058,Tech_T1058,10,Day
T1059,Tech_T1059,8,Day
T1060,Tech_T1060,3,Evening
T1061,Tech_T1061,6,Mixed
T1062,Tech_T1062,1,Evening
T1063,Tech_T1063,9,Day
T1064,Tech_T1064,9,Day
T1065,Tech_T1065,7,Day
T1066,Tech_T1066,8,Evening
T1067,Tech_T1067,1,Mixed
T1068,Tech_T1068,10,Evening
T1069,Tech_T1069,8,Day
T1070,Tech_T1070,2,Evening
T1071,Tech_T1071,8,Mixed
T1072,Tech_T1072,6,Evening
T1073,Tech_T1073,9,Day
T1074,Tech_T1074,2,Mixed
T1075,Tech_T1075,7,Evening
T1076,Tech_T1076,7,Evening
T1077,Tech_T1077,9,Mixed
T1078,Tech_T1078,3,Day
T1079,Tech_T1079,3,Evening
T1080,Tech_T1080,5,Mixed
T1081,Tech_T1081,2,Mixed
T1082,Tech_T1082,4,Evening
T1083,Tech_T1083,10,Evening
T1084,Tech_T1084,1,Mixed
T1085,Tech_T1085,10,Day
T1086,Tech_T1086,5,Day
T1087,Tech_T1087,10,Day
T1088,Tech_T1088,8,Mixed
T1089,Tech_T1089,5,Evening
T1090,Tech_T1090,6,Mixed
T1091,Tech_T1091,9,Evening
T1092,Tech_T1092,3,Day
T1093,Tech_T1093,1,Day
T1094,Tech_T1094,9,Mixed
T1095,Tech_T1095,2,Mixed
T1096,Tech_T1096,1,Day
T1097,Tech_T1097,8,Evening
T1098,Tech_T1098,9,Day
T1099,Tech_T1099,2,Mixed
T1100,Tech_T1100,3,Day
T1101,Tech_T1101,6,Day
T1102,Tech_T1102,1,Day
T1103,Tech_T1103,7,Mixed
T1104,Tech_T1104,2,Mixed
T1105,Tech_T1105,5,Evening
T1106,Tech_T1106,10,Day
T1107,Tech_T1107,3,Day
T1108,Tech_T1108,7,Evening
T1109,Tech_T1109,2,Mixed
T1110,Tech_T1110,8,Day
T1111,Tech_T1111,3,Mixed
T1112,Tech_T1112,4,Evening
T1113,Tech_T1113,3,Day
T1114,Tech_T1114,3,Day
T1115,Tech_T1115,2,Evening
T1116,Tech_T1116,4,Day
T1117,Tech_T1117,4,Day
T1118,Tech_T1118,6,Evening
T1119,Tech_T1119,6,Day
T1120,Tech_T1120,3,Day
T1121,Tech_T1121,9,Mixed
T1122,Tech_T1122,5,Evening
T1123,Tech_T1123,5,Mixed
T1124,Tech_T1124,8,Day
T1125,Tech_T1125,5,Evening
T1126,Tech_T1126,5,Day
T1127,Tech_T1127,3,Day
T1128,Tech_T1128,7,Evening
T1129,Tech_T1129,1,Evening
T1130,Tech_T1130,2,Evening
T1131,Tech_T1131,1,Evening
T1132,Tech_T1132,8,Day
T1133,Tech_T1133,1,Day
T1134,Tech_T1134,2,Mixed
T1135,Tech_T1135,10,Evening
T1136,Tech_T1136,2,Day
T1137,Tech_T1137,6,Mixed
T1138,Tech_T1138,3,Mixed
T1139,Tech_T1139,8,Day
T1140,Tech_T1140,1,Evening
T1141,Tech_T1141,6,Mixed
T1142,Tech_T1142,8,Day
T1143,Tech_T1143,1,Evening
T1144,Tech_T1144,4,Evening
T1145,Tech_T1145,8,Mixed
T1146,Tech_T1146,3,Evening
T1147,Tech_T1147,1,Day
T1148,Tech_T1148,6,Day
T1149,Tech_T1149,3,Mixed
T1150,Tech_T1150,5,Day
T1151,Tech_T1151,1,Day
T1152,Tech_T1152,6,Evening
T1153,Tech_T1153,5,Evening
T1154,Tech_T1154,1,Day
T1155,Tech_T1155,8,Evening
T1156,Tech_T1156,9,Day
T1157,Tech_T1157,5,Evening
T1158,Tech_T1158,5,Day
T1159,Tech_T1159,8,Mixed
T1160,Tech_T1160,4,Day
T1161,Tech_T1161,4,Evening
T1162,Tech_T1162,4,Evening
T1163,Tech_T1163,5,Day
T1164,Tech_T1164,4,Day
T1165,Tech_T1165,6,Mixed
T1166,Tech_T1166,10,Mixed
T1167,Tech_T1167,4,Mixed
T1168,Tech_T1168,1,Evening
T1169,Tech_T1169,8,Evening
T1170,Tech_T1170,5,Day
T1171,Tech_T1171,5,Evening
T1172,Tech_T1172,10,Evening
T1173,Tech_T1173,3,Day
T1174,Tech_T1174,1,Evening
T1175,Tech_T1175,2,Mixed
T1176,Tech_T1176,3,Evening
T1177,Tech_T1177,4,Day
T1178,Tech_T1178,10,Day
T1179,Tech_T1179,4,Mixed
T1180,Tech_T1180,4,Day
T1181,Tech_T1181,10,Evening
T1182,Tech_T1182,1,Evening
T1183,Tech_T1183,9,Mixed
T1184,Tech_T1184,1,Mixed
T1185,Tech_T1185,5,Evening
T1186,Tech_T1186,4,Day
T1187,Tech_T1187,1,Evening
T1188,Tech_T1188,7,Day
T1189,Tech_T1189,9,Evening
T1190,Tech_T1190,5,Mixed
T1191,Tech_T1191,9,Mixed
T1192,Tech_T1192,6,Mixed
T1193,Tech_T1193,9,Mixed
T1194,Tech_T1194,3,Day
T1195,Tech_T1195,9,Evening
T1196,Tech_T1196,1,Evening
T1197,Tech_T1197,3,Mixed
T1198,Tech_T1198,6,Day
T1199,Tech_T1199,2,Day
T1200,Tech_T1200,1,Day
T1201,Tech_T1201,10,Evening
T1202,Tech_T1202,5,Mixed
T1203,Tech_T1203,1,Evening
T1204,Tech_T1204,6,Day
T1205,Tech_T1205,6,Mixed
T1206,Tech_T1206,8,Mixed
T1207,Tech_T1207,1,Mixed
T1208,Tech_T1208,6,Mixed
T1209,Tech_T1209,1,Day
T1210,Tech_T1210,6,Day
T1211,Tech_T1211,6,Evening
T1212,Tech_T1212,5,Mixed
T1213,Tech_T1213,10,Evening
T1214,Tech_T1214,9,Evening
T1215,Tech_T1215,10,Day
T1216,Tech_T1216,3,Day
T1217,Tech_T1217,9,Evening
T1218,Tech_T1218,5,Evening
T1219,Tech_T1219,7,Mixed
T1220,Tech_T1220,2,Mixed
T1221,Tech_T1221,6,Evening
T1222,Tech_T1222,10,Evening
T1223,Tech_T1223,7,Evening
T1224,Tech_T1224,9,Day
T1225,Tech_T1225,3,Evening
T1226,Tech_T1226,9,Day
T1227,Tech_T1227,6,Mixed
T1228,Tech_T1228,6,Mixed
T1229,Tech_T1229,8,Mixed
T1230,Tech_T1230,4,Mixed
T1231,Tech_T1231,6,Mixed
T1232,Tech_T1232,1,Evening
T1233,Tech_T1233,4,Evening
T1234,Tech_T1234,6,Mixed
T1235,Tech_T1235,10,Day
T1236,Tech_T1236,7,Mixed
T1237,Tech_T1237,7,Mixed
T1238,Tech_T1238,5,Evening
T1239,Tech_T1239,1,Evening
T1240,Tech_T1240,3,Evening
T1241,Tech_T1241,8,Day
T1242,Tech_T1242,1,Mixed
T1243,Tech_T1243,8,Day
T1244,Tech_T1244,7,Evening
T1245,Tech_T1245,3,Mixed
T1246,Tech_T1246,1,Day
T1247,Tech_T1247,8,Day
T1248,Tech_T1248,8,Evening
T1249,Tech_T1249,7,Evening
T1250,Tech_T1250,9,Evening
T1251,Tech_T1251,1,Day
T1252,Tech_T1252,8,Evening
T1253,Tech_T1253,1,Evening
T1254,Tech_T1254,6,Day
T1255,Tech_T1255,2,Mixed
T1256,Tech_T1256,5,Day
T1257,Tech_T1257,10,Mixed
T1258,Tech_T1258,3,Day
T1259,Tech_T1259,10,Evening
T1260,Tech_T1260,4,Evening
T1261,Tech_T1261,8,Mixed
T1262,Tech_T1262,6,Day
T1263,Tech_T1263,9,Evening
T1264,Tech_T1264,5,Mixed
T1265,Tech_T1265,1,Day
T1266,Tech_T1266,1,Evening
T1267,Tech_T1267,2,Evening
T1268,Tech_T1268,10,Mixed
T1269,Tech_T1269,9,Evening
T1270,Tech_T1270,1,Evening
T1271,Tech_T1271,2,Day
T1272,Tech_T1272,9,Day
T1273,Tech_T1273,1,Mixed
T1274,Tech_T1274,2,Mixed
T1275,Tech_T1275,4,Day
T1276,Tech_T1276,8,Day
T1277,Tech_T1277,8,Evening
T1278,Tech_T1278,5,Day
T1279,Tech_T1279,9,Evening
T1280,Tech_T1280,10,Day
T1281,Tech_T1281,1,Evening
T1282,Tech_T1282,4,Evening
T1283,Tech_T1283,7,Evening
T1284,Tech_T1284,6,Mixed
T1285,Tech_T1285,2,Mixed
T1286,Tech_T1286,7,Mixed
T1287,Tech_T1287,3,Evening
T1288,Tech_T1288,2,Evening
T1289,Tech_T1289,1,Day
T1290,Tech_T1290,6,Evening
T1291,Tech_T1291,6,Evening
T1292,Tech_T1292,4,Day
T1293,Tech_T1293,5,Evening
T1294,Tech_T1294,5,Mixed
T1295,Tech_T1295,10,Mixed
T1296,Tech_T1296,8,Day
T1297,Tech_T1297,6,Day
T1298,Tech_T1298,10,Evening
T1299,Tech_T1299,7,Evening
T1300,Tech_T1300,3,Evening
T1301,Tech_T1301,1,Day
T1302,Tech_T1302,2,Mixed
T1303,Tech_T1303,10,Day
T1304,Tech_T1304,5,Day
T1305,Tech_T1305,5,Day
T1306,Tech_T1306,7,Mixed
T1307,Tech_T1307,1,Evening
T1308,Tech_T1308,1,Evening
T1309,Tech_T1309,10,Day
T1310,Tech_T1310,2,Mixed
T1311,Tech_T1311,2,Mixed
T1312,Tech_T1312,5,Day
T1313,Tech_T1313,1,Evening
T1314,Tech_T1314,3,Day
T1315,Tech_T1315,10,Evening
T1316,Tech_T1316,9,Mixed
T1317,Tech_T1317,3,Mixed
T1318,Tech_T1318,2,Day
T1319,Tech_T1319,1,Mixed
T1320,Tech_T1320,9,Day
T1321,Tech_T1321,3,Evening
T1322,Tech_T1322,2,Mixed
T1323,Tech_T1323,9,Evening
T1324,Tech_T1324,10,Mixed
T1325,Tech_T1325,10,Day
T1326,Tech_T1326,6,Mixed
T1327,Tech_T1327,6,Mixed
T1328,Tech_T1328,8,Day
T1329,Tech_T1329,4,Mixed
T1330,Tech_T1330,2,Evening
T1331,Tech_T1331,1,Mixed
T1332,Tech_T1332,2,Day
T1333,Tech_T1333,7,Day
T1334,Tech_T1334,7,Day
T1335,Tech_T1335,4,Day
T1336,Tech_T1336,5,Mixed
T1337,Tech_T1337,10,Mixed
T1338,Tech_T1338,1,Evening
T1339,Tech_T1339,10,Evening
T1340,Tech_T1340,9,Mixed
T1341,Tech_T1341,7,Mixed
T1342,Tech_T1342,5,Evening
T1343,Tech_T1343,7,Day
T1344,Tech_T1344,5,Evening
T1345,Tech_T1345,2,Day
T1346,Tech_T1346,8,Mixed
T1347,Tech_T1347,7,Mixed
T1348,Tech_T1348,10,Day
T1349,Tech_T1349,8,Evening
T1350,Tech_T1350,9,Evening
T1351,Tech_T1351,3,Mixed
T1352,Tech_T1352,6,Mixed
T1353,Tech_T1353,7,Mixed
T1354,Tech_T1354,3,Day
T1355,Tech_T1355,8,Mixed
T1356,Tech_T1356,1,Evening
T1357,Tech_T1357,9,Mixed
T1358,Tech_T1358,6,Day
T1359,Tech_T1359,9,Evening
T1360,Tech_T1360,3,Evening
T1361,Tech_T1361,3,Mixed
T1362,Tech_T1362,6,Day
T1363,Tech_T1363,9,Mixed
T1364,Tech_T1364,9,Mixed
T1365,Tech_T1365,3,Evening
T1366,Tech_T1366,5,Evening
T1367,Tech_T1367,7,Day
T1368,Tech_T1368,2,Evening
T1369,Tech_T1369,6,Mixed
T1370,Tech_T1370,8,Evening
T1371,Tech_T1371,5,Day
T1372,Tech_T1372,3,Mixed
T1373,Tech_T1373,10,Evening
T1374,Tech_T1374,5,Day
T1375,Tech_T1375,4,Evening
T1376,Tech_T1376,4,Mixed
T1377,Tech_T1377,7,Evening
T1378,Tech_T1378,1,Day
T1379,Tech_T1379,2,Evening
T1380,Tech_T1380,5,Evening
T1381,Tech_T1381,3,Evening
T1382,Tech_T1382,7,Evening
T1383,Tech_T1383,8,Mixed
T1384,Tech_T1384,5,Day
T1385,Tech_T1385,7,Evening
T1386,Tech_T1386,3,Mixed
T1387,Tech_T1387,6,Mixed
T1388,Tech_T1388,8,Mixed
T1389,Tech_T1389,10,Mixed
T1390,Tech_T1390,6,Day
T1391,Tech_T1391,10,Mixed
T1392,Tech_T1392,8,Evening
T1393,Tech_T1393,10,Day
T1394,Tech_T1394,6,Mixed
T1395,Tech_T1395,3,Evening
T1396,Tech_T1396,7,Day
T1397,Tech_T1397,1,Evening
T1398,Tech_T1398,6,Evening
T1399,Tech_T1399,5,Day
T1400,Tech_T1400,2,Evening
T1401,Tech_T1401,7,Evening
T1402,Tech_T1402,3,Mixed
T1403,Tech_T1403,3,Day
T1404,Tech_T1404,4,Evening
T1405,Tech_T1405,1,Evening
T1406,Tech_T1406,6,Day
T1407,Tech_T1407,5,Day
T1408,Tech_T1408,2,Day
T1409,Tech_T1409,7,Day
T1410,Tech_T1410,10,Day
T1411,Tech_T1411,1,Evening
T1412,Tech_T1412,5,Mixed
T1413,Tech_T1413,5,Mixed
T1414,Tech_T1414,8,Evening
T1415,Tech_T1415,3,Day
T1416,Tech_T1416,1,Evening
T1417,Tech_T1417,4,Day
T1418,Tech_T1418,8,Mixed
T1419,Tech_T1419,2,Mixed
T1420,Tech_T1420,4,Mixed
T1421,Tech_T1421,8,Day
T1422,Tech_T1422,8,Evening
T1423,Tech_T1423,5,Day
T1424,Tech_T1424,6,Evening
T1425,Tech_T1425,7,Mixed
T1426,Tech_T1426,9,Mixed
T1427,Tech_T1427,7,Day
T1428,Tech_T1428,4,Evening
T1429,Tech_T1429,2,Day
T1430,Tech_T1430,8,Day
T1431,Tech_T1431,8,Day
T1432,Tech_T1432,1,Day
T1433,Tech_T1433,7,Mixed
T1434,Tech_T1434,2,Day
T1435,Tech_T1435,10,Mixed
T1436,Tech_T1436,6,Day
T1437,Tech_T1437,4,Mixed
T1438,Tech_T1438,6,Mixed
T1439,Tech_T1439,10,Day
T1440,Tech_T1440,3,Mixed
T1441,Tech_T1441,6,Evening
T1442,Tech_T1442,9,Mixed
T1443,Tech_T1443,8,Day
T1444,Tech_T1444,9,Mixed
T1445,Tech_T1445,7,Mixed
T1446,Tech_T1446,3,Mixed
T1447,Tech_T1447,8,Day
T1448,Tech_T1448,10,Evening
T1449,Tech_T1449,2,Mixed
T1450,Tech_T1450,8,Mixed
T1451,Tech_T1451,8,Evening
T1452,Tech_T1452,8,Day
T1453,Tech_T1453,2,Mixed
T1454,Tech_T1454,1,Evening
T1455,Tech_T1455,9,Mixed
T1456,Tech_T1456,5,Mixed
T1457,Tech_T1457,7,Day
T1458,Tech_T1458,3,Mixed
T1459,Tech_T1459,6,Day
T1460,Tech_T1460,8,Day
T1461,Tech_T1461,9,Day
T1462,Tech_T1462,3,Mixed
T1463,Tech_T1463,1,Mixed
T1464,Tech_T1464,8,Mixed
T1465,Tech_T1465,7,Day
T1466,Tech_T1466,5,Day
T1467,Tech_T1467,3,Day
T1468,Tech_T1468,7,Evening
T1469,Tech_T1469,4,Mixed
T1470,Tech_T1470,9,Mixed
T1471,Tech_T1471,5,Day
T1472,Tech_T1472,9,Mixed
T1473,Tech_T1473,7,Day
T1474,Tech_T1474,9,Mixed
T1475,Tech_T1475,9,Day
T1476,Tech_T1476,7,Day
T1477,Tech_T1477,4,Mixed
T1478,Tech_T1478,3,Day
T1479,Tech_T1479,9,Mixed
T1480,Tech_T1480,2,Day
T1481,Tech_T1481,8,Mixed
T1482,Tech_T1482,1,Mixed
T1483,Tech_T1483,10,Day
T1484,Tech_T1484,7,Day
T1485,Tech_T1485,2,Day
T1486,Tech_T1486,10,Day
T1487,Tech_T1487,3,Mixed
T1488,Tech_T1488,2,Mixed
T1489,Tech_T1489,5,Evening
T1490,Tech_T1490,8,Day
T1491,Tech_T1491,1,Evening
T1492,Tech_T1492,1,Day
T1493,Tech_T1493,8,Day
T1494,Tech_T1494,2,Evening
T1495,Tech_T1495,8,Evening
T1496,Tech_T1496,3,Mixed
T1497,Tech_T1497,4,Mixed
T1498,Tech_T1498,7,Evening
T1499,Tech_T1499,2,Mixed
T1500,Tech_T1500,4,Evening
T1501,Tech_T1501,1,Day
T1502,Tech_T1502,3,Mixed
T1503,Tech_T1503,7,Evening
T1504,Tech_T1504,8,Evening
T1505,Tech_T1505,3,Mixed
T1506,Tech_T1506,7,Mixed
T1507,Tech_T1507,2,Mixed
T1508,Tech_T1508,2,Evening
T1509,Tech_T1509,9,Mixed
T1510,Tech_T1510,10,Day
T1511,Tech_T1511,7,Evening
T1512,Tech_T1512,1,Evening
T1513,Tech_T1513,2,Mixed
T1514,Tech_T1514,9,Mixed
T1515,Tech_T1515,9,Evening
T1516,Tech_T1516,1,Mixed
T1517,Tech_T1517,6,Day
T1518,Tech_T1518,6,Mixed
T1519,Tech_T1519,9,Mixed
T1520,Tech_T1520,7,Mixed
T1521,Tech_T1521,9,Mixed
T1522,Tech_T1522,3,Mixed
T1523,Tech_T1523,8,Evening
T1524,Tech_T1524,10,Evening
T1525,Tech_T1525,6,Mixed
T1526,Tech_T1526,10,Mixed
T1527,Tech_T1527,9,Day
T1528,Tech_T1528,9,Mixed
T1529,Tech_T1529,4,Mixed
T1530,Tech_T1530,9,Day
T1531,Tech_T1531,9,Day
T1532,Tech_T1532,5,Evening
T1533,Tech_T1533,1,Day
T1534,Tech_T1534,2,Evening
T1535,Tech_T1535,3,Mixed
T1536,Tech_T1536,5,Mixed
T1537,Tech_T1537,8,Evening
T1538,Tech_T1538,1,Mixed
T1539,Tech_T1539,7,Evening
T1540,Tech_T1540,10,Mixed
T1541,Tech_T1541,5,Day
T1542,Tech_T1542,7,Mixed
T1543,Tech_T1543,9,Day
T1544,Tech_T1544,10,Evening
T1545,Tech_T1545,2,Day
T1546,Tech_T1546,6,Mixed
T1547,Tech_T1547,3,Day
T1548,Tech_T1548,3,Evening
T1549,Tech_T1549,8,Day
T1550,Tech_T1550,7,Mixed
T1551,Tech_T1551,2,Evening
T1552,Tech_T1552,5,Day
T1553,Tech_T1553,6,Mixed
T1554,Tech_T1554,3,Mixed
T1555,Tech_T1555,1,Mixed
T1556,Tech_T1556,9,Mixed
T1557,Tech_T1557,8,Mixed
T1558,Tech_T1558,9,Evening
T1559,Tech_T1559,1,Mixed
T1560,Tech_T1560,8,Evening
T1561,Tech_T1561,8,Day
T1562,Tech_T1562,8,Day
T1563,Tech_T1563,10,Mixed
T1564,Tech_T1564,10,Mixed
T1565,Tech_T1565,8,Day
T1566,Tech_T1566,8,Day
T1567,Tech_T1567,8,Evening
T1568,Tech_T1568,2,Day
T1569,Tech_T1569,2,Mixed
T1570,Tech_T1570,2,Day
T1571,Tech_T1571,3,Evening
T1572,Tech_T1572,2,Evening
T1573,Tech_T1573,9,Evening
T1574,Tech_T1574,9,Mixed
T1575,Tech_T1575,7,Mixed
T1576,Tech_T1576,5,Day
T1577,Tech_T1577,10,Mixed
T1578,Tech_T1578,6,Evening
T1579,Tech_T1579,2,Day
T1580,Tech_T1580,1,Mixed
T1581,Tech_T1581,2,Mixed
T1582,Tech_T1582,2,Evening
T1583,Tech_T1583,10,Mixed
T1584,Tech_T1584,5,Day
T1585,Tech_T1585,8,Day
T1586,Tech_T1586,3,Day
T1587,Tech_T1587,2,Mixed
T1588,Tech_T1588,8,Mixed
T1589,Tech_T1589,9,Day
T1590,Tech_T1590,9,Evening
T1591,Tech_T1591,7,Evening
T1592,Tech_T1592,2,Day
T1593,Tech_T1593,5,Mixed
T1594,Tech_T1594,9,Evening
T1595,Tech_T1595,3,Mixed
T1596,Tech_T1596,10,Day
T1597,Tech_T1597,9,Evening
T1598,Tech_T1598,5,Evening
T1599,Tech_T1599,8,Day
T1600,Tech_T1600,2,Day
T1601,Tech_T1601,6,Day
T1602,Tech_T1602,8,Mixed
T1603,Tech_T1603,6,Mixed
T1604,Tech_T1604,10,Mixed
T1605,Tech_T1605,6,Day
T1606,Tech_T1606,4,Day
T1607,Tech_T1607,1,Day
T1608,Tech_T1608,8,Mixed
T1609,Tech_T1609,9,Mixed
T1610,Tech_T1610,6,Day
T1611,Tech_T1611,6,Mixed
T1612,Tech_T1612,2,Mixed
T1613,Tech_T1613,9,Mixed
T1614,Tech_T1614,8,Evening
T1615,Tech_T1615,3,Evening
T1616,Tech_T1616,10,Day
T1617,Tech_T1617,3,Day
T1618,Tech_T1618,9,Day
T1619,Tech_T1619,6,Day
T1620,Tech_T1620,7,Day
T1621,Tech_T1621,10,Mixed
T1622,Tech_T1622,7,Day
T1623,Tech_T1623,5,Evening
T1624,Tech_T1624,9,Evening
T1625,Tech_T1625,5,Mixed
T1626,Tech_T1626,4,Day
T1627,Tech_T1627,10,Day
T1628,Tech_T1628,7,Day
T1629,Tech_T1629,3,Mixed
T1630,Tech_T1630,3,Evening
T1631,Tech_T1631,3,Mixed
T1632,Tech_T1632,7,Evening
T1633,Tech_T1633,5,Evening
T1634,Tech_T1634,6,Day
T1635,Tech_T1635,2,Evening
T1636,Tech_T1636,4,Day
T1637,Tech_T1637,6,Day
T1638,Tech_T1638,6,Evening
T1639,Tech_T1639,10,Mixed
T1640,Tech_T1640,5,Evening
T1641,Tech_T1641,4,Mixed
T1642,Tech_T1642,3,Mixed
T1643,Tech_T1643,7,Mixed
T1644,Tech_T1644,6,Mixed
T1645,Tech_T1645,2,Day
T1646,Tech_T1646,9,Evening
T1647,Tech_T1647,7,Day
T1648,Tech_T1648,8,Mixed
T1649,Tech_T1649,8,Day
T1650,Tech_T1650,6,Evening
T1651,Tech_T1651,5,Evening
T1652,Tech_T1652,9,Mixed
T1653,Tech_T1653,9,Mixed
T1654,Tech_T1654,5,Evening
T1655,Tech_T1655,10,Mixed
T1656,Tech_T1656,1,Evening
T1657,Tech_T1657,10,Mixed
T1658,Tech_T1658,2,Mixed
T1659,Tech_T1659,3,Mixed
T1660,Tech_T1660,7,Mixed
T1661,Tech_T1661,6,Day
T1662,Tech_T1662,6,Day
T1663,Tech_T1663,2,Day
T1664,Tech_T1664,1,Day
T1665,Tech_T1665,3,Evening
T1666,Tech_T1666,9,Mixed
T1667,Tech_T1667,2,Mixed
T1668,Tech_T1668,10,Mixed
T1669,Tech_T1669,8,Evening
T1670,Tech_T1670,8,Mixed
T1671,Tech_T1671,9,Evening
T1672,Tech_T1672,4,Day
T1673,Tech_T1673,4,Evening
T1674,Tech_T1674,1,Day
T1675,Tech_T1675,2,Day
T1676,Tech_T1676,7,Evening
T1677,Tech_T1677,8,Evening
T1678,Tech_T1678,9,Day
T1679,Tech_T1679,5,Evening
T1680,Tech_T1680,5,Mixed
T1681,Tech_T1681,6,Day
T1682,Tech_T1682,10,Evening
T1683,Tech_T1683,1,Mixed
T1684,Tech_T1684,10,Mixed
T1685,Tech_T1685,5,Evening
T1686,Tech_T1686,6,Day
T1687,Tech_T1687,5,Evening
T1688,Tech_T1688,1,Evening
T1689,Tech_T1689,10,Mixed
T1690,Tech_T1690,5,Day
T1691,Tech_T1691,8,Evening
T1692,Tech_T1692,8,Evening
T1693,Tech_T1693,1,Mixed
T1694,Tech_T1694,7,Evening
T1695,Tech_T1695,3,Evening
T1696,Tech_T1696,10,Day
T1697,Tech_T1697,4,Mixed
T1698,Tech_T1698,7,Evening
T1699,Tech_T1699,7,Mixed
T1700,Tech_T1700,7,Evening
T1701,Tech_T1701,6,Evening
T1702,Tech_T1702,9,Evening
T1703,Tech_T1703,4,Mixed
T1704,Tech_T1704,9,Evening
T1705,Tech_T1705,3,Evening
T1706,Tech_T1706,3,Day
T1707,Tech_T1707,8,Evening
T1708,Tech_T1708,9,Evening
T1709,Tech_T1709,1,Mixed
T1710,Tech_T1710,4,Mixed
T1711,Tech_T1711,10,Evening
T1712,Tech_T1712,1,Mixed
T1713,Tech_T1713,10,Mixed
T1714,Tech_T1714,5,Mixed
T1715,Tech_T1715,9,Evening
T1716,Tech_T1716,5,Day
T1717,Tech_T1717,8,Evening
T1718,Tech_T1718,4,Day
T1719,Tech_T1719,2,Mixed
T1720,Tech_T1720,1,Evening
T1721,Tech_T1721,3,Evening
T1722,Tech_T1722,7,Mixed
T1723,Tech_T1723,8,Mixed
T1724,Tech_T1724,5,Mixed
T1725,Tech_T1725,2,Mixed
T1726,Tech_T1726,9,Evening
T1727,Tech_T1727,10,Evening
T1728,Tech_T1728,5,Mixed
T1729,Tech_T1729,6,Evening
T1730,Tech_T1730,10,Evening
T1731,Tech_T1731,6,Evening
T1732,Tech_T1732,7,Evening
T1733,Tech_T1733,4,Evening
T1734,Tech_T1734,6,Day
T1735,Tech_T1735,6,Day
T1736,Tech_T1736,9,Evening
T1737,Tech_T1737,3,Evening
T1738,Tech_T1738,5,Evening
T1739,Tech_T1739,10,Mixed
T1740,Tech_T1740,5,Day
T1741,Tech_T1741,9,Day
T1742,Tech_T1742,6,Evening
T1743,Tech_T1743,1,Day
T1744,Tech_T1744,3,Day
T1745,Tech_T1745,8,Day
T1746,Tech_T1746,2,Mixed
T1747,Tech_T1747,3,Day
T1748,Tech_T1748,10,Evening
T1749,Tech_T1749,1,Evening
T1750,Tech_T1750,7,Day
T1751,Tech_T1751,3,Mixed
T1752,Tech_T1752,5,Day
T1753,Tech_T1753,8,Day
T1754,Tech_T1754,9,Mixed
T1755,Tech_T1755,1,Day
T1756,Tech_T1756,1,Mixed
T1757,Tech_T1757,1,Evening
T1758,Tech_T1758,5,Day
T1759,Tech_T1759,8,Evening
T1760,Tech_T1760,5,Day
T1761,Tech_T1761,4,Evening
T1762,Tech_T1762,4,Mixed
T1763,Tech_T1763,5,Mixed
T1764,Tech_T1764,8,Mixed
T1765,Tech_T1765,9,Mixed
T1766,Tech_T1766,2,Evening
T1767,Tech_T1767,8,Mixed
T1768,Tech_T1768,3,Mixed
T1769,Tech_T1769,3,Mixed
T1770,Tech_T1770,5,Day
T1771,Tech_T1771,8,Evening
T1772,Tech_T1772,5,Day
T1773,Tech_T1773,7,Day
T1774,Tech_T1774,10,Evening
T1775,Tech_T1775,9,Day
T1776,Tech_T1776,8,Day
T1777,Tech_T1777,10,Mixed
T1778,Tech_T1778,6,Mixed
T1779,Tech_T1779,6,Evening
T1780,Tech_T1780,4,Evening
T1781,Tech_T1781,9,Evening
T1782,Tech_T1782,9,Evening
T1783,Tech_T1783,5,Day
T1784,Tech_T1784,1,Day
T1785,Tech_T1785,9,Evening
T1786,Tech_T1786,10,Day
T1787,Tech_T1787,8,Day
T1788,Tech_T1788,5,Day
T1789,Tech_T1789,9,Mixed
T1790,Tech_T1790,7,Mixed
T1791,Tech_T1791,10,Day
T1792,Tech_T1792,9,Mixed
T1793,Tech_T1793,5,Mixed
T1794,Tech_T1794,10,Day
T1795,Tech_T1795,8,Mixed
T1796,Tech_T1796,7,Day
T1797,Tech_T1797,3,Evening
T1798,Tech_T1798,9,Evening
T1799,Tech_T1799,9,Day
T1800,Tech_T1800,5,Day
T1801,Tech_T1801,2,Day
T1802,Tech_T1802,4,Evening
T1803,Tech_T1803,4,Mixed
T1804,Tech_T1804,8,Day
T1805,Tech_T1805,8,Mixed
T1806,Tech_T1806,1,Evening
T1807,Tech_T1807,5,Day
T1808,Tech_T1808,2,Evening
T1809,Tech_T1809,9,Evening
T1810,Tech_T1810,1,Day
T1811,Tech_T1811,10,Mixed
T1812,Tech_T1812,1,Day
T1813,Tech_T1813,5,Evening
T1814,Tech_T1814,7,Day
T1815,Tech_T1815,6,Mixed
T1816,Tech_T1816,1,Day
T1817,Tech_T1817,6,Evening
T1818,Tech_T1818,4,Mixed
T1819,Tech_T1819,10,Mixed
T1820,Tech_T1820,7,Mixed
T1821,Tech_T1821,2,Evening
T1822,Tech_T1822,7,Mixed
T1823,Tech_T1823,2,Mixed
T1824,Tech_T1824,9,Mixed
T1825,Tech_T1825,1,Mixed
T1826,Tech_T1826,8,Evening
T1827,Tech_T1827,2,Mixed
T1828,Tech_T1828,8,Day
T1829,Tech_T1829,8,Evening
T1830,Tech_T1830,7,Day
T1831,Tech_T1831,4,Mixed
T1832,Tech_T1832,2,Mixed
T1833,Tech_T1833,8,Day
T1834,Tech_T1834,9,Mixed
T1835,Tech_T1835,6,Evening
T1836,Tech_T1836,10,Day
T1837,Tech_T1837,5,Day
T1838,Tech_T1838,8,Day
T1839,Tech_T1839,4,Evening
T1840,Tech_T1840,9,Mixed
T1841,Tech_T1841,3,Evening
T1842,Tech_T1842,2,Evening
T1843,Tech_T1843,3,Day
T1844,Tech_T1844,1,Evening
T1845,Tech_T1845,8,Day
T1846,Tech_T1846,10,Mixed
T1847,Tech_T1847,3,Evening
T1848,Tech_T1848,6,Mixed
T1849,Tech_T1849,8,Mixed
T1850,Tech_T1850,1,Day
T1851,Tech_T1851,4,Evening
T1852,Tech_T1852,3,Day
T1853,Tech_T1853,2,Day
T1854,Tech_T1854,3,Evening
T1855,Tech_T1855,7,Day
T1856,Tech_T1856,5,Day
T1857,Tech_T1857,3,Day
T1858,Tech_T1858,6,Day
T1859,Tech_T1859,4,Mixed
T1860,Tech_T1860,7,Day
T1861,Tech_T1861,5,Day
T1862,Tech_T1862,10,Mixed
T1863,Tech_T1863,4,Evening
T1864,Tech_T1864,9,Mixed
T1865,Tech_T1865,10,Day
T1866,Tech_T1866,2,Day
T1867,Tech_T1867,2,Mixed
T1868,Tech_T1868,2,Evening
T1869,Tech_T1869,5,Evening
T1870,Tech_T1870,5,Day
T1871,Tech_T1871,5,Mixed
T1872,Tech_T1872,4,Day
T1873,Tech_T1873,10,Mixed
T1874,Tech_T1874,7,Mixed
T1875,Tech_T1875,3,Evening
T1876,Tech_T1876,8,Mixed
T1877,Tech_T1877,2,Evening
T1878,Tech_T1878,10,Evening
T1879,Tech_T1879,5,Evening
T1880,Tech_T1880,4,Evening
T1881,Tech_T1881,6,Day
T1882,Tech_T1882,7,Evening
T1883,Tech_T1883,5,Evening
T1884,Tech_T1884,2,Mixed
T1885,Tech_T1885,9,Day
T1886,Tech_T1886,1,Day
T1887,Tech_T1887,7,Mixed
T1888,Tech_T1888,8,Mixed
T1889,Tech_T1889,3,Evening
T1890,Tech_T1890,1,Mixed
T1891,Tech_T1891,1,Day
T1892,Tech_T1892,5,Evening
T1893,Tech_T1893,1,Day
T1894,Tech_T1894,8,Mixed
T1895,Tech_T1895,3,Evening
T1896,Tech_T1896,4,Evening
T1897,Tech_T1897,8,Day
T1898,Tech_T1898,10,Day
T1899,Tech_T1899,3,Evening
T1900,Tech_T1900,7,Mixed
T1901,Tech_T1901,5,Evening
T1902,Tech_T1902,1,Mixed
T1903,Tech_T1903,5,Day
T1904,Tech_T1904,2,Day
T1905,Tech_T1905,9,Evening
T1906,Tech_T1906,7,Day
T1907,Tech_T1907,4,Evening
T1908,Tech_T1908,4,Evening
T1909,Tech_T1909,3,Day
T1910,Tech_T1910,10,Evening
T1911,Tech_T1911,4,Mixed
T1912,Tech_T1912,1,Day
T1913,Tech_T1913,4,Mixed
T1914,Tech_T1914,3,Mixed
T1915,Tech_T1915,7,Day
T1916,Tech_T1916,10,Mixed
T1917,Tech_T1917,7,Evening
T1918,Tech_T1918,7,Day
T1919,Tech_T1919,5,Evening
T1920,Tech_T1920,10,Day
T1921,Tech_T1921,6,Evening
T1922,Tech_T1922,5,Mixed
T1923,Tech_T1923,5,Evening
T1924,Tech_T1924,10,Evening
T1925,Tech_T1925,9,Mixed
T1926,Tech_T1926,1,Day
T1927,Tech_T1927,5,Evening
T1928,Tech_T1928,4,Day
T1929,Tech_T1929,7,Evening
T1930,Tech_T1930,1,Mixed
T1931,Tech_T1931,9,Day
T1932,Tech_T1932,6,Mixed
T1933,Tech_T1933,7,Evening
T1934,Tech_T1934,10,Mixed
T1935,Tech_T1935,7,Mixed
T1936,Tech_T1936,7,Mixed
T1937,Tech_T1937,9,Mixed
T1938,Tech_T1938,4,Evening
T1939,Tech_T1939,10,Day
T1940,Tech_T1940,3,Evening
T1941,Tech_T1941,9,Day
T1942,Tech_T1942,7,Evening
T1943,Tech_T1943,1,Day
T1944,Tech_T1944,4,Mixed
T1945,Tech_T1945,9,Mixed
T1946,Tech_T1946,1,Day
T1947,Tech_T1947,5,Evening
T1948,Tech_T1948,1,Evening
T1949,Tech_T1949,7,Evening
T1950,Tech_T1950,5,Day
T1951,Tech_T1951,1,Evening
T1952,Tech_T1952,8,Day
T1953,Tech_T1953,1,Evening
T1954,Tech_T1954,4,Evening
T1955,Tech_T1955,7,Evening
T1956,Tech_T1956,3,Evening
T1957,Tech_T1957,7,Mixed
T1958,Tech_T1958,5,Mixed
T1959,Tech_T1959,6,Mixed
T1960,Tech_T1960,6,Mixed
T1961,Tech_T1961,3,Evening
T1962,Tech_T1962,7,Mixed
T1963,Tech_T1963,10,Day
T1964,Tech_T1964,3,Evening
T1965,Tech_T1965,5,Mixed
T1966,Tech_T1966,4,Day
T1967,Tech_T1967,3,Day
T1968,Tech_T1968,4,Mixed
T1969,Tech_T1969,10,Mixed
T1970,Tech_T1970,8,Day
T1971,Tech_T1971,4,Day
T1972,Tech_T1972,1,Day
T1973,Tech_T1973,10,Mixed
T1974,Tech_T1974,9,Day
T1975,Tech_T1975,9,Day
T1976,Tech_T1976,5,Day
T1977,Tech_T1977,5,Mixed
T1978,Tech_T1978,7,Day
T1979,Tech_T1979,5,Day
T1980,Tech_T1980,8,Day
T1981,Tech_T1981,6,Day
T1982,Tech_T1982,1,Day
T1983,Tech_T1983,6,Evening
T1984,Tech_T1984,2,Mixed
T1985,Tech_T1985,4,Day
T1986,Tech_T1986,6,Day
T1987,Tech_T1987,5,Mixed
T1988,Tech_T1988,3,Day
T1989,Tech_T1989,1,Mixed
T1990,Tech_T1990,10,Mixed
T1991,Tech_T1991,4,Evening
T1992,Tech_T1992,10,Evening
T1993,Tech_T1993,4,Evening
T1994,Tech_T1994,10,Evening
T1995,Tech_T1995,8,Evening
T1996,Tech_T1996,6,Day
T1997,Tech_T1997,8,Day
T1998,Tech_T1998,10,Evening
T1999,Tech_T1999,6,Mixed
T2000,Tech_T2000,4,Day
T2001,Tech_T2001,7,Day
T2002,Tech_T2002,8,Mixed
T2003,Tech_T2003,5,Day
T2004,Tech_T2004,10,Evening
T2005,Tech_T2005,4,Evening
T2006,Tech_T2006,7,Mixed
T2007,Tech_T2007,9,Day
T2008,Tech_T2008,4,Day
T2009,Tech_T2009,5,Evening
T2010,Tech_T2010,1,Evening
T2011,Tech_T2011,2,Mixed
T2012,Tech_T2012,8,Evening
T2013,Tech_T2013,7,Day
T2014,Tech_T2014,5,Day
T2015,Tech_T2015,5,Mixed
T2016,Tech_T2016,4,Day
T2017,Tech_T2017,6,Mixed
T2018,Tech_T2018,7,Day
T2019,Tech_T2019,3,Day
T2020,Tech_T2020,4,Day
T2021,Tech_T2021,9,Mixed
T2022,Tech_T2022,4,Evening
T2023,Tech_T2023,6,Evening
T2024,Tech_T2024,4,Evening
T2025,Tech_T2025,7,Day
T2026,Tech_T2026,3,Evening
T2027,Tech_T2027,8,Evening
T2028,Tech_T2028,6,Day
T2029,Tech_T2029,2,Evening
T2030,Tech_T2030,2,Evening
T2031,Tech_T2031,6,Mixed
T2032,Tech_T2032,7,Day
T2033,Tech_T2033,3,Mixed
T2034,Tech_T2034,3,Mixed
T2035,Tech_T2035,8,Day
T2036,Tech_T2036,9,Evening
T2037,Tech_T2037,9,Day
T2038,Tech_T2038,3,Day
T2039,Tech_T2039,2,Evening
T2040,Tech_T2040,7,Evening
T2041,Tech_T2041,5,Mixed
T2042,Tech_T2042,2,Evening
T2043,Tech_T2043,10,Day
T2044,Tech_T2044,3,Evening
T2045,Tech_T2045,2,Day
T2046,Tech_T2046,3,Day
T2047,Tech_T2047,6,Mixed
T2048,Tech_T2048,7,Mixed
T2049,Tech_T2049,6,Mixed
T2050,Tech_T2050,4,Evening
T2051,Tech_T2051,1,Day
T2052,Tech_T2052,4,Day
T2053,Tech_T2053,10,Mixed
T2054,Tech_T2054,6,Day
T2055,Tech_T2055,3,Evening
T2056,Tech_T2056,8,Evening
T2057,Tech_T2057,8,Day
T2058,Tech_T2058,6,Mixed
T2059,Tech_T2059,4,Day
T2060,Tech_T2060,10,Evening
T2061,Tech_T2061,2,Evening
T2062,Tech_T2062,6,Mixed
T2063,Tech_T2063,10,Evening
T2064,Tech_T2064,10,Mixed
T2065,Tech_T2065,7,Day
T2066,Tech_T2066,1,Evening
T2067,Tech_T2067,8,Day
T2068,Tech_T2068,5,Evening
T2069,Tech_T2069,5,Evening
T2070,Tech_T2070,1,Mixed
T2071,Tech_T2071,1,Mixed
T2072,Tech_T2072,1,Day
T2073,Tech_T2073,5,Evening
T2074,Tech_T2074,4,Day
T2075,Tech_T2075,6,Mixed
T2076,Tech_T2076,2,Evening
T2077,Tech_T2077,9,Evening
T2078,Tech_T2078,3,Mixed
T2079,Tech_T2079,3,Day
T2080,Tech_T2080,2,Day
T2081,Tech_T2081,8,Mixed
T2082,Tech_T2082,4,Day
T2083,Tech_T2083,8,Day
T2084,Tech_T2084,1,Day
T2085,Tech_T2085,5,Day
T2086,Tech_T2086,6,Evening
T2087,Tech_T2087,2,Day
T2088,Tech_T2088,5,Day
T2089,Tech_T2089,7,Day
T2090,Tech_T2090,8,Day
T2091,Tech_T2091,5,Day
T2092,Tech_T2092,3,Mixed
T2093,Tech_T2093,5,Day
T2094,Tech_T2094,4,Mixed
T2095,Tech_T2095,6,Mixed
T2096,Tech_T2096,4,Mixed
T2097,Tech_T2097,10,Evening
T2098,Tech_T2098,8,Evening
T2099,Tech_T2099,7,Day
T2100,Tech_T2100,7,Day
T2101,Tech_T2101,9,Day
T2102,Tech_T2102,6,Mixed
T2103,Tech_T2103,5,Mixed
T2104,Tech_T2104,5,Evening
T2105,Tech_T2105,3,Day
T2106,Tech_T2106,1,Mixed
T2107,Tech_T2107,10,Day
T2108,Tech_T2108,6,Evening
T2109,Tech_T2109,3,Day
T2110,Tech_T2110,10,Day
T2111,Tech_T2111,7,Mixed
T2112,Tech_T2112,8,Evening
T2113,Tech_T2113,10,Evening
T2114,Tech_T2114,8,Day
T2115,Tech_T2115,4,Mixed
T2116,Tech_T2116,2,Evening
T2117,Tech_T2117,4,Evening
T2118,Tech_T2118,6,Mixed
T2119,Tech_T2119,7,Evening
T2120,Tech_T2120,2,Day
T2121,Tech_T2121,5,Evening
T2122,Tech_T2122,1,Day
T2123,Tech_T2123,2,Evening
T2124,Tech_T2124,7,Day
T2125,Tech_T2125,10,Mixed
T2126,Tech_T2126,7,Mixed
T2127,Tech_T2127,10,Evening
T2128,Tech_T2128,8,Mixed
T2129,Tech_T2129,5,Evening
T2130,Tech_T2130,10,Evening
T2131,Tech_T2131,3,Evening
T2132,Tech_T2132,7,Evening
T2133,Tech_T2133,8,Day
T2134,Tech_T2134,9,Mixed
T2135,Tech_T2135,8,Evening
T2136,Tech_T2136,2,Day
T2137,Tech_T2137,10,Day
T2138,Tech_T2138,9,Evening
T2139,Tech_T2139,10,Mixed
T2140,Tech_T2140,7,Evening
T2141,Tech_T2141,7,Day
T2142,Tech_T2142,4,Day
T2143,Tech_T2143,2,Mixed
T2144,Tech_T2144,10,Evening
T2145,Tech_T2145,1,Mixed
T2146,Tech_T2146,7,Mixed
T2147,Tech_T2147,1,Mixed
T2148,Tech_T2148,4,Day
T2149,Tech_T2149,4,Mixed
T2150,Tech_T2150,6,Mixed
T2151,Tech_T2151,4,Evening
T2152,Tech_T2152,9,Evening
T2153,Tech_T2153,1,Day
T2154,Tech_T2154,9,Day
T2155,Tech_T2155,8,Mixed
T2156,Tech_T2156,10,Day
T2157,Tech_T2157,1,Evening
T2158,Tech_T2158,1,Mixed
T2159,Tech_T2159,10,Mixed
T2160,Tech_T2160,7,Day
T2161,Tech_T2161,5,Day
T2162,Tech_T2162,1,Evening
T2163,Tech_T2163,8,Day
T2164,Tech_T2164,5,Evening
T2165,Tech_T2165,5,Evening
T2166,Tech_T2166,5,Day
T2167,Tech_T2167,1,Evening
T2168,Tech_T2168,10,Day
T2169,Tech_T2169,7,Evening
T2170,Tech_T2170,7,Day
T2171,Tech_T2171,4,Evening
T2172,Tech_T2172,6,Mixed
T2173,Tech_T2173,2,Mixed
T2174,Tech_T2174,1,Evening
T2175,Tech_T2175,2,Day
T2176,Tech_T2176,1,Mixed
T2177,Tech_T2177,9,Evening
T2178,Tech_T2178,3,Mixed
T2179,Tech_T2179,4,Day
T2180,Tech_T2180,6,Evening
T2181,Tech_T2181,6,Mixed
T2182,Tech_T2182,9,Evening
T2183,Tech_T2183,9,Mixed
T2184,Tech_T2184,3,Mixed
T2185,Tech_T2185,9,Mixed
T2186,Tech_T2186,10,Mixed
T2187,Tech_T2187,8,Evening
T2188,Tech_T2188,6,Day
T2189,Tech_T2189,7,Evening
T2190,Tech_T2190,4,Day
T2191,Tech_T2191,8,Mixed
T2192,Tech_T2192,10,Day
T2193,Tech_T2193,5,Day
T2194,Tech_T2194,2,Day
T2195,Tech_T2195,6,Mixed
T2196,Tech_T2196,9,Day
T2197,Tech_T2197,6,Evening
T2198,Tech_T2198,3,Evening
T2199,Tech_T2199,8,Day
T2200,Tech_T2200,3,Mixed
T2201,Tech_T2201,2,Mixed
T2202,Tech_T2202,6,Evening
T2203,Tech_T2203,8,Mixed
T2204,Tech_T2204,7,Mixed
T2205,Tech_T2205,4,Evening
T2206,Tech_T2206,1,Mixed
T2207,Tech_T2207,10,Day
T2208,Tech_T2208,8,Evening
T2209,Tech_T2209,10,Evening
T2210,Tech_T2210,10,Evening
T2211,Tech_T2211,2,Evening
T2212,Tech_T2212,4,Mixed
T2213,Tech_T2213,6,Day
T2214,Tech_T2214,2,Evening
T2215,Tech_T2215,1,Day
T2216,Tech_T2216,5,Mixed
T2217,Tech_T2217,3,Mixed
T2218,Tech_T2218,6,Day
T2219,Tech_T2219,3,Mixed
T2220,Tech_T2220,10,Mixed
T2221,Tech_T2221,9,Day
T2222,Tech_T2222,4,Mixed
T2223,Tech_T2223,10,Day
T2224,Tech_T2224,3,Evening
T2225,Tech_T2225,4,Mixed
T2226,Tech_T2226,6,Day
T2227,Tech_T2227,6,Evening
T2228,Tech_T2228,7,Mixed
T2229,Tech_T2229,2,Evening
T2230,Tech_T2230,8,Evening
T2231,Tech_T2231,4,Mixed
T2232,Tech_T2232,1,Evening
T2233,Tech_T2233,8,Mixed
T2234,Tech_T2234,6,Evening
T2235,Tech_T2235,2,Evening
T2236,Tech_T2236,10,Day
T2237,Tech_T2237,10,Evening
T2238,Tech_T2238,9,Day
T2239,Tech_T2239,9,Mixed
T2240,Tech_T2240,3,Mixed
T2241,Tech_T2241,2,Mixed
T2242,Tech_T2242,6,Evening
T2243,Tech_T2243,9,Mixed
T2244,Tech_T2244,3,Evening
T2245,Tech_T2245,8,Day
T2246,Tech_T2246,1,Day
T2247,Tech_T2247,2,Day
T2248,Tech_T2248,2,Evening
T2249,Tech_T2249,7,Day
T2250,Tech_T2250,5,Evening
T2251,Tech_T2251,6,Evening
T2252,Tech_T2252,5,Mixed
T2253,Tech_T2253,5,Mixed
T2254,Tech_T2254,4,Mixed
T2255,Tech_T2255,4,Day
T2256,Tech_T2256,8,Evening
T2257,Tech_T2257,9,Evening
T2258,Tech_T2258,1,Evening
T2259,Tech_T2259,10,Day
T2260,Tech_T2260,4,Mixed
T2261,Tech_T2261,10,Evening
T2262,Tech_T2262,8,Mixed
T2263,Tech_T2263,2,Mixed
T2264,Tech_T2264,8,Day
T2265,Tech_T2265,7,Evening
T2266,Tech_T2266,2,Day
T2267,Tech_T2267,5,Evening
T2268,Tech_T2268,9,Day
T2269,Tech_T2269,10,Evening
T2270,Tech_T2270,10,Day
T2271,Tech_T2271,1,Day
T2272,Tech_T2272,6,Day
T2273,Tech_T2273,8,Day
T2274,Tech_T2274,8,Mixed
T2275,Tech_T2275,2,Day
T2276,Tech_T2276,7,Mixed
T2277,Tech_T2277,8,Mixed
T2278,Tech_T2278,8,Mixed
T2279,Tech_T2279,10,Mixed
T2280,Tech_T2280,8,Evening
T2281,Tech_T2281,5,Evening
T2282,Tech_T2282,4,Day
T2283,Tech_T2283,10,Day
T2284,Tech_T2284,9,Mixed
T2285,Tech_T2285,8,Mixed
T2286,Tech_T2286,6,Day
T2287,Tech_T2287,8,Day
T2288,Tech_T2288,4,Mixed
T2289,Tech_T2289,10,Day
T2290,Tech_T2290,3,Day
T2291,Tech_T2291,5,Mixed
T2292,Tech_T2292,1,Evening
T2293,Tech_T2293,2,Mixed
T2294,Tech_T2294,6,Day
T2295,Tech_T2295,3,Day
T2296,Tech_T2296,2,Evening
T2297,Tech_T2297,8,Day
T2298,Tech_T2298,10,Mixed
T2299,Tech_T2299,1,Day
T2300,Tech_T2300,10,Day
T2301,Tech_T2301,6,Mixed
T2302,Tech_T2302,8,Mixed
T2303,Tech_T2303,5,Day
T2304,Tech_T2304,9,Mixed
T2305,Tech_T2305,9,Mixed
T2306,Tech_T2306,2,Day
T2307,Tech_T2307,8,Mixed
T2308,Tech_T2308,6,Evening
T2309,Tech_T2309,6,Evening
T2310,Tech_T2310,5,Mixed
T2311,Tech_T2311,2,Day
T2312,Tech_T2312,8,Evening
T2313,Tech_T2313,4,Mixed
T2314,Tech_T2314,4,Day
T2315,Tech_T2315,4,Mixed
T2316,Tech_T2316,9,Day
T2317,Tech_T2317,8,Day
T2318,Tech_T2318,10,Day
T2319,Tech_T2319,4,Mixed
T2320,Tech_T2320,1,Evening
T2321,Tech_T2321,2,Day
T2322,Tech_T2322,8,Evening
T2323,Tech_T2323,6,Mixed
T2324,Tech_T2324,7,Evening
T2325,Tech_T2325,2,Evening
T2326,Tech_T2326,10,Evening
T2327,Tech_T2327,4,Day
T2328,Tech_T2328,5,Evening
T2329,Tech_T2329,3,Day
T2330,Tech_T2330,4,Mixed
T2331,Tech_T2331,3,Evening
T2332,Tech_T2332,2,Day
T2333,Tech_T2333,4,Mixed
T2334,Tech_T2334,2,Evening
T2335,Tech_T2335,1,Evening
T2336,Tech_T2336,10,Evening
T2337,Tech_T2337,4,Mixed
T2338,Tech_T2338,4,Mixed
T2339,Tech_T2339,10,Evening
T2340,Tech_T2340,6,Mixed
T2341,Tech_T2341,5,Mixed
T2342,Tech_T2342,2,Evening
T2343,Tech_T2343,4,Mixed
T2344,Tech_T2344,6,Evening
T2345,Tech_T2345,2,Evening
T2346,Tech_T2346,5,Mixed
T2347,Tech_T2347,3,Mixed
T2348,Tech_T2348,9,Day
T2349,Tech_T2349,5,Day
T2350,Tech_T2350,4,Mixed
T2351,Tech_T2351,3,Day
T2352,Tech_T2352,5,Day
T2353,Tech_T2353,2,Day
T2354,Tech_T2354,8,Day
T2355,Tech_T2355,9,Evening
T2356,Tech_T2356,8,Evening
T2357,Tech_T2357,8,Evening
T2358,Tech_T2358,3,Mixed
T2359,Tech_T2359,2,Day
T2360,Tech_T2360,4,Evening
T2361,Tech_T2361,6,Evening
T2362,Tech_T2362,1,Day
T2363,Tech_T2363,6,Day
T2364,Tech_T2364,10,Day
T2365,Tech_T2365,4,Evening
T2366,Tech_T2366,2,Day
T2367,Tech_T2367,4,Day
T2368,Tech_T2368,6,Mixed
T2369,Tech_T2369,6,Mixed
T2370,Tech_T2370,4,Day
T2371,Tech_T2371,5,Evening
T2372,Tech_T2372,5,Day
T2373,Tech_T2373,10,Evening
T2374,Tech_T2374,10,Mixed
T2375,Tech_T2375,4,Evening
T2376,Tech_T2376,7,Evening
T2377,Tech_T2377,7,Mixed
T2378,Tech_T2378,8,Evening
T2379,Tech_T2379,7,Mixed
T2380,Tech_T2380,7,Mixed
T2381,Tech_T2381,8,Day
T2382,Tech_T2382,3,Day
T2383,Tech_T2383,6,Day
T2384,Tech_T2384,9,Mixed
T2385,Tech_T2385,2,Day
T2386,Tech_T2386,8,Mixed
T2387,Tech_T2387,2,Day
T2388,Tech_T2388,1,Day
T2389,Tech_T2389,8,Day
T2390,Tech_T2390,10,Day
T2391,Tech_T2391,10,Evening
T2392,Tech_T2392,4,Day
T2393,Tech_T2393,9,Evening
T2394,Tech_T2394,5,Day
T2395,Tech_T2395,3,Mixed
T2396,Tech_T2396,9,Mixed
T2397,Tech_T2397,4,Evening
T2398,Tech_T2398,1,Day
T2399,Tech_T2399,9,Evening
T2400,Tech_T2400,6,Evening
T2401,Tech_T2401,10,Evening
T2402,Tech_T2402,6,Day
T2403,Tech_T2403,4,Day
T2404,Tech_T2404,9,Evening
T2405,Tech_T2405,5,Day
T2406,Tech_T2406,2,Day
T2407,Tech_T2407,2,Mixed
T2408,Tech_T2408,2,Day
T2409,Tech_T2409,8,Day
T2410,Tech_T2410,5,Evening
T2411,Tech_T2411,9,Evening
T2412,Tech_T2412,3,Day
T2413,Tech_T2413,6,Evening
T2414,Tech_T2414,5,Evening
T2415,Tech_T2415,2,Evening
T2416,Tech_T2416,9,Day
T2417,Tech_T2417,4,Mixed
T2418,Tech_T2418,5,Day
T2419,Tech_T2419,1,Day
T2420,Tech_T2420,1,Evening
T2421,Tech_T2421,2,Day
T2422,Tech_T2422,10,Evening
T2423,Tech_T2423,10,Day
T2424,Tech_T2424,10,Mixed
T2425,Tech_T2425,7,Mixed
T2426,Tech_T2426,5,Mixed
T2427,Tech_T2427,7,Day
T2428,Tech_T2428,5,Day
T2429,Tech_T2429,4,Day
T2430,Tech_T2430,2,Mixed
T2431,Tech_T2431,5,Evening
T2432,Tech_T2432,3,Day
T2433,Tech_T2433,3,Day
T2434,Tech_T2434,6,Mixed
T2435,Tech_T2435,1,Day
T2436,Tech_T2436,3,Day
T2437,Tech_T2437,5,Day
T2438,Tech_T2438,2,Mixed
T2439,Tech_T2439,8,Evening
T2440,Tech_T2440,10,Day
T2441,Tech_T2441,5,Mixed
T2442,Tech_T2442,3,Day
T2443,Tech_T2443,8,Evening
T2444,Tech_T2444,5,Mixed
T2445,Tech_T2445,3,Mixed
T2446,Tech_T2446,4,Mixed
T2447,Tech_T2447,4,Evening
T2448,Tech_T2448,1,Evening
T2449,Tech_T2449,4,Day
T2450,Tech_T2450,7,Day
T2451,Tech_T2451,9,Mixed
T2452,Tech_T2452,6,Evening
T2453,Tech_T2453,5,Evening
T2454,Tech_T2454,6,Evening
T2455,Tech_T2455,3,Mixed
T2456,Tech_T2456,1,Day
T2457,Tech_T2457,7,Day
T2458,Tech_T2458,1,Day
T2459,Tech_T2459,10,Evening
T2460,Tech_T2460,2,Mixed
T2461,Tech_T2461,3,Evening
T2462,Tech_T2462,9,Evening
T2463,Tech_T2463,4,Mixed
T2464,Tech_T2464,1,Day
T2465,Tech_T2465,7,Mixed
T2466,Tech_T2466,4,Mixed
T2467,Tech_T2467,2,Mixed
T2468,Tech_T2468,10,Day
T2469,Tech_T2469,3,Mixed
T2470,Tech_T2470,4,Day
T2471,Tech_T2471,4,Evening
T2472,Tech_T2472,9,Evening
T2473,Tech_T2473,2,Day
T2474,Tech_T2474,8,Evening
T2475,Tech_T2475,3,Evening
T2476,Tech_T2476,10,Evening
T2477,Tech_T2477,5,Evening
T2478,Tech_T2478,2,Mixed
T2479,Tech_T2479,4,Mixed
T2480,Tech_T2480,10,Day
T2481,Tech_T2481,5,Day
T2482,Tech_T2482,7,Mixed
T2483,Tech_T2483,2,Evening
T2484,Tech_T2484,2,Evening
T2485,Tech_T2485,10,Day
T2486,Tech_T2486,5,Evening
T2487,Tech_T2487,9,Mixed
T2488,Tech_T2488,9,Day
T2489,Tech_T2489,1,Day
T2490,Tech_T2490,9,Day
T2491,Tech_T2491,2,Evening
T2492,Tech_T2492,6,Day
T2493,Tech_T2493,2,Day
T2494,Tech_T2494,9,Day
T2495,Tech_T2495,5,Day
T2496,Tech_T2496,9,Day
T2497,Tech_T2497,8,Mixed
T2498,Tech_T2498,4,Day
T2499,Tech_T2499,3,Evening
T2500,Tech_T2500,5,Day
T2501,Tech_T2501,8,Day
T2502,Tech_T2502,3,Mixed
T2503,Tech_T2503,1,Day
T2504,Tech_T2504,3,Day
T2505,Tech_T2505,2,Mixed
T2506,Tech_T2506,5,Evening
T2507,Tech_T2507,2,Mixed
T2508,Tech_T2508,2,Evening
T2509,Tech_T2509,10,Evening
T2510,Tech_T2510,6,Day
T2511,Tech_T2511,6,Evening
T2512,Tech_T2512,1,Evening
T2513,Tech_T2513,3,Evening
T2514,Tech_T2514,7,Mixed
T2515,Tech_T2515,7,Mixed
T2516,Tech_T2516,3,Mixed
T2517,Tech_T2517,10,Day
T2518,Tech_T2518,2,Day
T2519,Tech_T2519,4,Mixed
T2520,Tech_T2520,5,Evening
T2521,Tech_T2521,1,Mixed
T2522,Tech_T2522,8,Evening
T2523,Tech_T2523,10,Mixed
T2524,Tech_T2524,9,Mixed
T2525,Tech_T2525,3,Day
T2526,Tech_T2526,5,Mixed
T2527,Tech_T2527,8,Day
T2528,Tech_T2528,10,Day
T2529,Tech_T2529,3,Day
T2530,Tech_T2530,1,Mixed
T2531,Tech_T2531,1,Evening
T2532,Tech_T2532,2,Mixed
T2533,Tech_T2533,10,Mixed
T2534,Tech_T2534,8,Day
T2535,Tech_T2535,9,Evening
T2536,Tech_T2536,3,Mixed
T2537,Tech_T2537,10,Evening
T2538,Tech_T2538,1,Evening
T2539,Tech_T2539,2,Mixed
T2540,Tech_T2540,3,Mixed
T2541,Tech_T2541,6,Day
T2542,Tech_T2542,3,Mixed
T2543,Tech_T2543,10,Day
T2544,Tech_T2544,8,Day
T2545,Tech_T2545,2,Evening
T2546,Tech_T2546,3,Evening
T2547,Tech_T2547,5,Evening
T2548,Tech_T2548,9,Day
T2549,Tech_T2549,10,Mixed
T2550,Tech_T2550,10,Mixed
T2551,Tech_T2551,1,Day
T2552,Tech_T2552,9,Day
T2553,Tech_T2553,3,Day
T2554,Tech_T2554,4,Day
T2555,Tech_T2555,1,Evening
T2556,Tech_T2556,1,Day
T2557,Tech_T2557,6,Evening
T2558,Tech_T2558,10,Mixed
T2559,Tech_T2559,7,Day
T2560,Tech_T2560,7,Mixed
T2561,Tech_T2561,10,Mixed
T2562,Tech_T2562,2,Evening
T2563,Tech_T2563,5,Day
T2564,Tech_T2564,4,Mixed
T2565,Tech_T2565,9,Evening
T2566,Tech_T2566,7,Mixed
T2567,Tech_T2567,7,Mixed
T2568,Tech_T2568,7,Mixed
T2569,Tech_T2569,7,Day
T2570,Tech_T2570,5,Evening
T2571,Tech_T2571,9,Mixed
T2572,Tech_T2572,8,Day
T2573,Tech_T2573,9,Evening
T2574,Tech_T2574,3,Mixed
T2575,Tech_T2575,6,Day
T2576,Tech_T2576,3,Day
T2577,Tech_T2577,2,Evening
T2578,Tech_T2578,2,Evening
T2579,Tech_T2579,6,Mixed
T2580,Tech_T2580,5,Mixed
T2581,Tech_T2581,10,Mixed
T2582,Tech_T2582,6,Evening
T2583,Tech_T2583,1,Day
T2584,Tech_T2584,8,Mixed
T2585,Tech_T2585,7,Evening
T2586,Tech_T2586,9,Day
T2587,Tech_T2587,7,Mixed
T2588,Tech_T2588,4,Evening
T2589,Tech_T2589,2,Mixed
T2590,Tech_T2590,10,Day
T2591,Tech_T2591,1,Mixed
T2592,Tech_T2592,1,Day
T2593,Tech_T2593,6,Day
T2594,Tech_T2594,2,Mixed
T2595,Tech_T2595,10,Mixed
T2596,Tech_T2596,10,Day
T2597,Tech_T2597,2,Day
T2598,Tech_T2598,1,Day
T2599,Tech_T2599,2,Day
T2600,Tech_T2600,8,Mixed
T2601,Tech_T2601,8,Day
T2602,Tech_T2602,6,Day
T2603,Tech_T2603,2,Mixed
T2604,Tech_T2604,5,Mixed
T2605,Tech_T2605,10,Mixed
T2606,Tech_T2606,8,Mixed
T2607,Tech_T2607,2,Mixed
T2608,Tech_T2608,7,Mixed
T2609,Tech_T2609,5,Mixed
T2610,Tech_T2610,4,Day
T2611,Tech_T2611,9,Day
T2612,Tech_T2612,10,Evening
T2613,Tech_T2613,2,Mixed
T2614,Tech_T2614,4,Day
T2615,Tech_T2615,1,Mixed
T2616,Tech_T2616,10,Day
T2617,Tech_T2617,3,Mixed
T2618,Tech_T2618,10,Mixed
T2619,Tech_T2619,10,Evening
T2620,Tech_T2620,1,Day
T2621,Tech_T2621,5,Evening
T2622,Tech_T2622,4,Mixed
T2623,Tech_T2623,6,Mixed
T2624,Tech_T2624,4,Mixed
T2625,Tech_T2625,9,Day
T2626,Tech_T2626,4,Day
T2627,Tech_T2627,7,Evening
T2628,Tech_T2628,5,Day
T2629,Tech_T2629,5,Mixed
T2630,Tech_T2630,8,Evening
T2631,Tech_T2631,3,Mixed
T2632,Tech_T2632,2,Evening
T2633,Tech_T2633,7,Evening
T2634,Tech_T2634,4,Mixed
T2635,Tech_T2635,2,Evening
T2636,Tech_T2636,3,Evening
T2637,Tech_T2637,3,Evening
T2638,Tech_T2638,5,Day
T2639,Tech_T2639,5,Evening
T2640,Tech_T2640,4,Day
T2641,Tech_T2641,2,Mixed
T2642,Tech_T2642,2,Day
T2643,Tech_T2643,6,Day
T2644,Tech_T2644,3,Mixed
T2645,Tech_T2645,6,Day
T2646,Tech_T2646,7,Day
T2647,Tech_T2647,10,Mixed
T2648,Tech_T2648,2,Day
T2649,Tech_T2649,10,Evening
T2650,Tech_T2650,2,Evening
T2651,Tech_T2651,7,Day
T2652,Tech_T2652,2,Evening
T2653,Tech_T2653,1,Evening
T2654,Tech_T2654,8,Day
T2655,Tech_T2655,6,Evening
T2656,Tech_T2656,2,Mixed
T2657,Tech_T2657,9,Day
T2658,Tech_T2658,4,Evening
T2659,Tech_T2659,6,Evening
T2660,Tech_T2660,6,Mixed
T2661,Tech_T2661,9,Day
T2662,Tech_T2662,7,Mixed
T2663,Tech_T2663,9,Day
T2664,Tech_T2664,8,Mixed
T2665,Tech_T2665,7,Evening
T2666,Tech_T2666,4,Day
T2667,Tech_T2667,9,Evening
T2668,Tech_T2668,6,Evening
T2669,Tech_T2669,9,Mixed
T2670,Tech_T2670,2,Day
T2671,Tech_T2671,9,Evening
T2672,Tech_T2672,9,Day
T2673,Tech_T2673,2,Evening
T2674,Tech_T2674,9,Day
T2675,Tech_T2675,8,Mixed
T2676,Tech_T2676,10,Mixed
T2677,Tech_T2677,9,Day
T2678,Tech_T2678,10,Mixed
T2679,Tech_T2679,2,Day
T2680,Tech_T2680,2,Day
T2681,Tech_T2681,10,Mixed
T2682,Tech_T2682,5,Mixed
T2683,Tech_T2683,10,Evening
T2684,Tech_T2684,2,Evening
T2685,Tech_T2685,4,Mixed
T2686,Tech_T2686,6,Mixed
T2687,Tech_T2687,4,Evening
T2688,Tech_T2688,4,Day
T2689,Tech_T2689,10,Day
T2690,Tech_T2690,4,Evening
T2691,Tech_T2691,8,Evening
T2692,Tech_T2692,5,Mixed
T2693,Tech_T2693,2,Evening
T2694,Tech_T2694,2,Mixed
T2695,Tech_T2695,4,Evening
T2696,Tech_T2696,1,Day
T2697,Tech_T2697,1,Mixed
T2698,Tech_T2698,8,Evening
T2699,Tech_T2699,2,Mixed
T2700,Tech_T2700,9,Day
T2701,Tech_T2701,6,Day
T2702,Tech_T2702,8,Mixed
T2703,Tech_T2703,8,Day
T2704,Tech_T2704,9,Day
T2705,Tech_T2705,10,Evening
T2706,Tech_T2706,2,Day
T2707,Tech_T2707,10,Mixed
T2708,Tech_T2708,3,Day
T2709,Tech_T2709,8,Day
T2710,Tech_T2710,7,Day
T2711,Tech_T2711,3,Day
T2712,Tech_T2712,2,Mixed
T2713,Tech_T2713,3,Evening
T2714,Tech_T2714,2,Evening
T2715,Tech_T2715,9,Day
T2716,Tech_T2716,2,Day
T2717,Tech_T2717,1,Evening
T2718,Tech_T2718,3,Evening
T2719,Tech_T2719,4,Mixed
T2720,Tech_T2720,10,Day
T2721,Tech_T2721,3,Day
T2722,Tech_T2722,6,Evening
T2723,Tech_T2723,5,Mixed
T2724,Tech_T2724,4,Evening
T2725,Tech_T2725,8,Day
T2726,Tech_T2726,4,Evening
T2727,Tech_T2727,7,Evening
T2728,Tech_T2728,1,Evening
T2729,Tech_T2729,2,Day
T2730,Tech_T2730,8,Day
T2731,Tech_T2731,3,Evening
T2732,Tech_T2732,5,Mixed
T2733,Tech_T2733,4,Day
T2734,Tech_T2734,9,Mixed
T2735,Tech_T2735,3,Day
T2736,Tech_T2736,1,Evening
T2737,Tech_T2737,4,Day
T2738,Tech_T2738,9,Evening
T2739,Tech_T2739,1,Evening
T2740,Tech_T2740,6,Day
T2741,Tech_T2741,5,Mixed
T2742,Tech_T2742,2,Day
T2743,Tech_T2743,7,Evening
T2744,Tech_T2744,9,Mixed
T2745,Tech_T2745,7,Mixed
T2746,Tech_T2746,4,Mixed
T2747,Tech_T2747,4,Day
T2748,Tech_T2748,10,Evening
T2749,Tech_T2749,10,Evening
T2750,Tech_T2750,1,Mixed
T2751,Tech_T2751,9,Mixed
T2752,Tech_T2752,4,Evening
T2753,Tech_T2753,8,Evening
T2754,Tech_T2754,6,Day
T2755,Tech_T2755,1,Evening
T2756,Tech_T2756,7,Day
T2757,Tech_T2757,1,Evening
T2758,Tech_T2758,3,Mixed
T2759,Tech_T2759,6,Evening
T2760,Tech_T2760,8,Mixed
T2761,Tech_T2761,2,Day
T2762,Tech_T2762,8,Evening
T2763,Tech_T2763,2,Day
T2764,Tech_T2764,4,Day
T2765,Tech_T2765,1,Day
T2766,Tech_T2766,6,Mixed
T2767,Tech_T2767,4,Day
T2768,Tech_T2768,8,Evening
T2769,Tech_T2769,7,Day
T2770,Tech_T2770,10,Day
T2771,Tech_T2771,10,Evening
T2772,Tech_T2772,2,Day
T2773,Tech_T2773,5,Evening
T2774,Tech_T2774,2,Day
T2775,Tech_T2775,4,Mixed
T2776,Tech_T2776,8,Day
T2777,Tech_T2777,1,Evening
T2778,Tech_T2778,6,Day
T2779,Tech_T2779,8,Mixed
T2780,Tech_T2780,3,Evening
T2781,Tech_T2781,6,Evening
T2782,Tech_T2782,6,Mixed
T2783,Tech_T2783,2,Mixed
T2784,Tech_T2784,6,Evening
T2785,Tech_T2785,7,Evening
T2786,Tech_T2786,5,Day
T2787,Tech_T2787,1,Evening
T2788,Tech_T2788,6,Evening
T2789,Tech_T2789,4,Mixed
T2790,Tech_T2790,2,Day
T2791,Tech_T2791,4,Mixed
T2792,Tech_T2792,4,Mixed
T2793,Tech_T2793,1,Mixed
T2794,Tech_T2794,10,Evening
T2795,Tech_T2795,6,Day
T2796,Tech_T2796,9,Mixed
T2797,Tech_T2797,1,Evening
T2798,Tech_T2798,2,Day
T2799,Tech_T2799,7,Mixed
T2800,Tech_T2800,6,Evening
T2801,Tech_T2801,7,Mixed
T2802,Tech_T2802,2,Day
T2803,Tech_T2803,5,Day
T2804,Tech_T2804,6,Evening
T2805,Tech_T2805,10,Day
T2806,Tech_T2806,8,Evening
T2807,Tech_T2807,7,Mixed
T2808,Tech_T2808,6,Evening
T2809,Tech_T2809,4,Day
T2810,Tech_T2810,1,Evening
T2811,Tech_T2811,2,Mixed
T2812,Tech_T2812,1,Mixed
T2813,Tech_T2813,5,Evening
T2814,Tech_T2814,8,Mixed
T2815,Tech_T2815,9,Mixed
T2816,Tech_T2816,1,Day
T2817,Tech_T2817,1,Mixed
T2818,Tech_T2818,10,Evening
T2819,Tech_T2819,10,Evening
T2820,Tech_T2820,2,Evening
T2821,Tech_T2821,9,Mixed
T2822,Tech_T2822,4,Day
T2823,Tech_T2823,9,Mixed
T2824,Tech_T2824,1,Evening
T2825,Tech_T2825,4,Evening
T2826,Tech_T2826,9,Mixed
T2827,Tech_T2827,2,Evening
T2828,Tech_T2828,1,Evening
T2829,Tech_T2829,9,Day
T2830,Tech_T2830,7,Mixed
T2831,Tech_T2831,6,Mixed
T2832,Tech_T2832,3,Evening
T2833,Tech_T2833,7,Mixed
T2834,Tech_T2834,8,Evening
T2835,Tech_T2835,4,Day
T2836,Tech_T2836,1,Evening
T2837,Tech_T2837,1,Mixed
T2838,Tech_T2838,9,Day
T2839,Tech_T2839,4,Evening
T2840,Tech_T2840,5,Day
T2841,Tech_T2841,3,Mixed
T2842,Tech_T2842,9,Day
T2843,Tech_T2843,8,Mixed
T2844,Tech_T2844,1,Evening
T2845,Tech_T2845,6,Evening
T2846,Tech_T2846,5,Mixed
T2847,Tech_T2847,9,Mixed
T2848,Tech_T2848,10,Evening
T2849,Tech_T2849,9,Mixed
T2850,Tech_T2850,5,Day
T2851,Tech_T2851,1,Evening
T2852,Tech_T2852,4,Evening
T2853,Tech_T2853,4,Mixed
T2854,Tech_T2854,2,Mixed
T2855,Tech_T2855,10,Evening
T2856,Tech_T2856,5,Day
T2857,Tech_T2857,3,Day
T2858,Tech_T2858,5,Day
T2859,Tech_T2859,6,Day
T2860,Tech_T2860,1,Evening
T2861,Tech_T2861,10,Mixed
T2862,Tech_T2862,7,Day
T2863,Tech_T2863,2,Day
T2864,Tech_T2864,9,Evening
T2865,Tech_T2865,4,Day
T2866,Tech_T2866,2,Day
T2867,Tech_T2867,10,Evening
T2868,Tech_T2868,7,Mixed
T2869,Tech_T2869,3,Mixed
T2870,Tech_T2870,8,Mixed
T2871,Tech_T2871,3,Day
T2872,Tech_T2872,5,Evening
T2873,Tech_T2873,3,Evening
T2874,Tech_T2874,6,Evening
T2875,Tech_T2875,7,Mixed
T2876,Tech_T2876,5,Evening
T2877,Tech_T2877,8,Day
T2878,Tech_T2878,8,Mixed
T2879,Tech_T2879,3,Evening
T2880,Tech_T2880,10,Mixed
T2881,Tech_T2881,1,Day
T2882,Tech_T2882,4,Mixed
T2883,Tech_T2883,4,Mixed
T2884,Tech_T2884,4,Evening
T2885,Tech_T2885,9,Day
T2886,Tech_T2886,5,Day
T2887,Tech_T2887,7,Evening
T2888,Tech_T2888,5,Mixed
T2889,Tech_T2889,1,Mixed
T2890,Tech_T2890,4,Mixed
T2891,Tech_T2891,2,Mixed
T2892,Tech_T2892,1,Day
T2893,Tech_T2893,10,Evening
T2894,Tech_T2894,2,Mixed
T2895,Tech_T2895,4,Evening
T2896,Tech_T2896,4,Evening
T2897,Tech_T2897,10,Mixed
T2898,Tech_T2898,2,Day
T2899,Tech_T2899,8,Evening
T2900,Tech_T2900,6,Day
T2901,Tech_T2901,3,Evening
T2902,Tech_T2902,4,Mixed
T2903,Tech_T2903,2,Mixed
T2904,Tech_T2904,1,Mixed
T2905,Tech_T2905,2,Mixed
T2906,Tech_T2906,8,Day
T2907,Tech_T2907,5,Evening
T2908,Tech_T2908,7,Evening
T2909,Tech_T2909,2,Day
T2910,Tech_T2910,5,Day
T2911,Tech_T2911,9,Day
T2912,Tech_T2912,7,Day
T2913,Tech_T2913,9,Evening
T2914,Tech_T2914,8,Mixed
T2915,Tech_T2915,9,Mixed
T2916,Tech_T2916,10,Evening
T2917,Tech_T2917,1,Day
T2918,Tech_T2918,10,Mixed
T2919,Tech_T2919,7,Evening
T2920,Tech_T2920,1,Day
T2921,Tech_T2921,5,Evening
T2922,Tech_T2922,3,Day
T2923,Tech_T2923,2,Day
T2924,Tech_T2924,7,Evening
T2925,Tech_T2925,3,Day
T2926,Tech_T2926,2,Mixed
T2927,Tech_T2927,9,Evening
T2928,Tech_T2928,10,Day
T2929,Tech_T2929,9,Day
T2930,Tech_T2930,9,Evening
T2931,Tech_T2931,8,Day
T2932,Tech_T2932,4,Evening
T2933,Tech_T2933,10,Day
T2934,Tech_T2934,3,Day
T2935,Tech_T2935,4,Evening
T2936,Tech_T2936,7,Mixed
T2937,Tech_T2937,10,Day
T2938,Tech_T2938,4,Evening
T2939,Tech_T2939,1,Evening
T2940,Tech_T2940,5,Day
T2941,Tech_T2941,3,Day
T2942,Tech_T2942,4,Evening
T2943,Tech_T2943,1,Mixed
T2944,Tech_T2944,5,Mixed
T2945,Tech_T2945,3,Day
T2946,Tech_T2946,1,Evening
T2947,Tech_T2947,1,Evening
T2948,Tech_T2948,9,Day
T2949,Tech_T2949,3,Mixed
T2950,Tech_T2950,4,Mixed
T2951,Tech_T2951,6,Mixed
T2952,Tech_T2952,9,Day
T2953,Tech_T2953,9,Evening
T2954,Tech_T2954,3,Day
T2955,Tech_T2955,8,Day
T2956,Tech_T2956,1,Mixed
T2957,Tech_T2957,10,Evening
T2958,Tech_T2958,1,Evening
T2959,Tech_T2959,7,Day
T2960,Tech_T2960,6,Day
T2961,Tech_T2961,7,Evening
T2962,Tech_T2962,5,Day
T2963,Tech_T2963,8,Day
T2964,Tech_T2964,10,Day
T2965,Tech_T2965,1,Evening
T2966,Tech_T2966,1,Mixed
T2967,Tech_T2967,10,Evening
T2968,Tech_T2968,8,Day
T2969,Tech_T2969,3,Mixed
T2970,Tech_T2970,4,Mixed
T2971,Tech_T2971,8,Mixed
T2972,Tech_T2972,5,Evening
T2973,Tech_T2973,3,Mixed
T2974,Tech_T2974,10,Day
T2975,Tech_T2975,1,Evening
T2976,Tech_T2976,1,Day
T2977,Tech_T2977,4,Day
T2978,Tech_T2978,2,Evening
T2979,Tech_T2979,5,Day
T2980,Tech_T2980,9,Mixed
T2981,Tech_T2981,8,Day
T2982,Tech_T2982,5,Mixed
T2983,Tech_T2983,2,Evening
T2984,Tech_T2984,10,Evening
T2985,Tech_T2985,4,Evening
T2986,Tech_T2986,2,Day
T2987,Tech_T2987,2,Mixed
T2988,Tech_T2988,4,Mixed
T2989,Tech_T2989,9,Mixed
T2990,Tech_T2990,2,Evening
T2991,Tech_T2991,4,Day
T2992,Tech_T2992,2,Day
T2993,Tech_T2993,10,Evening
T2994,Tech_T2994,7,Mixed
T2995,Tech_T2995,4,Evening
T2996,Tech_T2996,10,Day
T2997,Tech_T2997,7,Mixed
T2998,Tech_T2998,2,Mixed
T2999,Tech_T2999,2,Day
T3000,Tech_T3000,6,Evening
T3001,Tech_T3001,10,Day
T3002,Tech_T3002,1,Mixed
T3003,Tech_T3003,8,Mixed
T3004,Tech_T3004,8,Mixed
T3005,Tech_T3005,7,Mixed
T3006,Tech_T3006,10,Day
T3007,Tech_T3007,8,Day
T3008,Tech_T3008,10,Mixed
T3009,Tech_T3009,3,Evening
T3010,Tech_T3010,10,Day
T3011,Tech_T3011,2,Evening
T3012,Tech_T3012,1,Mixed
T3013,Tech_T3013,7,Evening
T3014,Tech_T3014,6,Mixed
T3015,Tech_T3015,4,Day
T3016,Tech_T3016,7,Mixed
T3017,Tech_T3017,1,Evening
T3018,Tech_T3018,9,Evening
T3019,Tech_T3019,9,Day
T3020,Tech_T3020,7,Mixed
T3021,Tech_T3021,4,Evening
T3022,Tech_T3022,7,Day
T3023,Tech_T3023,2,Mixed
T3024,Tech_T3024,10,Day
T3025,Tech_T3025,4,Mixed
T3026,Tech_T3026,4,Mixed
T3027,Tech_T3027,1,Evening
T3028,Tech_T3028,7,Evening
T3029,Tech_T3029,2,Mixed
T3030,Tech_T3030,6,Day
T3031,Tech_T3031,7,Evening
T3032,Tech_T3032,8,Day
T3033,Tech_T3033,4,Mixed
T3034,Tech_T3034,3,Mixed
T3035,Tech_T3035,1,Evening
T3036,Tech_T3036,8,Mixed
T3037,Tech_T3037,4,Evening
T3038,Tech_T3038,8,Evening
T3039,Tech_T3039,3,Evening
T3040,Tech_T3040,1,Day
T3041,Tech_T3041,5,Mixed
T3042,Tech_T3042,7,Day
T3043,Tech_T3043,10,Evening
T3044,Tech_T3044,5,Evening
T3045,Tech_T3045,2,Day
T3046,Tech_T3046,10,Mixed
T3047,Tech_T3047,4,Day
T3048,Tech_T3048,8,Day
T3049,Tech_T3049,4,Mixed
T3050,Tech_T3050,2,Day
T3051,Tech_T3051,4,Day
T3052,Tech_T3052,1,Mixed
T3053,Tech_T3053,7,Evening
T3054,Tech_T3054,6,Mixed
T3055,Tech_T3055,5,Evening
T3056,Tech_T3056,7,Day
T3057,Tech_T3057,2,Day
T3058,Tech_T3058,7,Day
T3059,Tech_T3059,2,Day
T3060,Tech_T3060,4,Day
T3061,Tech_T3061,1,Evening
T3062,Tech_T3062,5,Mixed
T3063,Tech_T3063,7,Mixed
T3064,Tech_T3064,8,Evening
T3065,Tech_T3065,2,Day
T3066,Tech_T3066,1,Day
T3067,Tech_T3067,3,Evening
T3068,Tech_T3068,2,Evening
T3069,Tech_T3069,1,Day
T3070,Tech_T3070,10,Day
T3071,Tech_T3071,3,Evening
T3072,Tech_T3072,10,Mixed
T3073,Tech_T3073,1,Day
T3074,Tech_T3074,2,Mixed
T3075,Tech_T3075,4,Mixed
T3076,Tech_T3076,7,Day
T3077,Tech_T3077,2,Mixed
T3078,Tech_T3078,10,Day
T3079,Tech_T3079,1,Mixed
T3080,Tech_T3080,1,Day
T3081,Tech_T3081,8,Evening
T3082,Tech_T3082,3,Day
T3083,Tech_T3083,8,Evening
T3084,Tech_T3084,7,Evening
T3085,Tech_T3085,1,Evening
T3086,Tech_T3086,10,Mixed
T3087,Tech_T3087,7,Evening
T3088,Tech_T3088,8,Mixed
T3089,Tech_T3089,6,Day
T3090,Tech_T3090,7,Mixed
T3091,Tech_T3091,6,Mixed
T3092,Tech_T3092,9,Mixed
T3093,Tech_T3093,10,Evening
T3094,Tech_T3094,5,Evening
T3095,Tech_T3095,4,Mixed
T3096,Tech_T3096,6,Evening
T3097,Tech_T3097,5,Day
T3098,Tech_T3098,7,Mixed
T3099,Tech_T3099,10,Mixed
T3100,Tech_T3100,3,Evening
T3101,Tech_T3101,9,Evening
T3102,Tech_T3102,1,Day
T3103,Tech_T3103,2,Day
T3104,Tech_T3104,10,Mixed
T3105,Tech_T3105,1,Evening
T3106,Tech_T3106,10,Evening
T3107,Tech_T3107,4,Evening
T3108,Tech_T3108,2,Mixed
T3109,Tech_T3109,6,Mixed
T3110,Tech_T3110,9,Mixed
T3111,Tech_T3111,4,Day
T3112,Tech_T3112,7,Evening
T3113,Tech_T3113,6,Day
T3114,Tech_T3114,8,Day
T3115,Tech_T3115,6,Evening
T3116,Tech_T3116,9,Mixed
T3117,Tech_T3117,3,Evening
T3118,Tech_T3118,6,Evening
T3119,Tech_T3119,9,Evening
T3120,Tech_T3120,8,Day
T3121,Tech_T3121,3,Mixed
T3122,Tech_T3122,10,Day
T3123,Tech_T3123,2,Day
T3124,Tech_T3124,4,Evening
T3125,Tech_T3125,2,Evening
T3126,Tech_T3126,7,Day
T3127,Tech_T3127,6,Mixed
T3128,Tech_T3128,6,Day
T3129,Tech_T3129,9,Day
T3130,Tech_T3130,10,Evening
T3131,Tech_T3131,9,Evening
T3132,Tech_T3132,3,Mixed
T3133,Tech_T3133,2,Day
T3134,Tech_T3134,8,Evening
T3135,Tech_T3135,5,Mixed
T3136,Tech_T3136,5,Evening
T3137,Tech_T3137,7,Mixed
T3138,Tech_T3138,2,Day
T3139,Tech_T3139,1,Mixed
T3140,Tech_T3140,4,Evening
T3141,Tech_T3141,10,Day
T3142,Tech_T3142,4,Evening
T3143,Tech_T3143,2,Day
T3144,Tech_T3144,5,Evening
T3145,Tech_T3145,6,Day
T3146,Tech_T3146,7,Day
T3147,Tech_T3147,7,Evening
T3148,Tech_T3148,7,Mixed
T3149,Tech_T3149,7,Mixed
T3150,Tech_T3150,7,Evening
T3151,Tech_T3151,3,Day
T3152,Tech_T3152,6,Day
T3153,Tech_T3153,10,Mixed
T3154,Tech_T3154,6,Mixed
T3155,Tech_T3155,1,Day
T3156,Tech_T3156,1,Evening
T3157,Tech_T3157,4,Day
T3158,Tech_T3158,5,Evening
T3159,Tech_T3159,1,Day
T3160,Tech_T3160,1,Day
T3161,Tech_T3161,3,Evening
T3162,Tech_T3162,2,Evening
T3163,Tech_T3163,9,Mixed
T3164,Tech_T3164,1,Mixed
T3165,Tech_T3165,9,Mixed
T3166,Tech_T3166,2,Mixed
T3167,Tech_T3167,9,Mixed
T3168,Tech_T3168,10,Day
T3169,Tech_T3169,4,Day
T3170,Tech_T3170,2,Mixed
T3171,Tech_T3171,10,Mixed
T3172,Tech_T3172,4,Evening
T3173,Tech_T3173,7,Evening
T3174,Tech_T3174,4,Evening
T3175,Tech_T3175,9,Evening
T3176,Tech_T3176,3,Day
T3177,Tech_T3177,6,Day
T3178,Tech_T3178,7,Evening
T3179,Tech_T3179,3,Evening
T3180,Tech_T3180,6,Evening
T3181,Tech_T3181,7,Evening
T3182,Tech_T3182,6,Mixed
T3183,Tech_T3183,1,Mixed
T3184,Tech_T3184,9,Evening
T3185,Tech_T3185,3,Evening
T3186,Tech_T3186,5,Mixed
T3187,Tech_T3187,6,Day
T3188,Tech_T3188,7,Mixed
T3189,Tech_T3189,5,Mixed
T3190,Tech_T3190,4,Day
T3191,Tech_T3191,5,Day
T3192,Tech_T3192,3,Day
T3193,Tech_T3193,6,Mixed
T3194,Tech_T3194,6,Mixed
T3195,Tech_T3195,2,Evening
T3196,Tech_T3196,10,Evening
T3197,Tech_T3197,4,Mixed
T3198,Tech_T3198,8,Day
T3199,Tech_T3199,10,Mixed
T3200,Tech_T3200,2,Day
T3201,Tech_T3201,9,Evening
T3202,Tech_T3202,10,Evening
T3203,Tech_T3203,5,Evening
T3204,Tech_T3204,10,Day
T3205,Tech_T3205,8,Mixed
T3206,Tech_T3206,9,Evening
T3207,Tech_T3207,10,Mixed
T3208,Tech_T3208,10,Day
T3209,Tech_T3209,4,Mixed
T3210,Tech_T3210,10,Mixed
T3211,Tech_T3211,10,Mixed
T3212,Tech_T3212,2,Day
T3213,Tech_T3213,6,Day
T3214,Tech_T3214,9,Day
T3215,Tech_T3215,8,Mixed
T3216,Tech_T3216,2,Day
T3217,Tech_T3217,2,Day
T3218,Tech_T3218,2,Day
T3219,Tech_T3219,7,Mixed
T3220,Tech_T3220,8,Day
T3221,Tech_T3221,2,Day
T3222,Tech_T3222,6,Evening
T3223,Tech_T3223,2,Mixed
T3224,Tech_T3224,2,Mixed
T3225,Tech_T3225,6,Mixed
T3226,Tech_T3226,8,Mixed
T3227,Tech_T3227,9,Evening
T3228,Tech_T3228,9,Day
T3229,Tech_T3229,1,Day
T3230,Tech_T3230,9,Day
T3231,Tech_T3231,2,Mixed
T3232,Tech_T3232,2,Mixed
T3233,Tech_T3233,10,Mixed
T3234,Tech_T3234,6,Evening
T3235,Tech_T3235,2,Day
T3236,Tech_T3236,3,Day
T3237,Tech_T3237,1,Mixed
T3238,Tech_T3238,2,Evening
T3239,Tech_T3239,2,Evening
T3240,Tech_T3240,6,Mixed
T3241,Tech_T3241,6,Evening
T3242,Tech_T3242,1,Evening
T3243,Tech_T3243,10,Evening
T3244,Tech_T3244,9,Evening
T3245,Tech_T3245,4,Day
T3246,Tech_T3246,10,Day
T3247,Tech_T3247,4,Evening
T3248,Tech_T3248,7,Evening
T3249,Tech_T3249,9,Day
T3250,Tech_T3250,7,Mixed
T3251,Tech_T3251,10,Day
T3252,Tech_T3252,6,Day
T3253,Tech_T3253,9,Day
T3254,Tech_T3254,4,Evening
T3255,Tech_T3255,3,Day
T3256,Tech_T3256,1,Evening
T3257,Tech_T3257,6,Mixed
T3258,Tech_T3258,2,Day
T3259,Tech_T3259,6,Day
T3260,Tech_T3260,8,Day
T3261,Tech_T3261,3,Evening
T3262,Tech_T3262,7,Day
T3263,Tech_T3263,8,Evening
T3264,Tech_T3264,8,Evening
T3265,Tech_T3265,6,Evening
T3266,Tech_T3266,10,Day
T3267,Tech_T3267,4,Evening
T3268,Tech_T3268,6,Mixed
T3269,Tech_T3269,4,Day
T3270,Tech_T3270,9,Mixed
T3271,Tech_T3271,4,Mixed
T3272,Tech_T3272,8,Evening
T3273,Tech_T3273,7,Evening
T3274,Tech_T3274,10,Evening
T3275,Tech_T3275,4,Evening
T3276,Tech_T3276,1,Mixed
T3277,Tech_T3277,4,Mixed
T3278,Tech_T3278,4,Mixed
T3279,Tech_T3279,3,Mixed
T3280,Tech_T3280,1,Mixed
T3281,Tech_T3281,2,Evening
T3282,Tech_T3282,2,Mixed
T3283,Tech_T3283,4,Day
T3284,Tech_T3284,9,Mixed
T3285,Tech_T3285,1,Day
T3286,Tech_T3286,1,Evening
T3287,Tech_T3287,4,Mixed
T3288,Tech_T3288,10,Day
T3289,Tech_T3289,3,Evening
T3290,Tech_T3290,4,Day
T3291,Tech_T3291,1,Evening
T3292,Tech_T3292,7,Mixed
T3293,Tech_T3293,2,Evening
T3294,Tech_T3294,4,Mixed
T3295,Tech_T3295,10,Evening
T3296,Tech_T3296,6,Day
T3297,Tech_T3297,5,Mixed
T3298,Tech_T3298,3,Evening
T3299,Tech_T3299,3,Mixed
T3300,Tech_T3300,2,Evening
T3301,Tech_T3301,8,Mixed
T3302,Tech_T3302,4,Day
T3303,Tech_T3303,10,Mixed
T3304,Tech_T3304,10,Day
T3305,Tech_T3305,9,Day
T3306,Tech_T3306,7,Mixed
T3307,Tech_T3307,5,Mixed
T3308,Tech_T3308,3,Day
T3309,Tech_T3309,5,Evening
T3310,Tech_T3310,6,Day
T3311,Tech_T3311,4,Evening
T3312,Tech_T3312,3,Mixed
T3313,Tech_T3313,7,Mixed
T3314,Tech_T3314,9,Day
T3315,Tech_T3315,8,Evening
T3316,Tech_T3316,6,Day
T3317,Tech_T3317,2,Mixed
T3318,Tech_T3318,8,Evening
T3319,Tech_T3319,4,Day
T3320,Tech_T3320,2,Mixed
T3321,Tech_T3321,2,Day
T3322,Tech_T3322,6,Day
T3323,Tech_T3323,3,Day
T3324,Tech_T3324,10,Evening
T3325,Tech_T3325,3,Evening
T3326,Tech_T3326,2,Day
T3327,Tech_T3327,6,Mixed
T3328,Tech_T3328,5,Mixed
T3329,Tech_T3329,2,Day
T3330,Tech_T3330,7,Day
T3331,Tech_T3331,8,Day
T3332,Tech_T3332,5,Day
T3333,Tech_T3333,10,Evening
T3334,Tech_T3334,5,Day
T3335,Tech_T3335,1,Evening
T3336,Tech_T3336,9,Evening
T3337,Tech_T3337,7,Mixed
T3338,Tech_T3338,3,Day
T3339,Tech_T3339,10,Evening
T3340,Tech_T3340,1,Day
T3341,Tech_T3341,1,Day
T3342,Tech_T3342,4,Evening
T3343,Tech_T3343,9,Evening
T3344,Tech_T3344,10,Evening
T3345,Tech_T3345,6,Day
T3346,Tech_T3346,2,Evening
T3347,Tech_T3347,2,Day
T3348,Tech_T3348,5,Day
T3349,Tech_T3349,5,Day
T3350,Tech_T3350,3,Day
T3351,Tech_T3351,6,Day
T3352,Tech_T3352,7,Evening
T3353,Tech_T3353,2,Day
T3354,Tech_T3354,4,Day
T3355,Tech_T3355,8,Evening
T3356,Tech_T3356,3,Day
T3357,Tech_T3357,1,Evening
T3358,Tech_T3358,4,Evening
T3359,Tech_T3359,6,Mixed
T3360,Tech_T3360,2,Day
T3361,Tech_T3361,1,Mixed
T3362,Tech_T3362,3,Evening
T3363,Tech_T3363,8,Mixed
T3364,Tech_T3364,4,Day
T3365,Tech_T3365,1,Evening
T3366,Tech_T3366,1,Mixed
T3367,Tech_T3367,5,Mixed
T3368,Tech_T3368,5,Mixed
T3369,Tech_T3369,8,Evening
T3370,Tech_T3370,6,Evening
T3371,Tech_T3371,8,Day
T3372,Tech_T3372,7,Mixed
T3373,Tech_T3373,7,Mixed
T3374,Tech_T3374,6,Day
T3375,Tech_T3375,5,Mixed
T3376,Tech_T3376,9,Mixed
T3377,Tech_T3377,4,Day
T3378,Tech_T3378,5,Mixed
T3379,Tech_T3379,1,Mixed
T3380,Tech_T3380,10,Evening
T3381,Tech_T3381,8,Day
T3382,Tech_T3382,3,Evening
T3383,Tech_T3383,5,Evening
T3384,Tech_T3384,5,Evening
T3385,Tech_T3385,4,Evening
T3386,Tech_T3386,5,Day
T3387,Tech_T3387,2,Day
T3388,Tech_T3388,9,Mixed
T3389,Tech_T3389,5,Evening
T3390,Tech_T3390,1,Evening
T3391,Tech_T3391,1,Evening
T3392,Tech_T3392,8,Day
T3393,Tech_T3393,5,Mixed
T3394,Tech_T3394,1,Evening
T3395,Tech_T3395,3,Mixed
T3396,Tech_T3396,2,Evening
T3397,Tech_T3397,8,Evening
T3398,Tech_T3398,3,Day
T3399,Tech_T3399,6,Day
T3400,Tech_T3400,5,Mixed
T3401,Tech_T3401,4,Evening
T3402,Tech_T3402,8,Evening
T3403,Tech_T3403,4,Mixed
T3404,Tech_T3404,10,Mixed
T3405,Tech_T3405,9,Evening
T3406,Tech_T3406,5,Day
T3407,Tech_T3407,3,Evening
T3408,Tech_T3408,5,Day
T3409,Tech_T3409,7,Mixed
T3410,Tech_T3410,9,Evening
T3411,Tech_T3411,8,Evening
T3412,Tech_T3412,6,Day
T3413,Tech_T3413,9,Mixed
T3414,Tech_T3414,3,Day
T3415,Tech_T3415,3,Day
T3416,Tech_T3416,8,Mixed
T3417,Tech_T3417,2,Mixed
T3418,Tech_T3418,2,Mixed
T3419,Tech_T3419,10,Mixed
T3420,Tech_T3420,3,Mixed
T3421,Tech_T3421,9,Day
T3422,Tech_T3422,6,Evening
T3423,Tech_T3423,2,Mixed
T3424,Tech_T3424,3,Day
T3425,Tech_T3425,2,Mixed
T3426,Tech_T3426,2,Evening
T3427,Tech_T3427,6,Evening
T3428,Tech_T3428,1,Day
T3429,Tech_T3429,8,Day
T3430,Tech_T3430,5,Day
T3431,Tech_T3431,9,Mixed
T3432,Tech_T3432,3,Day
T3433,Tech_T3433,3,Evening
T3434,Tech_T3434,2,Evening
T3435,Tech_T3435,1,Day
T3436,Tech_T3436,8,Mixed
T3437,Tech_T3437,8,Mixed
T3438,Tech_T3438,7,Day
T3439,Tech_T3439,8,Evening
T3440,Tech_T3440,10,Mixed
T3441,Tech_T3441,1,Mixed
T3442,Tech_T3442,9,Mixed
T3443,Tech_T3443,7,Evening
T3444,Tech_T3444,6,Day
T3445,Tech_T3445,2,Day
T3446,Tech_T3446,6,Day
T3447,Tech_T3447,2,Day
T3448,Tech_T3448,4,Day
T3449,Tech_T3449,2,Evening
T3450,Tech_T3450,6,Day
T3451,Tech_T3451,6,Evening
T3452,Tech_T3452,3,Day
T3453,Tech_T3453,2,Evening
T3454,Tech_T3454,8,Mixed
T3455,Tech_T3455,4,Mixed
T3456,Tech_T3456,9,Evening
T3457,Tech_T3457,6,Evening
T3458,Tech_T3458,2,Evening
T3459,Tech_T3459,1,Day
T3460,Tech_T3460,9,Day
T3461,Tech_T3461,8,Day
T3462,Tech_T3462,6,Evening
T3463,Tech_T3463,8,Evening
T3464,Tech_T3464,4,Day
T3465,Tech_T3465,5,Day
T3466,Tech_T3466,2,Mixed
T3467,Tech_T3467,10,Evening
T3468,Tech_T3468,5,Day
T3469,Tech_T3469,5,Mixed
T3470,Tech_T3470,9,Evening
T3471,Tech_T3471,7,Mixed
T3472,Tech_T3472,2,Mixed
T3473,Tech_T3473,10,Mixed
T3474,Tech_T3474,9,Day
T3475,Tech_T3475,10,Mixed
T3476,Tech_T3476,10,Mixed
T3477,Tech_T3477,9,Mixed
T3478,Tech_T3478,10,Mixed
T3479,Tech_T3479,10,Mixed
T3480,Tech_T3480,7,Mixed
T3481,Tech_T3481,1,Day
T3482,Tech_T3482,1,Evening
T3483,Tech_T3483,9,Mixed
T3484,Tech_T3484,7,Mixed
T3485,Tech_T3485,6,Evening
T3486,Tech_T3486,3,Evening
T3487,Tech_T3487,4,Mixed
T3488,Tech_T3488,7,Day
T3489,Tech_T3489,4,Day
T3490,Tech_T3490,4,Evening
T3491,Tech_T3491,7,Day
T3492,Tech_T3492,1,Mixed
T3493,Tech_T3493,7,Day
T3494,Tech_T3494,2,Evening
T3495,Tech_T3495,8,Mixed
T3496,Tech_T3496,5,Evening
T3497,Tech_T3497,1,Day
T3498,Tech_T3498,3,Evening
T3499,Tech_T3499,7,Day
T3500,Tech_T3500,1,Mixed
T3501,Tech_T3501,7,Evening
T3502,Tech_T3502,8,Mixed
T3503,Tech_T3503,2,Day
T3504,Tech_T3504,6,Day
T3505,Tech_T3505,10,Evening
T3506,Tech_T3506,9,Evening
T3507,Tech_T3507,7,Mixed
T3508,Tech_T3508,1,Mixed
T3509,Tech_T3509,7,Mixed
T3510,Tech_T3510,7,Day
T3511,Tech_T3511,1,Evening
T3512,Tech_T3512,2,Evening
T3513,Tech_T3513,3,Day
T3514,Tech_T3514,8,Evening
T3515,Tech_T3515,1,Mixed
T3516,Tech_T3516,3,Day
T3517,Tech_T3517,9,Mixed
T3518,Tech_T3518,4,Day
T3519,Tech_T3519,4,Evening
T3520,Tech_T3520,8,Day
T3521,Tech_T3521,3,Day
T3522,Tech_T3522,4,Day
T3523,Tech_T3523,5,Evening
T3524,Tech_T3524,2,Mixed
T3525,Tech_T3525,10,Evening
T3526,Tech_T3526,4,Day
T3527,Tech_T3527,7,Evening
T3528,Tech_T3528,6,Day
T3529,Tech_T3529,4,Mixed
T3530,Tech_T3530,9,Mixed
T3531,Tech_T3531,7,Mixed
T3532,Tech_T3532,8,Mixed
T3533,Tech_T3533,3,Evening
T3534,Tech_T3534,8,Day
T3535,Tech_T3535,7,Mixed
T3536,Tech_T3536,7,Evening
T3537,Tech_T3537,2,Day
T3538,Tech_T3538,1,Mixed
T3539,Tech_T3539,7,Mixed
T3540,Tech_T3540,5,Mixed
T3541,Tech_T3541,1,Mixed
T3542,Tech_T3542,2,Day
T3543,Tech_T3543,5,Evening
T3544,Tech_T3544,6,Evening
T3545,Tech_T3545,6,Mixed
T3546,Tech_T3546,1,Evening
T3547,Tech_T3547,8,Mixed
T3548,Tech_T3548,8,Evening
T3549,Tech_T3549,4,Mixed
T3550,Tech_T3550,9,Day
T3551,Tech_T3551,9,Mixed
T3552,Tech_T3552,4,Evening
T3553,Tech_T3553,1,Evening
T3554,Tech_T3554,3,Evening
T3555,Tech_T3555,3,Mixed
T3556,Tech_T3556,6,Mixed
T3557,Tech_T3557,6,Day
T3558,Tech_T3558,5,Day
T3559,Tech_T3559,7,Mixed
T3560,Tech_T3560,10,Evening
T3561,Tech_T3561,9,Evening
T3562,Tech_T3562,7,Evening
T3563,Tech_T3563,6,Day
T3564,Tech_T3564,10,Day
T3565,Tech_T3565,10,Mixed
T3566,Tech_T3566,10,Day
T3567,Tech_T3567,3,Evening
T3568,Tech_T3568,3,Day
T3569,Tech_T3569,7,Evening
T3570,Tech_T3570,8,Evening
T3571,Tech_T3571,4,Day
T3572,Tech_T3572,7,Evening
T3573,Tech_T3573,5,Day
T3574,Tech_T3574,1,Day
T3575,Tech_T3575,1,Evening
T3576,Tech_T3576,4,Mixed
T3577,Tech_T3577,1,Mixed
T3578,Tech_T3578,2,Mixed
T3579,Tech_T3579,4,Mixed
T3580,Tech_T3580,9,Evening
T3581,Tech_T3581,2,Mixed
T3582,Tech_T3582,10,Mixed
T3583,Tech_T3583,3,Day
T3584,Tech_T3584,5,Mixed
T3585,Tech_T3585,6,Day
T3586,Tech_T3586,10,Day
T3587,Tech_T3587,1,Day
T3588,Tech_T3588,6,Evening
T3589,Tech_T3589,9,Day
T3590,Tech_T3590,5,Mixed
T3591,Tech_T3591,1,Evening
T3592,Tech_T3592,6,Evening
T3593,Tech_T3593,8,Day
T3594,Tech_T3594,2,Evening
T3595,Tech_T3595,9,Day
T3596,Tech_T3596,4,Evening
T3597,Tech_T3597,4,Day
T3598,Tech_T3598,9,Evening
T3599,Tech_T3599,10,Evening
T3600,Tech_T3600,5,Evening
T3601,Tech_T3601,10,Mixed
T3602,Tech_T3602,4,Mixed
T3603,Tech_T3603,4,Evening
T3604,Tech_T3604,2,Mixed
T3605,Tech_T3605,3,Mixed
T3606,Tech_T3606,4,Day
T3607,Tech_T3607,5,Day
T3608,Tech_T3608,8,Day
T3609,Tech_T3609,3,Evening
T3610,Tech_T3610,1,Day
T3611,Tech_T3611,2,Day
T3612,Tech_T3612,3,Day
T3613,Tech_T3613,7,Day
T3614,Tech_T3614,3,Evening
T3615,Tech_T3615,3,Evening
T3616,Tech_T3616,7,Day
T3617,Tech_T3617,10,Evening
T3618,Tech_T3618,4,Mixed
T3619,Tech_T3619,8,Evening
T3620,Tech_T3620,1,Day
T3621,Tech_T3621,2,Day
T3622,Tech_T3622,4,Mixed
T3623,Tech_T3623,10,Evening
T3624,Tech_T3624,2,Evening
T3625,Tech_T3625,3,Mixed
T3626,Tech_T3626,6,Mixed
T3627,Tech_T3627,6,Mixed
T3628,Tech_T3628,2,Evening
T3629,Tech_T3629,9,Day
T3630,Tech_T3630,5,Mixed
T3631,Tech_T3631,2,Mixed
T3632,Tech_T3632,5,Mixed
T3633,Tech_T3633,2,Mixed
T3634,Tech_T3634,3,Day
T3635,Tech_T3635,5,Mixed
T3636,Tech_T3636,4,Mixed
T3637,Tech_T3637,1,Day
T3638,Tech_T3638,6,Day
T3639,Tech_T3639,3,Mixed
T3640,Tech_T3640,1,Day
T3641,Tech_T3641,1,Day
T3642,Tech_T3642,6,Mixed
T3643,Tech_T3643,3,Day
T3644,Tech_T3644,10,Day
T3645,Tech_T3645,9,Day
T3646,Tech_T3646,2,Day
T3647,Tech_T3647,7,Day
T3648,Tech_T3648,2,Day
T3649,Tech_T3649,10,Day
T3650,Tech_T3650,10,Day
T3651,Tech_T3651,8,Mixed
T3652,Tech_T3652,2,Mixed
T3653,Tech_T3653,5,Mixed
T3654,Tech_T3654,5,Evening
T3655,Tech_T3655,9,Day
T3656,Tech_T3656,3,Mixed
T3657,Tech_T3657,10,Mixed
T3658,Tech_T3658,5,Evening
T3659,Tech_T3659,1,Day
T3660,Tech_T3660,5,Evening
T3661,Tech_T3661,10,Evening
T3662,Tech_T3662,5,Day
T3663,Tech_T3663,5,Evening
T3664,Tech_T3664,8,Evening
T3665,Tech_T3665,2,Evening
T3666,Tech_T3666,10,Day
T3667,Tech_T3667,6,Mixed
T3668,Tech_T3668,8,Day
T3669,Tech_T3669,7,Evening
T3670,Tech_T3670,9,Day
T3671,Tech_T3671,5,Day
T3672,Tech_T3672,8,Evening
T3673,Tech_T3673,10,Evening
T3674,Tech_T3674,1,Mixed
T3675,Tech_T3675,2,Day
T3676,Tech_T3676,10,Evening
T3677,Tech_T3677,1,Mixed
T3678,Tech_T3678,3,Evening
T3679,Tech_T3679,3,Evening
T3680,Tech_T3680,3,Day
T3681,Tech_T3681,10,Day
T3682,Tech_T3682,6,Day
T3683,Tech_T3683,2,Day
T3684,Tech_T3684,10,Mixed
T3685,Tech_T3685,8,Evening
T3686,Tech_T3686,9,Mixed
T3687,Tech_T3687,2,Evening
T3688,Tech_T3688,3,Day
T3689,Tech_T3689,7,Mixed
T3690,Tech_T3690,8,Day
T3691,Tech_T3691,5,Mixed
T3692,Tech_T3692,5,Day
T3693,Tech_T3693,9,Evening
T3694,Tech_T3694,8,Mixed
T3695,Tech_T3695,4,Evening
T3696,Tech_T3696,6,Day
T3697,Tech_T3697,7,Mixed
T3698,Tech_T3698,8,Day
T3699,Tech_T3699,10,Mixed
T3700,Tech_T3700,3,Evening
T3701,Tech_T3701,6,Evening
T3702,Tech_T3702,9,Evening
T3703,Tech_T3703,3,Day
T3704,Tech_T3704,2,Evening
T3705,Tech_T3705,6,Evening
T3706,Tech_T3706,1,Evening
T3707,Tech_T3707,2,Evening
T3708,Tech_T3708,1,Evening
T3709,Tech_T3709,3,Day
T3710,Tech_T3710,7,Mixed
T3711,Tech_T3711,2,Evening
T3712,Tech_T3712,2,Evening
T3713,Tech_T3713,2,Evening
T3714,Tech_T3714,8,Evening
T3715,Tech_T3715,9,Evening
T3716,Tech_T3716,9,Evening
T3717,Tech_T3717,5,Mixed
T3718,Tech_T3718,6,Mixed
T3719,Tech_T3719,4,Day
T3720,Tech_T3720,3,Evening
T3721,Tech_T3721,10,Evening
T3722,Tech_T3722,3,Day
T3723,Tech_T3723,8,Mixed
T3724,Tech_T3724,3,Mixed
T3725,Tech_T3725,7,Mixed
T3726,Tech_T3726,9,Day
T3727,Tech_T3727,3,Day
T3728,Tech_T3728,4,Evening
T3729,Tech_T3729,3,Day
T3730,Tech_T3730,7,Day
T3731,Tech_T3731,7,Mixed
T3732,Tech_T3732,7,Evening
T3733,Tech_T3733,7,Day
T3734,Tech_T3734,6,Evening
T3735,Tech_T3735,8,Evening
T3736,Tech_T3736,5,Evening
T3737,Tech_T3737,4,Day
T3738,Tech_T3738,4,Mixed
T3739,Tech_T3739,9,Day
T3740,Tech_T3740,2,Day
T3741,Tech_T3741,2,Mixed
T3742,Tech_T3742,7,Day
T3743,Tech_T3743,3,Mixed
T3744,Tech_T3744,1,Day
T3745,Tech_T3745,9,Evening
T3746,Tech_T3746,4,Evening
T3747,Tech_T3747,9,Evening
T3748,Tech_T3748,1,Mixed
T3749,Tech_T3749,2,Day
T3750,Tech_T3750,1,Day
T3751,Tech_T3751,9,Evening
T3752,Tech_T3752,3,Day
T3753,Tech_T3753,3,Evening
T3754,Tech_T3754,7,Day
T3755,Tech_T3755,8,Mixed
T3756,Tech_T3756,4,Mixed
T3757,Tech_T3757,2,Mixed
T3758,Tech_T3758,6,Evening
T3759,Tech_T3759,1,Evening
T3760,Tech_T3760,6,Mixed
T3761,Tech_T3761,3,Day
T3762,Tech_T3762,3,Evening
T3763,Tech_T3763,9,Evening
T3764,Tech_T3764,5,Day
T3765,Tech_T3765,4,Mixed
T3766,Tech_T3766,3,Day
T3767,Tech_T3767,5,Day
T3768,Tech_T3768,3,Mixed
T3769,Tech_T3769,7,Evening
T3770,Tech_T3770,3,Day
T3771,Tech_T3771,3,Evening
T3772,Tech_T3772,1,Evening
T3773,Tech_T3773,4,Day
T3774,Tech_T3774,6,Evening
T3775,Tech_T3775,5,Evening
T3776,Tech_T3776,10,Day
T3777,Tech_T3777,7,Day
T3778,Tech_T3778,2,Mixed
T3779,Tech_T3779,8,Mixed
T3780,Tech_T3780,10,Evening
T3781,Tech_T3781,1,Mixed
T3782,Tech_T3782,10,Evening
T3783,Tech_T3783,5,Day
T3784,Tech_T3784,9,Mixed
T3785,Tech_T3785,2,Evening
T3786,Tech_T3786,9,Mixed
T3787,Tech_T3787,8,Day
T3788,Tech_T3788,10,Mixed
T3789,Tech_T3789,10,Mixed
T3790,Tech_T3790,4,Evening
T3791,Tech_T3791,6,Evening
T3792,Tech_T3792,7,Day
T3793,Tech_T3793,8,Day
T3794,Tech_T3794,9,Evening
T3795,Tech_T3795,9,Mixed
T3796,Tech_T3796,7,Evening
T3797,Tech_T3797,2,Mixed
T3798,Tech_T3798,6,Evening
T3799,Tech_T3799,1,Mixed
T3800,Tech_T3800,5,Mixed
T3801,Tech_T3801,8,Day
T3802,Tech_T3802,8,Day
T3803,Tech_T3803,4,Day
T3804,Tech_T3804,1,Mixed
T3805,Tech_T3805,9,Mixed
T3806,Tech_T3806,1,Evening
T3807,Tech_T3807,2,Evening
T3808,Tech_T3808,2,Day
T3809,Tech_T3809,4,Mixed
T3810,Tech_T3810,10,Day
T3811,Tech_T3811,1,Evening
T3812,Tech_T3812,5,Mixed
T3813,Tech_T3813,8,Mixed
T3814,Tech_T3814,8,Evening
T3815,Tech_T3815,2,Day
T3816,Tech_T3816,7,Day
T3817,Tech_T3817,7,Day
T3818,Tech_T3818,1,Mixed
T3819,Tech_T3819,1,Evening
T3820,Tech_T3820,4,Mixed
T3821,Tech_T3821,1,Mixed
T3822,Tech_T3822,5,Day
T3823,Tech_T3823,2,Day
T3824,Tech_T3824,3,Day
T3825,Tech_T3825,4,Day
T3826,Tech_T3826,1,Evening
T3827,Tech_T3827,1,Evening
T3828,Tech_T3828,4,Evening
T3829,Tech_T3829,6,Day
T3830,Tech_T3830,4,Evening
T3831,Tech_T3831,6,Day
T3832,Tech_T3832,9,Day
T3833,Tech_T3833,4,Mixed
T3834,Tech_T3834,4,Mixed
T3835,Tech_T3835,6,Mixed
T3836,Tech_T3836,10,Evening
T3837,Tech_T3837,2,Day
T3838,Tech_T3838,8,Evening
T3839,Tech_T3839,1,Evening
T3840,Tech_T3840,10,Evening
T3841,Tech_T3841,8,Day
T3842,Tech_T3842,5,Mixed
T3843,Tech_T3843,4,Day
T3844,Tech_T3844,8,Mixed
T3845,Tech_T3845,10,Mixed
T3846,Tech_T3846,2,Evening
T3847,Tech_T3847,6,Mixed
T3848,Tech_T3848,2,Mixed
T3849,Tech_T3849,10,Day
T3850,Tech_T3850,1,Day
T3851,Tech_T3851,8,Mixed
T3852,Tech_T3852,4,Evening
T3853,Tech_T3853,3,Mixed
T3854,Tech_T3854,7,Evening
T3855,Tech_T3855,2,Mixed
T3856,Tech_T3856,1,Mixed
T3857,Tech_T3857,8,Evening
T3858,Tech_T3858,1,Evening
T3859,Tech_T3859,5,Mixed
T3860,Tech_T3860,7,Day
T3861,Tech_T3861,2,Evening
T3862,Tech_T3862,6,Mixed
T3863,Tech_T3863,8,Day
T3864,Tech_T3864,10,Day
T3865,Tech_T3865,3,Day
T3866,Tech_T3866,5,Day
T3867,Tech_T3867,9,Evening
T3868,Tech_T3868,8,Evening
T3869,Tech_T3869,5,Mixed
T3870,Tech_T3870,6,Mixed
T3871,Tech_T3871,7,Evening
T3872,Tech_T3872,1,Evening
T3873,Tech_T3873,1,Evening
T3874,Tech_T3874,10,Mixed
T3875,Tech_T3875,9,Mixed
T3876,Tech_T3876,8,Day
T3877,Tech_T3877,10,Mixed
T3878,Tech_T3878,3,Evening
T3879,Tech_T3879,2,Mixed
T3880,Tech_T3880,3,Day
T3881,Tech_T3881,7,Evening
T3882,Tech_T3882,6,Mixed
T3883,Tech_T3883,2,Day
T3884,Tech_T3884,7,Mixed
T3885,Tech_T3885,1,Mixed
T3886,Tech_T3886,10,Mixed
T3887,Tech_T3887,8,Mixed
T3888,Tech_T3888,6,Mixed
T3889,Tech_T3889,10,Day
T3890,Tech_T3890,6,Mixed
T3891,Tech_T3891,2,Evening
T3892,Tech_T3892,10,Mixed
T3893,Tech_T3893,3,Day
T3894,Tech_T3894,2,Mixed
T3895,Tech_T3895,3,Day
T3896,Tech_T3896,7,Mixed
T3897,Tech_T3897,6,Mixed
T3898,Tech_T3898,5,Day
T3899,Tech_T3899,1,Evening
T3900,Tech_T3900,9,Evening
T3901,Tech_T3901,4,Day
T3902,Tech_T3902,5,Day
T3903,Tech_T3903,2,Day
T3904,Tech_T3904,2,Mixed
T3905,Tech_T3905,2,Day
T3906,Tech_T3906,1,Day
T3907,Tech_T3907,7,Mixed
T3908,Tech_T3908,9,Evening
T3909,Tech_T3909,7,Day
T3910,Tech_T3910,1,Evening
T3911,Tech_T3911,7,Day
T3912,Tech_T3912,9,Mixed
T3913,Tech_T3913,3,Evening
T3914,Tech_T3914,1,Day
T3915,Tech_T3915,1,Evening
T3916,Tech_T3916,2,Day
T3917,Tech_T3917,2,Day
T3918,Tech_T3918,3,Evening
T3919,Tech_T3919,6,Evening
T3920,Tech_T3920,5,Day
T3921,Tech_T3921,7,Evening
T3922,Tech_T3922,7,Evening
T3923,Tech_T3923,5,Evening
T3924,Tech_T3924,2,Mixed
T3925,Tech_T3925,5,Day
T3926,Tech_T3926,8,Day
T3927,Tech_T3927,5,Evening
T3928,Tech_T3928,9,Mixed
T3929,Tech_T3929,10,Mixed
T3930,Tech_T3930,4,Evening
T3931,Tech_T3931,9,Mixed
T3932,Tech_T3932,10,Mixed
T3933,Tech_T3933,9,Day
T3934,Tech_T3934,2,Mixed
T3935,Tech_T3935,6,Mixed
T3936,Tech_T3936,3,Day
T3937,Tech_T3937,6,Mixed
T3938,Tech_T3938,1,Day
T3939,Tech_T3939,7,Day
T3940,Tech_T3940,3,Mixed
T3941,Tech_T3941,1,Mixed
T3942,Tech_T3942,2,Evening
T3943,Tech_T3943,1,Mixed
T3944,Tech_T3944,4,Mixed
T3945,Tech_T3945,10,Evening
T3946,Tech_T3946,2,Evening
T3947,Tech_T3947,8,Evening
T3948,Tech_T3948,4,Mixed
T3949,Tech_T3949,5,Day
T3950,Tech_T3950,6,Mixed
T3951,Tech_T3951,5,Day
T3952,Tech_T3952,4,Evening
T3953,Tech_T3953,5,Day
T3954,Tech_T3954,7,Mixed
T3955,Tech_T3955,7,Mixed
T3956,Tech_T3956,10,Mixed
T3957,Tech_T3957,10,Mixed
T3958,Tech_T3958,10,Mixed
T3959,Tech_T3959,2,Day
T3960,Tech_T3960,2,Evening
T3961,Tech_T3961,10,Mixed
T3962,Tech_T3962,2,Mixed
T3963,Tech_T3963,5,Day
T3964,Tech_T3964,1,Day
T3965,Tech_T3965,6,Mixed
T3966,Tech_T3966,6,Day
T3967,Tech_T3967,10,Mixed
T3968,Tech_T3968,8,Evening
T3969,Tech_T3969,7,Evening
T3970,Tech_T3970,2,Day
T3971,Tech_T3971,5,Day
T3972,Tech_T3972,1,Day
T3973,Tech_T3973,1,Day
T3974,Tech_T3974,2,Evening
T3975,Tech_T3975,3,Day
T3976,Tech_T3976,6,Mixed
T3977,Tech_T3977,2,Evening
T3978,Tech_T3978,10,Day
T3979,Tech_T3979,10,Evening
T3980,Tech_T3980,9,Evening
T3981,Tech_T3981,1,Evening
T3982,Tech_T3982,7,Mixed
T3983,Tech_T3983,1,Day
T3984,Tech_T3984,1,Mixed
T3985,Tech_T3985,8,Day
T3986,Tech_T3986,7,Evening
T3987,Tech_T3987,8,Mixed
T3988,Tech_T3988,4,Evening
T3989,Tech_T3989,3,Evening
T3990,Tech_T3990,3,Day
T3991,Tech_T3991,7,Mixed
T3992,Tech_T3992,8,Day
T3993,Tech_T3993,10,Evening
T3994,Tech_T3994,7,Mixed
T3995,Tech_T3995,7,Mixed
T3996,Tech_T3996,9,Day
T3997,Tech_T3997,8,Day
T3998,Tech_T3998,2,Evening
T3999,Tech_T3999,5,Evening
T4000,Tech_T4000,6,Evening
T4001,Tech_T4001,10,Day
T4002,Tech_T4002,1,Day
T4003,Tech_T4003,6,Mixed
T4004,Tech_T4004,10,Evening
T4005,Tech_T4005,4,Day
T4006,Tech_T4006,5,Day
T4007,Tech_T4007,4,Evening
T4008,Tech_T4008,4,Evening
T4009,Tech_T4009,8,Mixed
T4010,Tech_T4010,10,Evening
T4011,Tech_T4011,1,Evening
T4012,Tech_T4012,5,Mixed
T4013,Tech_T4013,1,Evening
T4014,Tech_T4014,9,Evening
T4015,Tech_T4015,2,Mixed
T4016,Tech_T4016,6,Evening
T4017,Tech_T4017,4,Mixed
T4018,Tech_T4018,5,Day
T4019,Tech_T4019,1,Mixed
T4020,Tech_T4020,2,Mixed
T4021,Tech_T4021,8,Day
T4022,Tech_T4022,3,Mixed
T4023,Tech_T4023,9,Day
T4024,Tech_T4024,4,Evening
T4025,Tech_T4025,7,Mixed
T4026,Tech_T4026,2,Evening
T4027,Tech_T4027,10,Evening
T4028,Tech_T4028,6,Day
T4029,Tech_T4029,1,Mixed
T4030,Tech_T4030,5,Mixed
T4031,Tech_T4031,8,Evening
T4032,Tech_T4032,6,Day
T4033,Tech_T4033,1,Evening
T4034,Tech_T4034,1,Day
T4035,Tech_T4035,5,Evening
T4036,Tech_T4036,4,Mixed
T4037,Tech_T4037,8,Day
T4038,Tech_T4038,5,Mixed
T4039,Tech_T4039,4,Evening
T4040,Tech_T4040,3,Mixed
T4041,Tech_T4041,1,Mixed
T4042,Tech_T4042,3,Day
T4043,Tech_T4043,9,Day
T4044,Tech_T4044,7,Day
T4045,Tech_T4045,2,Evening
T4046,Tech_T4046,6,Mixed
T4047,Tech_T4047,2,Day
T4048,Tech_T4048,1,Mixed
T4049,Tech_T4049,9,Mixed
T4050,Tech_T4050,7,Day
T4051,Tech_T4051,9,Mixed
T4052,Tech_T4052,7,Day
T4053,Tech_T4053,6,Mixed
T4054,Tech_T4054,4,Mixed
T4055,Tech_T4055,3,Evening
T4056,Tech_T4056,8,Day
T4057,Tech_T4057,8,Mixed
T4058,Tech_T4058,1,Mixed
T4059,Tech_T4059,1,Evening
T4060,Tech_T4060,9,Mixed
T4061,Tech_T4061,1,Mixed
T4062,Tech_T4062,10,Mixed
T4063,Tech_T4063,8,Mixed
T4064,Tech_T4064,6,Day
T4065,Tech_T4065,9,Evening
T4066,Tech_T4066,7,Day
T4067,Tech_T4067,8,Mixed
T4068,Tech_T4068,2,Day
T4069,Tech_T4069,9,Day
T4070,Tech_T4070,6,Mixed
T4071,Tech_T4071,8,Mixed
T4072,Tech_T4072,7,Mixed
T4073,Tech_T4073,9,Day
T4074,Tech_T4074,8,Evening
T4075,Tech_T4075,4,Day
T4076,Tech_T4076,2,Mixed
T4077,Tech_T4077,5,Evening
T4078,Tech_T4078,9,Evening
T4079,Tech_T4079,7,Evening
T4080,Tech_T4080,2,Evening
T4081,Tech_T4081,9,Mixed
T4082,Tech_T4082,1,Evening
T4083,Tech_T4083,2,Day
T4084,Tech_T4084,3,Mixed
T4085,Tech_T4085,10,Evening
T4086,Tech_T4086,7,Evening
T4087,Tech_T4087,2,Day
T4088,Tech_T4088,4,Evening
T4089,Tech_T4089,10,Day
T4090,Tech_T4090,9,Mixed
T4091,Tech_T4091,3,Evening
T4092,Tech_T4092,8,Evening
T4093,Tech_T4093,7,Mixed
T4094,Tech_T4094,9,Evening
T4095,Tech_T4095,6,Day
T4096,Tech_T4096,2,Evening
T4097,Tech_T4097,7,Mixed
T4098,Tech_T4098,6,Mixed
T4099,Tech_T4099,3,Day
T4100,Tech_T4100,2,Day
T4101,Tech_T4101,6,Evening
T4102,Tech_T4102,1,Day
T4103,Tech_T4103,5,Evening
T4104,Tech_T4104,7,Day
T4105,Tech_T4105,9,Day
T4106,Tech_T4106,4,Day
T4107,Tech_T4107,10,Mixed
T4108,Tech_T4108,1,Evening
T4109,Tech_T4109,8,Evening
T4110,Tech_T4110,6,Evening
T4111,Tech_T4111,9,Evening
T4112,Tech_T4112,1,Day
T4113,Tech_T4113,8,Mixed
T4114,Tech_T4114,3,Mixed
T4115,Tech_T4115,10,Mixed
T4116,Tech_T4116,5,Evening
T4117,Tech_T4117,10,Day
T4118,Tech_T4118,1,Mixed
T4119,Tech_T4119,1,Evening
T4120,Tech_T4120,5,Day
T4121,Tech_T4121,10,Mixed
T4122,Tech_T4122,10,Mixed
T4123,Tech_T4123,7,Mixed
T4124,Tech_T4124,9,Mixed
T4125,Tech_T4125,4,Mixed
T4126,Tech_T4126,3,Day
T4127,Tech_T4127,4,Mixed
T4128,Tech_T4128,1,Mixed
T4129,Tech_T4129,7,Evening
T4130,Tech_T4130,8,Day
T4131,Tech_T4131,9,Evening
T4132,Tech_T4132,7,Mixed
T4133,Tech_T4133,3,Day
T4134,Tech_T4134,7,Mixed
T4135,Tech_T4135,5,Day
T4136,Tech_T4136,5,Day
T4137,Tech_T4137,4,Mixed
T4138,Tech_T4138,4,Evening
T4139,Tech_T4139,6,Day
T4140,Tech_T4140,10,Evening
T4141,Tech_T4141,2,Evening
T4142,Tech_T4142,8,Day
T4143,Tech_T4143,10,Evening
T4144,Tech_T4144,6,Mixed
T4145,Tech_T4145,5,Mixed
T4146,Tech_T4146,6,Mixed
T4147,Tech_T4147,5,Mixed
T4148,Tech_T4148,8,Day
T4149,Tech_T4149,1,Evening
T4150,Tech_T4150,10,Mixed
T4151,Tech_T4151,8,Mixed
T4152,Tech_T4152,8,Mixed
T4153,Tech_T4153,7,Day
T4154,Tech_T4154,1,Day
T4155,Tech_T4155,7,Mixed
T4156,Tech_T4156,10,Evening
T4157,Tech_T4157,8,Mixed
T4158,Tech_T4158,7,Evening
T4159,Tech_T4159,3,Mixed
T4160,Tech_T4160,4,Mixed
T4161,Tech_T4161,3,Mixed
T4162,Tech_T4162,1,Evening
T4163,Tech_T4163,6,Day
T4164,Tech_T4164,1,Day
T4165,Tech_T4165,8,Evening
T4166,Tech_T4166,3,Evening
T4167,Tech_T4167,3,Mixed
T4168,Tech_T4168,1,Day
T4169,Tech_T4169,1,Evening
T4170,Tech_T4170,2,Mixed
T4171,Tech_T4171,9,Evening
T4172,Tech_T4172,9,Day
T4173,Tech_T4173,1,Day
T4174,Tech_T4174,9,Day
T4175,Tech_T4175,9,Mixed
T4176,Tech_T4176,8,Evening
T4177,Tech_T4177,8,Mixed
T4178,Tech_T4178,3,Day
T4179,Tech_T4179,2,Evening
T4180,Tech_T4180,2,Day
T4181,Tech_T4181,2,Day
T4182,Tech_T4182,6,Mixed
T4183,Tech_T4183,9,Day
T4184,Tech_T4184,1,Day
T4185,Tech_T4185,8,Day
T4186,Tech_T4186,10,Day
T4187,Tech_T4187,2,Mixed
T4188,Tech_T4188,3,Day
T4189,Tech_T4189,1,Evening
T4190,Tech_T4190,7,Evening
T4191,Tech_T4191,5,Day
T4192,Tech_T4192,10,Day
T4193,Tech_T4193,5,Day
T4194,Tech_T4194,7,Day
T4195,Tech_T4195,9,Day
T4196,Tech_T4196,5,Evening
T4197,Tech_T4197,2,Mixed
T4198,Tech_T4198,9,Evening
T4199,Tech_T4199,8,Day
T4200,Tech_T4200,10,Mixed
T4201,Tech_T4201,10,Day
T4202,Tech_T4202,1,Day
T4203,Tech_T4203,10,Mixed
T4204,Tech_T4204,4,Day
T4205,Tech_T4205,7,Evening
T4206,Tech_T4206,6,Day
T4207,Tech_T4207,4,Mixed
T4208,Tech_T4208,4,Day
T4209,Tech_T4209,1,Mixed
T4210,Tech_T4210,6,Mixed
T4211,Tech_T4211,5,Evening
T4212,Tech_T4212,1,Mixed
T4213,Tech_T4213,8,Evening
T4214,Tech_T4214,8,Evening
T4215,Tech_T4215,5,Evening
T4216,Tech_T4216,1,Evening
T4217,Tech_T4217,4,Evening
T4218,Tech_T4218,7,Evening
T4219,Tech_T4219,4,Day
T4220,Tech_T4220,8,Mixed
T4221,Tech_T4221,10,Mixed
T4222,Tech_T4222,10,Day
T4223,Tech_T4223,8,Mixed
T4224,Tech_T4224,4,Mixed
T4225,Tech_T4225,3,Mixed
T4226,Tech_T4226,2,Day
T4227,Tech_T4227,7,Evening
T4228,Tech_T4228,9,Day
T4229,Tech_T4229,1,Mixed
T4230,Tech_T4230,1,Evening
T4231,Tech_T4231,3,Day
T4232,Tech_T4232,9,Evening
T4233,Tech_T4233,9,Evening
T4234,Tech_T4234,8,Day
T4235,Tech_T4235,7,Evening
T4236,Tech_T4236,4,Evening
T4237,Tech_T4237,5,Mixed
T4238,Tech_T4238,4,Evening
T4239,Tech_T4239,10,Mixed
T4240,Tech_T4240,3,Day
T4241,Tech_T4241,6,Mixed
T4242,Tech_T4242,4,Day
T4243,Tech_T4243,10,Mixed
T4244,Tech_T4244,9,Mixed
T4245,Tech_T4245,6,Day
T4246,Tech_T4246,3,Evening
T4247,Tech_T4247,3,Day
T4248,Tech_T4248,9,Mixed
T4249,Tech_T4249,4,Day
T4250,Tech_T4250,5,Mixed
T4251,Tech_T4251,9,Mixed
T4252,Tech_T4252,8,Evening
T4253,Tech_T4253,8,Evening
T4254,Tech_T4254,9,Evening
T4255,Tech_T4255,5,Mixed
T4256,Tech_T4256,7,Mixed
T4257,Tech_T4257,5,Evening
T4258,Tech_T4258,2,Mixed
T4259,Tech_T4259,10,Mixed
T4260,Tech_T4260,3,Evening
T4261,Tech_T4261,2,Mixed
T4262,Tech_T4262,10,Day
T4263,Tech_T4263,9,Mixed
T4264,Tech_T4264,7,Mixed
T4265,Tech_T4265,7,Evening
T4266,Tech_T4266,8,Mixed
T4267,Tech_T4267,10,Day
T4268,Tech_T4268,10,Mixed
T4269,Tech_T4269,4,Day
T4270,Tech_T4270,5,Evening
T4271,Tech_T4271,7,Evening
T4272,Tech_T4272,1,Evening
T4273,Tech_T4273,5,Mixed
T4274,Tech_T4274,10,Day
T4275,Tech_T4275,5,Evening
T4276,Tech_T4276,9,Evening
T4277,Tech_T4277,1,Evening
T4278,Tech_T4278,5,Evening
T4279,Tech_T4279,3,Evening
T4280,Tech_T4280,3,Evening
T4281,Tech_T4281,1,Day
T4282,Tech_T4282,8,Mixed
T4283,Tech_T4283,5,Day
T4284,Tech_T4284,1,Mixed
T4285,Tech_T4285,7,Evening
T4286,Tech_T4286,3,Day
T4287,Tech_T4287,9,Mixed
T4288,Tech_T4288,7,Evening
T4289,Tech_T4289,9,Evening
T4290,Tech_T4290,6,Mixed
T4291,Tech_T4291,3,Day
T4292,Tech_T4292,5,Evening
T4293,Tech_T4293,9,Evening
T4294,Tech_T4294,5,Mixed
T4295,Tech_T4295,1,Evening
T4296,Tech_T4296,5,Mixed
T4297,Tech_T4297,6,Day
T4298,Tech_T4298,9,Evening
T4299,Tech_T4299,8,Mixed
T4300,Tech_T4300,10,Day
T4301,Tech_T4301,1,Day
T4302,Tech_T4302,7,Day
T4303,Tech_T4303,5,Day
T4304,Tech_T4304,4,Evening
T4305,Tech_T4305,3,Mixed
T4306,Tech_T4306,6,Mixed
T4307,Tech_T4307,7,Day
T4308,Tech_T4308,6,Day
T4309,Tech_T4309,6,Mixed
T4310,Tech_T4310,5,Mixed
T4311,Tech_T4311,4,Day
T4312,Tech_T4312,8,Day
T4313,Tech_T4313,2,Mixed
T4314,Tech_T4314,9,Day
T4315,Tech_T4315,7,Mixed
T4316,Tech_T4316,2,Evening
T4317,Tech_T4317,7,Day
T4318,Tech_T4318,10,Evening
T4319,Tech_T4319,6,Mixed
T4320,Tech_T4320,8,Day
T4321,Tech_T4321,6,Mixed
T4322,Tech_T4322,9,Mixed
T4323,Tech_T4323,9,Day
T4324,Tech_T4324,9,Day
T4325,Tech_T4325,5,Mixed
T4326,Tech_T4326,6,Evening
T4327,Tech_T4327,7,Day
T4328,Tech_T4328,8,Day
T4329,Tech_T4329,9,Mixed
T4330,Tech_T4330,5,Evening
T4331,Tech_T4331,2,Day
T4332,Tech_T4332,8,Mixed
T4333,Tech_T4333,9,Day
T4334,Tech_T4334,2,Day
T4335,Tech_T4335,8,Mixed
T4336,Tech_T4336,8,Evening
T4337,Tech_T4337,10,Evening
T4338,Tech_T4338,5,Mixed
T4339,Tech_T4339,10,Day
T4340,Tech_T4340,1,Day
T4341,Tech_T4341,7,Evening
T4342,Tech_T4342,4,Day
T4343,Tech_T4343,7,Mixed
T4344,Tech_T4344,5,Day
T4345,Tech_T4345,6,Evening
T4346,Tech_T4346,7,Evening
T4347,Tech_T4347,1,Day
T4348,Tech_T4348,3,Mixed
T4349,Tech_T4349,4,Mixed
T4350,Tech_T4350,2,Mixed
T4351,Tech_T4351,1,Day
T4352,Tech_T4352,8,Evening
T4353,Tech_T4353,4,Day
T4354,Tech_T4354,7,Evening
T4355,Tech_T4355,5,Evening
T4356,Tech_T4356,5,Evening
T4357,Tech_T4357,10,Evening
T4358,Tech_T4358,8,Mixed
T4359,Tech_T4359,6,Evening
T4360,Tech_T4360,9,Evening
T4361,Tech_T4361,5,Mixed
T4362,Tech_T4362,9,Evening
T4363,Tech_T4363,4,Evening
T4364,Tech_T4364,9,Mixed
T4365,Tech_T4365,7,Mixed
T4366,Tech_T4366,4,Evening
T4367,Tech_T4367,3,Mixed
T4368,Tech_T4368,1,Day
T4369,Tech_T4369,7,Day
T4370,Tech_T4370,4,Mixed
T4371,Tech_T4371,6,Day
T4372,Tech_T4372,5,Evening
T4373,Tech_T4373,9,Day
T4374,Tech_T4374,5,Day
T4375,Tech_T4375,1,Day
T4376,Tech_T4376,3,Evening
T4377,Tech_T4377,8,Day
T4378,Tech_T4378,7,Day
T4379,Tech_T4379,4,Evening
T4380,Tech_T4380,6,Evening
T4381,Tech_T4381,4,Day
T4382,Tech_T4382,7,Day
T4383,Tech_T4383,1,Day
T4384,Tech_T4384,1,Evening
T4385,Tech_T4385,8,Evening
T4386,Tech_T4386,2,Day
T4387,Tech_T4387,4,Evening
T4388,Tech_T4388,4,Evening
T4389,Tech_T4389,2,Day
T4390,Tech_T4390,3,Evening
T4391,Tech_T4391,1,Mixed
T4392,Tech_T4392,1,Mixed
T4393,Tech_T4393,1,Evening
T4394,Tech_T4394,3,Evening
T4395,Tech_T4395,2,Mixed
T4396,Tech_T4396,7,Mixed
T4397,Tech_T4397,3,Evening
T4398,Tech_T4398,5,Evening
T4399,Tech_T4399,8,Mixed
T4400,Tech_T4400,2,Evening
T4401,Tech_T4401,4,Day
T4402,Tech_T4402,2,Day
T4403,Tech_T4403,1,Evening
T4404,Tech_T4404,6,Evening
T4405,Tech_T4405,7,Mixed
T4406,Tech_T4406,7,Day
T4407,Tech_T4407,8,Mixed
T4408,Tech_T4408,2,Evening
T4409,Tech_T4409,4,Evening
T4410,Tech_T4410,4,Mixed
T4411,Tech_T4411,4,Mixed
T4412,Tech_T4412,6,Evening
T4413,Tech_T4413,6,Evening
T4414,Tech_T4414,8,Evening
T4415,Tech_T4415,10,Day
T4416,Tech_T4416,3,Evening
T4417,Tech_T4417,6,Mixed
T4418,Tech_T4418,10,Evening
T4419,Tech_T4419,5,Day
T4420,Tech_T4420,2,Day
T4421,Tech_T4421,5,Day
T4422,Tech_T4422,8,Mixed
T4423,Tech_T4423,6,Evening
T4424,Tech_T4424,6,Evening
T4425,Tech_T4425,2,Mixed
T4426,Tech_T4426,5,Mixed
T4427,Tech_T4427,8,Evening
T4428,Tech_T4428,10,Mixed
T4429,Tech_T4429,9,Evening
T4430,Tech_T4430,5,Evening
T4431,Tech_T4431,1,Evening
T4432,Tech_T4432,9,Day
T4433,Tech_T4433,2,Evening
T4434,Tech_T4434,2,Day
T4435,Tech_T4435,4,Day
T4436,Tech_T4436,8,Day
T4437,Tech_T4437,8,Evening
T4438,Tech_T4438,3,Mixed
T4439,Tech_T4439,4,Evening
T4440,Tech_T4440,1,Evening
T4441,Tech_T4441,2,Day
T4442,Tech_T4442,10,Day
T4443,Tech_T4443,2,Evening
T4444,Tech_T4444,8,Day
T4445,Tech_T4445,5,Evening
T4446,Tech_T4446,5,Day
T4447,Tech_T4447,1,Evening
T4448,Tech_T4448,6,Mixed
T4449,Tech_T4449,1,Evening
T4450,Tech_T4450,3,Mixed
T4451,Tech_T4451,3,Mixed
T4452,Tech_T4452,9,Evening
T4453,Tech_T4453,5,Day
T4454,Tech_T4454,9,Day
T4455,Tech_T4455,2,Day
T4456,Tech_T4456,8,Day
T4457,Tech_T4457,2,Day
T4458,Tech_T4458,2,Day
T4459,Tech_T4459,8,Evening
T4460,Tech_T4460,1,Mixed
T4461,Tech_T4461,7,Day
T4462,Tech_T4462,1,Evening
T4463,Tech_T4463,5,Day
T4464,Tech_T4464,2,Day
T4465,Tech_T4465,1,Mixed
T4466,Tech_T4466,4,Evening
T4467,Tech_T4467,1,Evening
T4468,Tech_T4468,4,Mixed
T4469,Tech_T4469,2,Day
T4470,Tech_T4470,9,Day
T4471,Tech_T4471,8,Mixed
T4472,Tech_T4472,6,Mixed
T4473,Tech_T4473,5,Mixed
T4474,Tech_T4474,8,Mixed
T4475,Tech_T4475,8,Day
T4476,Tech_T4476,9,Day
T4477,Tech_T4477,4,Mixed
T4478,Tech_T4478,10,Mixed
T4479,Tech_T4479,8,Mixed
T4480,Tech_T4480,5,Evening
T4481,Tech_T4481,9,Day
T4482,Tech_T4482,6,Day
T4483,Tech_T4483,7,Evening
T4484,Tech_T4484,7,Evening
T4485,Tech_T4485,6,Day
T4486,Tech_T4486,3,Evening
T4487,Tech_T4487,7,Day
T4488,Tech_T4488,7,Evening
T4489,Tech_T4489,3,Mixed
T4490,Tech_T4490,9,Evening
T4491,Tech_T4491,8,Mixed
T4492,Tech_T4492,10,Evening
T4493,Tech_T4493,3,Day
T4494,Tech_T4494,3,Evening
T4495,Tech_T4495,3,Mixed
T4496,Tech_T4496,9,Mixed
T4497,Tech_T4497,2,Evening
T4498,Tech_T4498,4,Day
T4499,Tech_T4499,2,Evening
T4500,Tech_T4500,1,Day
T4501,Tech_T4501,2,Mixed
T4502,Tech_T4502,8,Day
T4503,Tech_T4503,10,Mixed
T4504,Tech_T4504,7,Evening
T4505,Tech_T4505,6,Mixed
T4506,Tech_T4506,2,Mixed
T4507,Tech_T4507,6,Evening
T4508,Tech_T4508,8,Evening
T4509,Tech_T4509,6,Evening
T4510,Tech_T4510,4,Mixed
T4511,Tech_T4511,6,Mixed
T4512,Tech_T4512,10,Mixed
T4513,Tech_T4513,3,Day
T4514,Tech_T4514,10,Evening
T4515,Tech_T4515,1,Day
T4516,Tech_T4516,9,Evening
T4517,Tech_T4517,5,Mixed
T4518,Tech_T4518,1,Day
T4519,Tech_T4519,2,Day
T4520,Tech_T4520,5,Day
T4521,Tech_T4521,8,Evening
T4522,Tech_T4522,1,Mixed
T4523,Tech_T4523,3,Mixed
T4524,Tech_T4524,10,Evening
T4525,Tech_T4525,4,Day
T4526,Tech_T4526,5,Evening
T4527,Tech_T4527,8,Day
T4528,Tech_T4528,1,Evening
T4529,Tech_T4529,6,Mixed
T4530,Tech_T4530,4,Evening
T4531,Tech_T4531,8,Day
T4532,Tech_T4532,10,Evening
T4533,Tech_T4533,4,Day
T4534,Tech_T4534,8,Day
T4535,Tech_T4535,4,Day
T4536,Tech_T4536,10,Evening
T4537,Tech_T4537,2,Mixed
T4538,Tech_T4538,2,Evening
T4539,Tech_T4539,3,Mixed
T4540,Tech_T4540,1,Mixed
T4541,Tech_T4541,9,Mixed
T4542,Tech_T4542,8,Mixed
T4543,Tech_T4543,5,Mixed
T4544,Tech_T4544,5,Day
T4545,Tech_T4545,3,Evening
T4546,Tech_T4546,8,Mixed
T4547,Tech_T4547,4,Day
T4548,Tech_T4548,4,Evening
T4549,Tech_T4549,3,Mixed
T4550,Tech_T4550,4,Evening
T4551,Tech_T4551,9,Evening
T4552,Tech_T4552,5,Evening
T4553,Tech_T4553,9,Evening
T4554,Tech_T4554,1,Mixed
T4555,Tech_T4555,2,Mixed
T4556,Tech_T4556,1,Day
T4557,Tech_T4557,10,Day
T4558,Tech_T4558,4,Evening
T4559,Tech_T4559,10,Mixed
T4560,Tech_T4560,1,Evening
T4561,Tech_T4561,10,Day
T4562,Tech_T4562,5,Day
T4563,Tech_T4563,3,Day
T4564,Tech_T4564,10,Mixed
T4565,Tech_T4565,6,Day
T4566,Tech_T4566,10,Day
T4567,Tech_T4567,5,Day
T4568,Tech_T4568,1,Evening
T4569,Tech_T4569,2,Evening
T4570,Tech_T4570,2,Day
T4571,Tech_T4571,10,Day
T4572,Tech_T4572,1,Day
T4573,Tech_T4573,4,Mixed
T4574,Tech_T4574,10,Day
T4575,Tech_T4575,7,Day
T4576,Tech_T4576,7,Evening
T4577,Tech_T4577,2,Evening
T4578,Tech_T4578,5,Evening
T4579,Tech_T4579,1,Evening
T4580,Tech_T4580,1,Mixed
T4581,Tech_T4581,10,Evening
T4582,Tech_T4582,7,Day
T4583,Tech_T4583,5,Mixed
T4584,Tech_T4584,5,Mixed
T4585,Tech_T4585,3,Mixed
T4586,Tech_T4586,2,Day
T4587,Tech_T4587,4,Evening
T4588,Tech_T4588,8,Mixed
T4589,Tech_T4589,6,Mixed
T4590,Tech_T4590,7,Evening
T4591,Tech_T4591,9,Mixed
T4592,Tech_T4592,4,Day
T4593,Tech_T4593,10,Evening
T4594,Tech_T4594,9,Mixed
T4595,Tech_T4595,8,Day
T4596,Tech_T4596,9,Day
T4597,Tech_T4597,10,Day
T4598,Tech_T4598,7,Mixed
T4599,Tech_T4599,8,Mixed
T4600,Tech_T4600,7,Day
T4601,Tech_T4601,6,Mixed
T4602,Tech_T4602,6,Day
T4603,Tech_T4603,5,Evening
T4604,Tech_T4604,3,Evening
T4605,Tech_T4605,7,Evening
T4606,Tech_T4606,9,Evening
T4607,Tech_T4607,3,Evening
T4608,Tech_T4608,5,Day
T4609,Tech_T4609,6,Evening
T4610,Tech_T4610,9,Mixed
T4611,Tech_T4611,4,Evening
T4612,Tech_T4612,8,Mixed
T4613,Tech_T4613,9,Evening
T4614,Tech_T4614,8,Mixed
T4615,Tech_T4615,7,Evening
T4616,Tech_T4616,2,Day
T4617,Tech_T4617,10,Mixed
T4618,Tech_T4618,6,Evening
T4619,Tech_T4619,9,Evening
T4620,Tech_T4620,3,Day
T4621,Tech_T4621,3,Evening
T4622,Tech_T4622,2,Day
T4623,Tech_T4623,6,Day
T4624,Tech_T4624,3,Evening
T4625,Tech_T4625,9,Day
T4626,Tech_T4626,6,Evening
T4627,Tech_T4627,7,Evening
T4628,Tech_T4628,1,Evening
T4629,Tech_T4629,1,Evening
T4630,Tech_T4630,10,Evening
T4631,Tech_T4631,8,Day
T4632,Tech_T4632,8,Evening
T4633,Tech_T4633,7,Evening
T4634,Tech_T4634,3,Evening
T4635,Tech_T4635,3,Day
T4636,Tech_T4636,6,Day
T4637,Tech_T4637,1,Day
T4638,Tech_T4638,1,Mixed
T4639,Tech_T4639,10,Mixed
T4640,Tech_T4640,10,Mixed
T4641,Tech_T4641,3,Evening
T4642,Tech_T4642,9,Day
T4643,Tech_T4643,5,Day
T4644,Tech_T4644,7,Evening
T4645,Tech_T4645,10,Mixed
T4646,Tech_T4646,9,Day
T4647,Tech_T4647,2,Evening
T4648,Tech_T4648,2,Mixed
T4649,Tech_T4649,3,Mixed
T4650,Tech_T4650,8,Day
T4651,Tech_T4651,10,Mixed
T4652,Tech_T4652,8,Evening
T4653,Tech_T4653,7,Evening
T4654,Tech_T4654,6,Evening
T4655,Tech_T4655,6,Day
T4656,Tech_T4656,8,Mixed
T4657,Tech_T4657,7,Mixed
T4658,Tech_T4658,4,Evening
T4659,Tech_T4659,7,Evening
T4660,Tech_T4660,9,Mixed
T4661,Tech_T4661,5,Day
T4662,Tech_T4662,5,Evening
T4663,Tech_T4663,9,Day
T4664,Tech_T4664,2,Day
T4665,Tech_T4665,1,Evening
T4666,Tech_T4666,5,Mixed
T4667,Tech_T4667,3,Day
T4668,Tech_T4668,7,Evening
T4669,Tech_T4669,8,Mixed
T4670,Tech_T4670,7,Day
T4671,Tech_T4671,4,Mixed
T4672,Tech_T4672,2,Evening
T4673,Tech_T4673,7,Evening
T4674,Tech_T4674,3,Day
T4675,Tech_T4675,6,Evening
T4676,Tech_T4676,9,Evening
T4677,Tech_T4677,10,Mixed
T4678,Tech_T4678,7,Day
T4679,Tech_T4679,1,Mixed
T4680,Tech_T4680,7,Day
T4681,Tech_T4681,2,Mixed
T4682,Tech_T4682,2,Mixed
T4683,Tech_T4683,5,Day
T4684,Tech_T4684,8,Evening
T4685,Tech_T4685,8,Evening
T4686,Tech_T4686,10,Mixed
T4687,Tech_T4687,6,Evening
T4688,Tech_T4688,10,Evening
T4689,Tech_T4689,10,Day
T4690,Tech_T4690,5,Mixed
T4691,Tech_T4691,5,Evening
T4692,Tech_T4692,2,Day
T4693,Tech_T4693,9,Day
T4694,Tech_T4694,4,Day
T4695,Tech_T4695,5,Evening
T4696,Tech_T4696,6,Day
T4697,Tech_T4697,1,Mixed
T4698,Tech_T4698,8,Day
T4699,Tech_T4699,2,Mixed
T4700,Tech_T4700,7,Evening
T4701,Tech_T4701,9,Day
T4702,Tech_T4702,4,Evening
T4703,Tech_T4703,4,Mixed
T4704,Tech_T4704,8,Evening
T4705,Tech_T4705,7,Day
T4706,Tech_T4706,7,Day
T4707,Tech_T4707,8,Mixed
T4708,Tech_T4708,10,Day
T4709,Tech_T4709,8,Mixed
T4710,Tech_T4710,9,Evening
T4711,Tech_T4711,7,Evening
T4712,Tech_T4712,4,Mixed
T4713,Tech_T4713,10,Evening
T4714,Tech_T4714,1,Day
T4715,Tech_T4715,7,Day
T4716,Tech_T4716,1,Mixed
T4717,Tech_T4717,5,Mixed
T4718,Tech_T4718,2,Mixed
T4719,Tech_T4719,7,Mixed
T4720,Tech_T4720,7,Mixed
T4721,Tech_T4721,7,Day
T4722,Tech_T4722,5,Evening
T4723,Tech_T4723,7,Mixed
T4724,Tech_T4724,1,Day
T4725,Tech_T4725,3,Mixed
T4726,Tech_T4726,3,Evening
T4727,Tech_T4727,9,Evening
T4728,Tech_T4728,4,Mixed
T4729,Tech_T4729,1,Evening
T4730,Tech_T4730,5,Mixed
T4731,Tech_T4731,1,Evening
T4732,Tech_T4732,3,Day
T4733,Tech_T4733,7,Day
T4734,Tech_T4734,2,Day
T4735,Tech_T4735,9,Evening
T4736,Tech_T4736,4,Evening
T4737,Tech_T4737,2,Mixed
T4738,Tech_T4738,5,Day
T4739,Tech_T4739,4,Day
T4740,Tech_T4740,5,Evening
T4741,Tech_T4741,3,Evening
T4742,Tech_T4742,8,Mixed
T4743,Tech_T4743,10,Day
T4744,Tech_T4744,7,Day
T4745,Tech_T4745,7,Day
T4746,Tech_T4746,5,Day
T4747,Tech_T4747,7,Evening
T4748,Tech_T4748,7,Day
T4749,Tech_T4749,2,Mixed
T4750,Tech_T4750,7,Evening
T4751,Tech_T4751,6,Mixed
T4752,Tech_T4752,1,Day
T4753,Tech_T4753,1,Evening
T4754,Tech_T4754,4,Evening
T4755,Tech_T4755,7,Day
T4756,Tech_T4756,4,Evening
T4757,Tech_T4757,5,Evening
T4758,Tech_T4758,2,Evening
T4759,Tech_T4759,9,Mixed
T4760,Tech_T4760,3,Evening
T4761,Tech_T4761,4,Day
T4762,Tech_T4762,6,Evening
T4763,Tech_T4763,2,Evening
T4764,Tech_T4764,1,Day
T4765,Tech_T4765,9,Evening
T4766,Tech_T4766,7,Day
T4767,Tech_T4767,7,Mixed
T4768,Tech_T4768,1,Day
T4769,Tech_T4769,7,Mixed
T4770,Tech_T4770,7,Day
T4771,Tech_T4771,10,Day
T4772,Tech_T4772,9,Mixed
T4773,Tech_T4773,10,Evening
T4774,Tech_T4774,7,Day
T4775,Tech_T4775,6,Day
T4776,Tech_T4776,9,Day
T4777,Tech_T4777,5,Evening
T4778,Tech_T4778,5,Day
T4779,Tech_T4779,8,Day
T4780,Tech_T4780,1,Mixed
T4781,Tech_T4781,2,Day
T4782,Tech_T4782,8,Day
T4783,Tech_T4783,4,Evening
T4784,Tech_T4784,10,Day
T4785,Tech_T4785,8,Evening
T4786,Tech_T4786,8,Day
T4787,Tech_T4787,10,Mixed
T4788,Tech_T4788,9,Day
T4789,Tech_T4789,3,Mixed
T4790,Tech_T4790,6,Day
T4791,Tech_T4791,5,Evening
T4792,Tech_T4792,1,Day
T4793,Tech_T4793,4,Day
T4794,Tech_T4794,7,Day
T4795,Tech_T4795,1,Day
T4796,Tech_T4796,9,Mixed
T4797,Tech_T4797,10,Mixed
T4798,Tech_T4798,9,Evening
T4799,Tech_T4799,1,Day
T4800,Tech_T4800,9,Evening
T4801,Tech_T4801,10,Day
T4802,Tech_T4802,6,Mixed
T4803,Tech_T4803,10,Day
T4804,Tech_T4804,1,Mixed
T4805,Tech_T4805,7,Evening
T4806,Tech_T4806,3,Evening
T4807,Tech_T4807,3,Mixed
T4808,Tech_T4808,5,Day
T4809,Tech_T4809,1,Evening
T4810,Tech_T4810,2,Mixed
T4811,Tech_T4811,7,Mixed
T4812,Tech_T4812,1,Day
T4813,Tech_T4813,8,Mixed
T4814,Tech_T4814,3,Evening
T4815,Tech_T4815,6,Mixed
T4816,Tech_T4816,9,Mixed
T4817,Tech_T4817,1,Day
T4818,Tech_T4818,3,Mixed
T4819,Tech_T4819,5,Evening
T4820,Tech_T4820,7,Mixed
T4821,Tech_T4821,2,Evening
T4822,Tech_T4822,10,Day
T4823,Tech_T4823,7,Mixed
T4824,Tech_T4824,6,Day
T4825,Tech_T4825,1,Mixed
T4826,Tech_T4826,4,Mixed
T4827,Tech_T4827,4,Evening
T4828,Tech_T4828,4,Mixed
T4829,Tech_T4829,2,Mixed
T4830,Tech_T4830,4,Day
T4831,Tech_T4831,8,Day
T4832,Tech_T4832,3,Day
T4833,Tech_T4833,9,Day
T4834,Tech_T4834,8,Mixed
T4835,Tech_T4835,7,Day
T4836,Tech_T4836,8,Evening
T4837,Tech_T4837,4,Mixed
T4838,Tech_T4838,6,Mixed
T4839,Tech_T4839,5,Mixed
T4840,Tech_T4840,3,Evening
T4841,Tech_T4841,8,Evening
T4842,Tech_T4842,9,Day
T4843,Tech_T4843,8,Mixed
T4844,Tech_T4844,8,Evening
T4845,Tech_T4845,6,Day
T4846,Tech_T4846,4,Mixed
T4847,Tech_T4847,1,Day
T4848,Tech_T4848,3,Evening
T4849,Tech_T4849,3,Evening
T4850,Tech_T4850,3,Mixed
T4851,Tech_T4851,2,Mixed
T4852,Tech_T4852,8,Evening
T4853,Tech_T4853,4,Evening
T4854,Tech_T4854,10,Evening
T4855,Tech_T4855,2,Mixed
T4856,Tech_T4856,2,Mixed
T4857,Tech_T4857,8,Evening
T4858,Tech_T4858,10,Evening
T4859,Tech_T4859,5,Evening
T4860,Tech_T4860,10,Mixed
T4861,Tech_T4861,1,Evening
T4862,Tech_T4862,6,Evening
T4863,Tech_T4863,5,Evening
T4864,Tech_T4864,5,Mixed
T4865,Tech_T4865,4,Day
T4866,Tech_T4866,6,Mixed
T4867,Tech_T4867,7,Day
T4868,Tech_T4868,10,Day
T4869,Tech_T4869,3,Day
T4870,Tech_T4870,3,Evening
T4871,Tech_T4871,9,Day
T4872,Tech_T4872,6,Mixed
T4873,Tech_T4873,9,Mixed
T4874,Tech_T4874,6,Day
T4875,Tech_T4875,4,Day
T4876,Tech_T4876,3,Day
T4877,Tech_T4877,7,Mixed
T4878,Tech_T4878,4,Day
T4879,Tech_T4879,6,Evening
T4880,Tech_T4880,7,Day
T4881,Tech_T4881,7,Mixed
T4882,Tech_T4882,2,Evening
T4883,Tech_T4883,4,Mixed
T4884,Tech_T4884,10,Evening
T4885,Tech_T4885,4,Day
T4886,Tech_T4886,8,Day
T4887,Tech_T4887,4,Day
T4888,Tech_T4888,3,Evening
T4889,Tech_T4889,1,Evening
T4890,Tech_T4890,5,Day
T4891,Tech_T4891,2,Day
T4892,Tech_T4892,6,Evening
T4893,Tech_T4893,7,Mixed
T4894,Tech_T4894,4,Day
T4895,Tech_T4895,10,Day
T4896,Tech_T4896,5,Mixed
T4897,Tech_T4897,7,Evening
T4898,Tech_T4898,1,Evening
T4899,Tech_T4899,8,Mixed
T4900,Tech_T4900,10,Evening
T4901,Tech_T4901,10,Evening
T4902,Tech_T4902,9,Day
T4903,Tech_T4903,7,Evening
T4904,Tech_T4904,5,Evening
T4905,Tech_T4905,6,Mixed
T4906,Tech_T4906,10,Day
T4907,Tech_T4907,4,Evening
T4908,Tech_T4908,6,Evening
T4909,Tech_T4909,5,Evening
T4910,Tech_T4910,9,Day
T4911,Tech_T4911,3,Day
T4912,Tech_T4912,7,Day
T4913,Tech_T4913,4,Mixed
T4914,Tech_T4914,6,Evening
T4915,Tech_T4915,5,Day
T4916,Tech_T4916,9,Mixed
T4917,Tech_T4917,5,Mixed
T4918,Tech_T4918,2,Day
T4919,Tech_T4919,4,Day
T4920,Tech_T4920,3,Mixed
T4921,Tech_T4921,6,Mixed
T4922,Tech_T4922,1,Day
T4923,Tech_T4923,6,Mixed
T4924,Tech_T4924,3,Mixed
T4925,Tech_T4925,6,Evening
T4926,Tech_T4926,7,Evening
T4927,Tech_T4927,6,Evening
T4928,Tech_T4928,10,Evening
T4929,Tech_T4929,4,Mixed
T4930,Tech_T4930,5,Day
T4931,Tech_T4931,8,Mixed
T4932,Tech_T4932,8,Evening
T4933,Tech_T4933,3,Mixed
T4934,Tech_T4934,10,Day
T4935,Tech_T4935,2,Day
T4936,Tech_T4936,4,Evening
T4937,Tech_T4937,2,Mixed
T4938,Tech_T4938,10,Evening
T4939,Tech_T4939,5,Mixed
T4940,Tech_T4940,9,Mixed
T4941,Tech_T4941,8,Mixed
T4942,Tech_T4942,2,Day
T4943,Tech_T4943,5,Evening
T4944,Tech_T4944,1,Day
T4945,Tech_T4945,6,Evening
T4946,Tech_T4946,6,Day
T4947,Tech_T4947,3,Mixed
T4948,Tech_T4948,5,Day
T4949,Tech_T4949,4,Evening
T4950,Tech_T4950,10,Day
T4951,Tech_T4951,5,Mixed
T4952,Tech_T4952,2,Day
T4953,Tech_T4953,6,Evening
T4954,Tech_T4954,6,Evening
T4955,Tech_T4955,6,Mixed
T4956,Tech_T4956,9,Mixed
T4957,Tech_T4957,2,Evening
T4958,Tech_T4958,10,Day
T4959,Tech_T4959,9,Day
T4960,Tech_T4960,3,Day
T4961,Tech_T4961,6,Evening
T4962,Tech_T4962,8,Mixed
T4963,Tech_T4963,5,Day
T4964,Tech_T4964,3,Mixed
T4965,Tech_T4965,4,Mixed
T4966,Tech_T4966,7,Day
T4967,Tech_T4967,10,Mixed
T4968,Tech_T4968,10,Day
T4969,Tech_T4969,6,Mixed
T4970,Tech_T4970,4,Evening
T4971,Tech_T4971,3,Mixed
T4972,Tech_T4972,4,Evening
T4973,Tech_T4973,6,Evening
T4974,Tech_T4974,2,Evening
T4975,Tech_T4975,6,Mixed
T4976,Tech_T4976,9,Day
T4977,Tech_T4977,5,Mixed
T4978,Tech_T4978,1,Mixed
T4979,Tech_T4979,2,Mixed
T4980,Tech_T4980,5,Mixed
T4981,Tech_T4981,1,Day
T4982,Tech_T4982,2,Day
T4983,Tech_T4983,8,Evening
T4984,Tech_T4984,9,Evening
T4985,Tech_T4985,4,Day
T4986,Tech_T4986,6,Mixed
T4987,Tech_T4987,5,Day
T4988,Tech_T4988,3,Mixed
T4989,Tech_T4989,3,Day
T4990,Tech_T4990,2,Evening
T4991,Tech_T4991,4,Day
T4992,Tech_T4992,2,Evening
T4993,Tech_T4993,5,Day
T4994,Tech_T4994,9,Evening
T4995,Tech_T4995,9,Day
T4996,Tech_T4996,1,Mixed
T4997,Tech_T4997,4,Day
T4998,Tech_T4998,5,Evening
T4999,Tech_T4999,3,Mixed
T5000,Tech_T5000,4,Day
T5001,Tech_T5001,2,Evening
T5002,Tech_T5002,6,Day
T5003,Tech_T5003,1,Evening
T5004,Tech_T5004,4,Day
T5005,Tech_T5005,2,Mixed
T5006,Tech_T5006,5,Evening
T5007,Tech_T5007,9,Mixed
T5008,Tech_T5008,4,Day
T5009,Tech_T5009,4,Mixed
T5010,Tech_T5010,9,Day
T5011,Tech_T5011,9,Evening
T5012,Tech_T5012,8,Mixed
T5013,Tech_T5013,9,Mixed
T5014,Tech_T5014,9,Evening
T5015,Tech_T5015,9,Evening
T5016,Tech_T5016,5,Mixed
T5017,Tech_T5017,3,Mixed
T5018,Tech_T5018,3,Day
T5019,Tech_T5019,3,Mixed
T5020,Tech_T5020,10,Mixed
T5021,Tech_T5021,6,Mixed
T5022,Tech_T5022,5,Mixed
T5023,Tech_T5023,9,Evening
T5024,Tech_T5024,3,Mixed
T5025,Tech_T5025,3,Day
T5026,Tech_T5026,10,Mixed
T5027,Tech_T5027,3,Evening
T5028,Tech_T5028,9,Mixed
T5029,Tech_T5029,7,Evening
T5030,Tech_T5030,9,Evening
T5031,Tech_T5031,6,Mixed
T5032,Tech_T5032,9,Mixed
T5033,Tech_T5033,7,Evening
T5034,Tech_T5034,7,Mixed
T5035,Tech_T5035,9,Day
T5036,Tech_T5036,1,Day
T5037,Tech_T5037,4,Evening
T5038,Tech_T5038,4,Evening
T5039,Tech_T5039,3,Evening
T5040,Tech_T5040,8,Day
T5041,Tech_T5041,3,Mixed
T5042,Tech_T5042,2,Mixed
T5043,Tech_T5043,2,Evening
T5044,Tech_T5044,4,Evening
T5045,Tech_T5045,5,Evening
T5046,Tech_T5046,6,Day
T5047,Tech_T5047,6,Day
T5048,Tech_T5048,1,Mixed
T5049,Tech_T5049,1,Evening
T5050,Tech_T5050,8,Mixed
T5051,Tech_T5051,3,Evening
T5052,Tech_T5052,7,Day
T5053,Tech_T5053,9,Evening
T5054,Tech_T5054,2,Day
T5055,Tech_T5055,1,Day
T5056,Tech_T5056,5,Mixed
T5057,Tech_T5057,1,Mixed
T5058,Tech_T5058,10,Evening
T5059,Tech_T5059,6,Evening
T5060,Tech_T5060,10,Mixed
T5061,Tech_T5061,7,Evening
T5062,Tech_T5062,6,Day
T5063,Tech_T5063,10,Day
T5064,Tech_T5064,5,Day
T5065,Tech_T5065,7,Day
T5066,Tech_T5066,10,Evening
T5067,Tech_T5067,7,Day
T5068,Tech_T5068,3,Mixed
T5069,Tech_T5069,3,Evening
T5070,Tech_T5070,6,Evening
T5071,Tech_T5071,9,Evening
T5072,Tech_T5072,2,Evening
T5073,Tech_T5073,4,Mixed
T5074,Tech_T5074,3,Mixed
T5075,Tech_T5075,10,Evening
T5076,Tech_T5076,2,Mixed
T5077,Tech_T5077,1,Evening
T5078,Tech_T5078,2,Day
T5079,Tech_T5079,3,Evening
T5080,Tech_T5080,3,Evening
T5081,Tech_T5081,7,Mixed
T5082,Tech_T5082,2,Mixed
T5083,Tech_T5083,4,Day
T5084,Tech_T5084,1,Day
T5085,Tech_T5085,2,Mixed
T5086,Tech_T5086,7,Evening
T5087,Tech_T5087,8,Evening
T5088,Tech_T5088,1,Mixed
T5089,Tech_T5089,6,Evening
T5090,Tech_T5090,6,Evening
T5091,Tech_T5091,9,Evening
T5092,Tech_T5092,3,Mixed
T5093,Tech_T5093,6,Mixed
T5094,Tech_T5094,2,Evening
T5095,Tech_T5095,5,Evening
T5096,Tech_T5096,3,Day
T5097,Tech_T5097,7,Evening
T5098,Tech_T5098,7,Evening
T5099,Tech_T5099,7,Evening
T5100,Tech_T5100,6,Evening
T5101,Tech_T5101,9,Evening
T5102,Tech_T5102,10,Mixed
T5103,Tech_T5103,5,Evening
T5104,Tech_T5104,10,Evening
T5105,Tech_T5105,7,Day
T5106,Tech_T5106,2,Evening
T5107,Tech_T5107,5,Mixed
T5108,Tech_T5108,9,Day
T5109,Tech_T5109,4,Day
T5110,Tech_T5110,9,Mixed
T5111,Tech_T5111,3,Evening
T5112,Tech_T5112,1,Mixed
T5113,Tech_T5113,9,Mixed
T5114,Tech_T5114,9,Mixed
T5115,Tech_T5115,10,Day
T5116,Tech_T5116,9,Evening
T5117,Tech_T5117,10,Day
T5118,Tech_T5118,1,Day
T5119,Tech_T5119,5,Evening
T5120,Tech_T5120,2,Evening
T5121,Tech_T5121,4,Mixed
T5122,Tech_T5122,3,Evening
T5123,Tech_T5123,6,Evening
T5124,Tech_T5124,2,Day
T5125,Tech_T5125,2,Mixed
T5126,Tech_T5126,8,Day
T5127,Tech_T5127,2,Mixed
T5128,Tech_T5128,4,Evening
T5129,Tech_T5129,7,Evening
T5130,Tech_T5130,2,Evening
T5131,Tech_T5131,3,Day
T5132,Tech_T5132,10,Day
T5133,Tech_T5133,4,Evening
T5134,Tech_T5134,8,Mixed
T5135,Tech_T5135,2,Mixed
T5136,Tech_T5136,3,Day
T5137,Tech_T5137,5,Day
T5138,Tech_T5138,3,Day
T5139,Tech_T5139,9,Mixed
T5140,Tech_T5140,7,Mixed
T5141,Tech_T5141,10,Evening
T5142,Tech_T5142,10,Evening
T5143,Tech_T5143,4,Evening
T5144,Tech_T5144,2,Evening
T5145,Tech_T5145,2,Mixed
T5146,Tech_T5146,2,Evening
T5147,Tech_T5147,6,Day
T5148,Tech_T5148,10,Evening
T5149,Tech_T5149,6,Evening
T5150,Tech_T5150,9,Evening
T5151,Tech_T5151,3,Day
T5152,Tech_T5152,5,Evening
T5153,Tech_T5153,9,Mixed
T5154,Tech_T5154,8,Day
T5155,Tech_T5155,10,Mixed
T5156,Tech_T5156,3,Day
T5157,Tech_T5157,8,Mixed
T5158,Tech_T5158,5,Day
T5159,Tech_T5159,2,Evening
T5160,Tech_T5160,1,Evening
T5161,Tech_T5161,1,Day
T5162,Tech_T5162,3,Evening
T5163,Tech_T5163,3,Evening
T5164,Tech_T5164,7,Evening
T5165,Tech_T5165,10,Day
T5166,Tech_T5166,8,Day
T5167,Tech_T5167,4,Evening
T5168,Tech_T5168,1,Mixed
T5169,Tech_T5169,1,Evening
T5170,Tech_T5170,8,Evening
T5171,Tech_T5171,4,Evening
T5172,Tech_T5172,9,Evening
T5173,Tech_T5173,3,Mixed
T5174,Tech_T5174,10,Day
T5175,Tech_T5175,2,Day
T5176,Tech_T5176,10,Day
T5177,Tech_T5177,9,Day
T5178,Tech_T5178,5,Day
T5179,Tech_T5179,8,Evening
T5180,Tech_T5180,5,Mixed
T5181,Tech_T5181,10,Mixed
T5182,Tech_T5182,2,Mixed
T5183,Tech_T5183,3,Evening
T5184,Tech_T5184,3,Day
T5185,Tech_T5185,8,Evening
T5186,Tech_T5186,7,Day
T5187,Tech_T5187,8,Day
T5188,Tech_T5188,4,Evening
T5189,Tech_T5189,5,Mixed
T5190,Tech_T5190,1,Day
T5191,Tech_T5191,5,Evening
T5192,Tech_T5192,9,Mixed
T5193,Tech_T5193,7,Mixed
T5194,Tech_T5194,6,Mixed
T5195,Tech_T5195,1,Mixed
T5196,Tech_T5196,10,Mixed
T5197,Tech_T5197,1,Day
T5198,Tech_T5198,8,Mixed
T5199,Tech_T5199,10,Evening
T5200,Tech_T5200,5,Day
T5201,Tech_T5201,8,Day
T5202,Tech_T5202,2,Day
T5203,Tech_T5203,6,Evening
T5204,Tech_T5204,7,Mixed
T5205,Tech_T5205,7,Day
T5206,Tech_T5206,1,Day
T5207,Tech_T5207,8,Day
T5208,Tech_T5208,9,Day
T5209,Tech_T5209,5,Evening
T5210,Tech_T5210,1,Mixed
T5211,Tech_T5211,5,Mixed
T5212,Tech_T5212,5,Day
T5213,Tech_T5213,5,Evening
T5214,Tech_T5214,3,Evening
T5215,Tech_T5215,7,Day
T5216,Tech_T5216,6,Day
T5217,Tech_T5217,6,Evening
T5218,Tech_T5218,2,Evening
T5219,Tech_T5219,4,Evening
T5220,Tech_T5220,6,Mixed
T5221,Tech_T5221,5,Evening
T5222,Tech_T5222,1,Day
T5223,Tech_T5223,6,Evening
T5224,Tech_T5224,4,Evening
T5225,Tech_T5225,9,Evening
T5226,Tech_T5226,8,Day
T5227,Tech_T5227,2,Mixed
T5228,Tech_T5228,3,Mixed
T5229,Tech_T5229,7,Day
T5230,Tech_T5230,7,Evening
T5231,Tech_T5231,7,Day
T5232,Tech_T5232,9,Evening
T5233,Tech_T5233,8,Day
T5234,Tech_T5234,3,Evening
T5235,Tech_T5235,6,Mixed
T5236,Tech_T5236,3,Evening
T5237,Tech_T5237,4,Mixed
T5238,Tech_T5238,9,Evening
T5239,Tech_T5239,10,Evening
T5240,Tech_T5240,10,Day
T5241,Tech_T5241,4,Day
T5242,Tech_T5242,8,Mixed
T5243,Tech_T5243,4,Mixed
T5244,Tech_T5244,8,Day
T5245,Tech_T5245,3,Mixed
T5246,Tech_T5246,6,Day
T5247,Tech_T5247,1,Evening
T5248,Tech_T5248,6,Day
T5249,Tech_T5249,1,Day
T5250,Tech_T5250,9,Day
T5251,Tech_T5251,3,Day
T5252,Tech_T5252,6,Mixed
T5253,Tech_T5253,9,Evening
T5254,Tech_T5254,9,Day
T5255,Tech_T5255,4,Evening
T5256,Tech_T5256,1,Evening
T5257,Tech_T5257,9,Evening
T5258,Tech_T5258,5,Day
T5259,Tech_T5259,8,Mixed
T5260,Tech_T5260,9,Day
T5261,Tech_T5261,8,Mixed
T5262,Tech_T5262,5,Evening
T5263,Tech_T5263,7,Mixed
T5264,Tech_T5264,2,Day
T5265,Tech_T5265,1,Day
T5266,Tech_T5266,8,Mixed
T5267,Tech_T5267,1,Day
T5268,Tech_T5268,9,Mixed
T5269,Tech_T5269,5,Evening
T5270,Tech_T5270,5,Evening
T5271,Tech_T5271,8,Mixed
T5272,Tech_T5272,6,Evening
T5273,Tech_T5273,5,Day
T5274,Tech_T5274,10,Mixed
T5275,Tech_T5275,1,Evening
T5276,Tech_T5276,6,Day
T5277,Tech_T5277,3,Mixed
T5278,Tech_T5278,9,Evening
T5279,Tech_T5279,2,Evening
T5280,Tech_T5280,7,Evening
T5281,Tech_T5281,3,Evening
T5282,Tech_T5282,5,Day
T5283,Tech_T5283,1,Mixed
T5284,Tech_T5284,4,Evening
T5285,Tech_T5285,10,Evening
T5286,Tech_T5286,10,Day
T5287,Tech_T5287,9,Evening
T5288,Tech_T5288,2,Evening
T5289,Tech_T5289,1,Day
T5290,Tech_T5290,3,Evening
T5291,Tech_T5291,1,Day
T5292,Tech_T5292,5,Evening
T5293,Tech_T5293,8,Mixed
T5294,Tech_T5294,5,Evening
T5295,Tech_T5295,2,Day
T5296,Tech_T5296,2,Mixed
T5297,Tech_T5297,6,Evening
T5298,Tech_T5298,2,Evening
T5299,Tech_T5299,7,Day
T5300,Tech_T5300,7,Mixed
T5301,Tech_T5301,7,Mixed
T5302,Tech_T5302,5,Day
T5303,Tech_T5303,9,Evening
T5304,Tech_T5304,6,Evening
T5305,Tech_T5305,3,Evening
T5306,Tech_T5306,3,Mixed
T5307,Tech_T5307,3,Evening
T5308,Tech_T5308,5,Mixed
T5309,Tech_T5309,8,Day
T5310,Tech_T5310,7,Evening
T5311,Tech_T5311,4,Evening
T5312,Tech_T5312,9,Evening
T5313,Tech_T5313,5,Mixed
T5314,Tech_T5314,9,Evening
T5315,Tech_T5315,5,Evening
T5316,Tech_T5316,4,Mixed
T5317,Tech_T5317,1,Mixed
T5318,Tech_T5318,6,Mixed
T5319,Tech_T5319,9,Mixed
T5320,Tech_T5320,7,Day
T5321,Tech_T5321,3,Evening
T5322,Tech_T5322,4,Day
T5323,Tech_T5323,1,Evening
T5324,Tech_T5324,1,Mixed
T5325,Tech_T5325,6,Evening
T5326,Tech_T5326,1,Evening
T5327,Tech_T5327,7,Mixed
T5328,Tech_T5328,6,Mixed
T5329,Tech_T5329,2,Evening
T5330,Tech_T5330,8,Evening
T5331,Tech_T5331,1,Evening
T5332,Tech_T5332,10,Day
T5333,Tech_T5333,4,Evening
T5334,Tech_T5334,7,Mixed
T5335,Tech_T5335,8,Mixed
T5336,Tech_T5336,1,Day
T5337,Tech_T5337,8,Day
T5338,Tech_T5338,6,Mixed
T5339,Tech_T5339,9,Mixed
T5340,Tech_T5340,8,Mixed
T5341,Tech_T5341,5,Mixed
T5342,Tech_T5342,9,Evening
T5343,Tech_T5343,6,Evening
T5344,Tech_T5344,7,Evening
T5345,Tech_T5345,8,Evening
T5346,Tech_T5346,3,Day
T5347,Tech_T5347,9,Evening
T5348,Tech_T5348,3,Mixed
T5349,Tech_T5349,3,Evening
T5350,Tech_T5350,6,Evening
T5351,Tech_T5351,9,Evening
T5352,Tech_T5352,4,Day
T5353,Tech_T5353,1,Mixed
T5354,Tech_T5354,5,Mixed
T5355,Tech_T5355,8,Mixed
T5356,Tech_T5356,8,Evening
T5357,Tech_T5357,7,Day
T5358,Tech_T5358,1,Day
T5359,Tech_T5359,5,Day
T5360,Tech_T5360,2,Evening
T5361,Tech_T5361,2,Mixed
T5362,Tech_T5362,7,Evening
T5363,Tech_T5363,4,Mixed
T5364,Tech_T5364,4,Mixed
T5365,Tech_T5365,10,Evening
T5366,Tech_T5366,2,Mixed
T5367,Tech_T5367,2,Evening
T5368,Tech_T5368,4,Mixed
T5369,Tech_T5369,4,Evening
T5370,Tech_T5370,9,Evening
T5371,Tech_T5371,6,Evening
T5372,Tech_T5372,9,Day
T5373,Tech_T5373,1,Day
T5374,Tech_T5374,1,Evening
T5375,Tech_T5375,8,Mixed
T5376,Tech_T5376,8,Evening
T5377,Tech_T5377,10,Evening
T5378,Tech_T5378,6,Mixed
T5379,Tech_T5379,2,Evening
T5380,Tech_T5380,5,Mixed
T5381,Tech_T5381,1,Mixed
T5382,Tech_T5382,3,Day
T5383,Tech_T5383,8,Day
T5384,Tech_T5384,1,Mixed
T5385,Tech_T5385,9,Mixed
T5386,Tech_T5386,8,Day
T5387,Tech_T5387,4,Evening
T5388,Tech_T5388,4,Day
T5389,Tech_T5389,5,Day
T5390,Tech_T5390,2,Mixed
T5391,Tech_T5391,2,Mixed
T5392,Tech_T5392,7,Mixed
T5393,Tech_T5393,1,Day
T5394,Tech_T5394,3,Day
T5395,Tech_T5395,8,Mixed
T5396,Tech_T5396,2,Day
T5397,Tech_T5397,3,Evening
T5398,Tech_T5398,5,Mixed
T5399,Tech_T5399,1,Day
T5400,Tech_T5400,4,Mixed
T5401,Tech_T5401,10,Mixed
T5402,Tech_T5402,6,Mixed
T5403,Tech_T5403,4,Evening
T5404,Tech_T5404,5,Mixed
T5405,Tech_T5405,2,Mixed
T5406,Tech_T5406,5,Day
T5407,Tech_T5407,5,Day
T5408,Tech_T5408,1,Day
T5409,Tech_T5409,7,Evening
T5410,Tech_T5410,9,Evening
T5411,Tech_T5411,6,Mixed
T5412,Tech_T5412,7,Evening
T5413,Tech_T5413,9,Day
T5414,Tech_T5414,4,Day
T5415,Tech_T5415,4,Day
T5416,Tech_T5416,7,Mixed
T5417,Tech_T5417,5,Evening
T5418,Tech_T5418,10,Day
T5419,Tech_T5419,6,Day
T5420,Tech_T5420,7,Day
T5421,Tech_T5421,2,Mixed
T5422,Tech_T5422,2,Evening
T5423,Tech_T5423,9,Day
T5424,Tech_T5424,4,Mixed
T5425,Tech_T5425,10,Evening
T5426,Tech_T5426,1,Day
T5427,Tech_T5427,2,Evening
T5428,Tech_T5428,9,Mixed
T5429,Tech_T5429,3,Mixed
T5430,Tech_T5430,1,Mixed
T5431,Tech_T5431,6,Day
T5432,Tech_T5432,9,Day
T5433,Tech_T5433,2,Evening
T5434,Tech_T5434,7,Mixed
T5435,Tech_T5435,1,Day
T5436,Tech_T5436,9,Day
T5437,Tech_T5437,1,Day
T5438,Tech_T5438,1,Mixed
T5439,Tech_T5439,9,Mixed
T5440,Tech_T5440,8,Mixed
T5441,Tech_T5441,6,Mixed
T5442,Tech_T5442,1,Evening
T5443,Tech_T5443,5,Day
T5444,Tech_T5444,4,Day
T5445,Tech_T5445,6,Evening
T5446,Tech_T5446,6,Evening
T5447,Tech_T5447,4,Evening
T5448,Tech_T5448,2,Evening
T5449,Tech_T5449,3,Mixed
T5450,Tech_T5450,2,Evening
T5451,Tech_T5451,4,Evening
T5452,Tech_T5452,2,Day
T5453,Tech_T5453,7,Day
T5454,Tech_T5454,3,Day
T5455,Tech_T5455,4,Evening
T5456,Tech_T5456,4,Mixed
T5457,Tech_T5457,9,Day
T5458,Tech_T5458,3,Day
T5459,Tech_T5459,6,Evening
T5460,Tech_T5460,1,Mixed
T5461,Tech_T5461,7,Day
T5462,Tech_T5462,1,Evening
T5463,Tech_T5463,10,Day
T5464,Tech_T5464,8,Day
T5465,Tech_T5465,2,Evening
T5466,Tech_T5466,4,Evening
T5467,Tech_T5467,1,Day
T5468,Tech_T5468,6,Day
T5469,Tech_T5469,3,Day
T5470,Tech_T5470,8,Mixed
T5471,Tech_T5471,5,Mixed
T5472,Tech_T5472,3,Mixed
T5473,Tech_T5473,3,Day
T5474,Tech_T5474,10,Evening
T5475,Tech_T5475,5,Evening
T5476,Tech_T5476,9,Mixed
T5477,Tech_T5477,7,Mixed
T5478,Tech_T5478,5,Day
T5479,Tech_T5479,6,Mixed
T5480,Tech_T5480,1,Mixed
T5481,Tech_T5481,10,Day
T5482,Tech_T5482,3,Mixed
T5483,Tech_T5483,10,Day
T5484,Tech_T5484,3,Mixed
T5485,Tech_T5485,4,Evening
T5486,Tech_T5486,7,Day
T5487,Tech_T5487,9,Day
T5488,Tech_T5488,6,Day
T5489,Tech_T5489,3,Evening
T5490,Tech_T5490,6,Day
T5491,Tech_T5491,4,Mixed
T5492,Tech_T5492,4,Evening
T5493,Tech_T5493,2,Mixed
T5494,Tech_T5494,5,Mixed
T5495,Tech_T5495,10,Day
T5496,Tech_T5496,4,Evening
T5497,Tech_T5497,8,Evening
T5498,Tech_T5498,5,Evening
T5499,Tech_T5499,4,Evening
T5500,Tech_T5500,6,Evening
T5501,Tech_T5501,6,Evening
T5502,Tech_T5502,3,Mixed
T5503,Tech_T5503,3,Mixed
T5504,Tech_T5504,1,Evening
T5505,Tech_T5505,1,Mixed
T5506,Tech_T5506,7,Mixed
T5507,Tech_T5507,8,Mixed
T5508,Tech_T5508,1,Evening
T5509,Tech_T5509,5,Mixed
T5510,Tech_T5510,6,Evening
T5511,Tech_T5511,1,Day
T5512,Tech_T5512,3,Evening
T5513,Tech_T5513,10,Day
T5514,Tech_T5514,1,Evening
T5515,Tech_T5515,2,Day
T5516,Tech_T5516,6,Evening
T5517,Tech_T5517,10,Day
T5518,Tech_T5518,5,Mixed
T5519,Tech_T5519,2,Day
T5520,Tech_T5520,5,Mixed
T5521,Tech_T5521,6,Evening
T5522,Tech_T5522,3,Mixed
T5523,Tech_T5523,10,Day
T5524,Tech_T5524,3,Evening
T5525,Tech_T5525,3,Evening
T5526,Tech_T5526,3,Evening
T5527,Tech_T5527,1,Day
T5528,Tech_T5528,5,Day
T5529,Tech_T5529,7,Mixed
T5530,Tech_T5530,1,Mixed
T5531,Tech_T5531,8,Mixed
T5532,Tech_T5532,1,Day
T5533,Tech_T5533,1,Mixed
T5534,Tech_T5534,7,Evening
T5535,Tech_T5535,9,Day
T5536,Tech_T5536,8,Mixed
T5537,Tech_T5537,10,Day
T5538,Tech_T5538,2,Day
T5539,Tech_T5539,4,Day
T5540,Tech_T5540,2,Evening
T5541,Tech_T5541,9,Day
T5542,Tech_T5542,8,Evening
T5543,Tech_T5543,8,Mixed
T5544,Tech_T5544,7,Day
T5545,Tech_T5545,1,Day
T5546,Tech_T5546,3,Evening
T5547,Tech_T5547,8,Day
T5548,Tech_T5548,3,Mixed
T5549,Tech_T5549,6,Evening
T5550,Tech_T5550,7,Mixed
T5551,Tech_T5551,7,Evening
T5552,Tech_T5552,4,Evening
T5553,Tech_T5553,4,Day
T5554,Tech_T5554,4,Evening
T5555,Tech_T5555,1,Evening
T5556,Tech_T5556,5,Day
T5557,Tech_T5557,8,Mixed
T5558,Tech_T5558,1,Evening
T5559,Tech_T5559,3,Evening
T5560,Tech_T5560,5,Day
T5561,Tech_T5561,2,Mixed
T5562,Tech_T5562,5,Evening
T5563,Tech_T5563,8,Day
T5564,Tech_T5564,2,Day
T5565,Tech_T5565,5,Mixed
T5566,Tech_T5566,8,Evening
T5567,Tech_T5567,7,Day
T5568,Tech_T5568,2,Mixed
T5569,Tech_T5569,5,Mixed
T5570,Tech_T5570,4,Day
T5571,Tech_T5571,8,Mixed
T5572,Tech_T5572,7,Evening
T5573,Tech_T5573,3,Mixed
T5574,Tech_T5574,10,Day
T5575,Tech_T5575,6,Day
T5576,Tech_T5576,5,Mixed
T5577,Tech_T5577,1,Mixed
T5578,Tech_T5578,5,Mixed
T5579,Tech_T5579,8,Evening
T5580,Tech_T5580,10,Day
T5581,Tech_T5581,8,Mixed
T5582,Tech_T5582,3,Day
T5583,Tech_T5583,3,Mixed
T5584,Tech_T5584,5,Day
T5585,Tech_T5585,7,Day
T5586,Tech_T5586,7,Day
T5587,Tech_T5587,10,Mixed
T5588,Tech_T5588,5,Evening
T5589,Tech_T5589,4,Evening
T5590,Tech_T5590,1,Evening
T5591,Tech_T5591,2,Evening
T5592,Tech_T5592,7,Day
T5593,Tech_T5593,1,Mixed
T5594,Tech_T5594,3,Mixed
T5595,Tech_T5595,4,Day
T5596,Tech_T5596,1,Day
T5597,Tech_T5597,10,Day
T5598,Tech_T5598,5,Mixed
T5599,Tech_T5599,9,Mixed
T5600,Tech_T5600,8,Mixed
T5601,Tech_T5601,3,Mixed
T5602,Tech_T5602,10,Day
T5603,Tech_T5603,5,Day
T5604,Tech_T5604,4,Mixed
T5605,Tech_T5605,3,Evening
T5606,Tech_T5606,2,Evening
T5607,Tech_T5607,2,Evening
T5608,Tech_T5608,2,Mixed
T5609,Tech_T5609,8,Evening
T5610,Tech_T5610,2,Evening
T5611,Tech_T5611,5,Day
T5612,Tech_T5612,3,Evening
T5613,Tech_T5613,5,Evening
T5614,Tech_T5614,7,Mixed
T5615,Tech_T5615,6,Mixed
T5616,Tech_T5616,3,Evening
T5617,Tech_T5617,9,Day
T5618,Tech_T5618,8,Mixed
T5619,Tech_T5619,3,Day
T5620,Tech_T5620,9,Evening
T5621,Tech_T5621,1,Evening
T5622,Tech_T5622,3,Mixed
T5623,Tech_T5623,7,Mixed
T5624,Tech_T5624,8,Day
T5625,Tech_T5625,9,Mixed
T5626,Tech_T5626,10,Day
T5627,Tech_T5627,3,Mixed
T5628,Tech_T5628,4,Mixed
T5629,Tech_T5629,2,Mixed
T5630,Tech_T5630,10,Day
T5631,Tech_T5631,1,Mixed
T5632,Tech_T5632,6,Evening
T5633,Tech_T5633,10,Day
T5634,Tech_T5634,4,Evening
T5635,Tech_T5635,2,Evening
T5636,Tech_T5636,9,Day
T5637,Tech_T5637,7,Evening
T5638,Tech_T5638,9,Day
T5639,Tech_T5639,10,Mixed
T5640,Tech_T5640,10,Day
T5641,Tech_T5641,6,Day
T5642,Tech_T5642,1,Day
T5643,Tech_T5643,9,Mixed
T5644,Tech_T5644,2,Day
T5645,Tech_T5645,5,Day
T5646,Tech_T5646,5,Evening
T5647,Tech_T5647,5,Mixed
T5648,Tech_T5648,5,Mixed
T5649,Tech_T5649,8,Evening
T5650,Tech_T5650,7,Mixed
T5651,Tech_T5651,5,Day
T5652,Tech_T5652,4,Day
T5653,Tech_T5653,1,Day
T5654,Tech_T5654,5,Evening
T5655,Tech_T5655,8,Day
T5656,Tech_T5656,4,Day
T5657,Tech_T5657,6,Mixed
T5658,Tech_T5658,10,Day
T5659,Tech_T5659,3,Evening
T5660,Tech_T5660,2,Day
T5661,Tech_T5661,7,Mixed
T5662,Tech_T5662,4,Day
T5663,Tech_T5663,10,Mixed
T5664,Tech_T5664,1,Day
T5665,Tech_T5665,6,Evening
T5666,Tech_T5666,6,Mixed
T5667,Tech_T5667,4,Day
T5668,Tech_T5668,10,Evening
T5669,Tech_T5669,3,Mixed
T5670,Tech_T5670,1,Evening
T5671,Tech_T5671,7,Mixed
T5672,Tech_T5672,10,Mixed
T5673,Tech_T5673,6,Evening
T5674,Tech_T5674,4,Mixed
T5675,Tech_T5675,4,Mixed
T5676,Tech_T5676,5,Day
T5677,Tech_T5677,3,Day
T5678,Tech_T5678,3,Evening
T5679,Tech_T5679,8,Evening
T5680,Tech_T5680,4,Evening
T5681,Tech_T5681,9,Mixed
T5682,Tech_T5682,1,Day
T5683,Tech_T5683,4,Evening
T5684,Tech_T5684,10,Evening
T5685,Tech_T5685,2,Evening
T5686,Tech_T5686,3,Day
T5687,Tech_T5687,10,Mixed
T5688,Tech_T5688,6,Evening
T5689,Tech_T5689,7,Mixed
T5690,Tech_T5690,4,Mixed
T5691,Tech_T5691,7,Day
T5692,Tech_T5692,3,Evening
T5693,Tech_T5693,7,Evening
T5694,Tech_T5694,10,Day
T5695,Tech_T5695,2,Day
T5696,Tech_T5696,1,Day
T5697,Tech_T5697,3,Evening
T5698,Tech_T5698,9,Mixed
T5699,Tech_T5699,3,Evening
T5700,Tech_T5700,3,Day
T5701,Tech_T5701,9,Day
T5702,Tech_T5702,10,Mixed
T5703,Tech_T5703,4,Evening
T5704,Tech_T5704,8,Evening
T5705,Tech_T5705,4,Day
T5706,Tech_T5706,1,Day
T5707,Tech_T5707,3,Day
T5708,Tech_T5708,7,Day
T5709,Tech_T5709,7,Mixed
T5710,Tech_T5710,6,Evening
T5711,Tech_T5711,1,Day
T5712,Tech_T5712,7,Evening
T5713,Tech_T5713,3,Day
T5714,Tech_T5714,8,Day
T5715,Tech_T5715,6,Evening
T5716,Tech_T5716,2,Day
T5717,Tech_T5717,9,Mixed
T5718,Tech_T5718,1,Evening
T5719,Tech_T5719,5,Mixed
T5720,Tech_T5720,10,Day
T5721,Tech_T5721,5,Mixed
T5722,Tech_T5722,10,Day
T5723,Tech_T5723,5,Day
T5724,Tech_T5724,2,Day
T5725,Tech_T5725,6,Day
T5726,Tech_T5726,10,Day
T5727,Tech_T5727,6,Day
T5728,Tech_T5728,10,Evening
T5729,Tech_T5729,4,Evening
T5730,Tech_T5730,8,Mixed
T5731,Tech_T5731,3,Mixed
T5732,Tech_T5732,4,Day
T5733,Tech_T5733,1,Mixed
T5734,Tech_T5734,7,Mixed
T5735,Tech_T5735,5,Evening
T5736,Tech_T5736,5,Mixed
T5737,Tech_T5737,6,Mixed
T5738,Tech_T5738,7,Mixed
T5739,Tech_T5739,8,Day
T5740,Tech_T5740,2,Day
T5741,Tech_T5741,10,Evening
T5742,Tech_T5742,7,Evening
T5743,Tech_T5743,1,Mixed
T5744,Tech_T5744,10,Evening
T5745,Tech_T5745,4,Mixed
T5746,Tech_T5746,7,Day
T5747,Tech_T5747,8,Day
T5748,Tech_T5748,6,Evening
T5749,Tech_T5749,3,Mixed
T5750,Tech_T5750,7,Mixed
T5751,Tech_T5751,2,Day
T5752,Tech_T5752,7,Day
T5753,Tech_T5753,10,Day
T5754,Tech_T5754,9,Day
T5755,Tech_T5755,10,Day
T5756,Tech_T5756,10,Evening
T5757,Tech_T5757,10,Day
T5758,Tech_T5758,3,Day
T5759,Tech_T5759,1,Mixed
T5760,Tech_T5760,3,Evening
T5761,Tech_T5761,9,Mixed
T5762,Tech_T5762,8,Mixed
T5763,Tech_T5763,10,Day
T5764,Tech_T5764,9,Day
T5765,Tech_T5765,7,Evening
T5766,Tech_T5766,10,Mixed
T5767,Tech_T5767,1,Evening
T5768,Tech_T5768,1,Evening
T5769,Tech_T5769,1,Mixed
T5770,Tech_T5770,7,Mixed
T5771,Tech_T5771,4,Mixed
T5772,Tech_T5772,9,Evening
T5773,Tech_T5773,7,Mixed
T5774,Tech_T5774,2,Evening
T5775,Tech_T5775,1,Evening
T5776,Tech_T5776,5,Mixed
T5777,Tech_T5777,6,Mixed
T5778,Tech_T5778,8,Day
T5779,Tech_T5779,1,Day
T5780,Tech_T5780,5,Day
T5781,Tech_T5781,8,Day
T5782,Tech_T5782,7,Mixed
T5783,Tech_T5783,10,Evening
T5784,Tech_T5784,5,Evening
T5785,Tech_T5785,8,Day
T5786,Tech_T5786,2,Mixed
T5787,Tech_T5787,5,Mixed
T5788,Tech_T5788,1,Mixed
T5789,Tech_T5789,6,Evening
T5790,Tech_T5790,4,Mixed
T5791,Tech_T5791,3,Evening
T5792,Tech_T5792,7,Evening
T5793,Tech_T5793,8,Mixed
T5794,Tech_T5794,5,Evening
T5795,Tech_T5795,8,Mixed
T5796,Tech_T5796,1,Mixed
T5797,Tech_T5797,5,Evening
T5798,Tech_T5798,8,Evening
T5799,Tech_T5799,7,Day
T5800,Tech_T5800,5,Evening
T5801,Tech_T5801,7,Mixed
T5802,Tech_T5802,8,Mixed
T5803,Tech_T5803,10,Evening
T5804,Tech_T5804,3,Day
T5805,Tech_T5805,8,Mixed
T5806,Tech_T5806,2,Day
T5807,Tech_T5807,4,Day
T5808,Tech_T5808,7,Evening
T5809,Tech_T5809,8,Day
T5810,Tech_T5810,4,Day
T5811,Tech_T5811,1,Evening
T5812,Tech_T5812,3,Evening
T5813,Tech_T5813,9,Day
T5814,Tech_T5814,5,Day
T5815,Tech_T5815,3,Day
T5816,Tech_T5816,7,Mixed
T5817,Tech_T5817,5,Day
T5818,Tech_T5818,7,Mixed
T5819,Tech_T5819,5,Mixed
T5820,Tech_T5820,8,Day
T5821,Tech_T5821,3,Mixed
T5822,Tech_T5822,4,Evening
T5823,Tech_T5823,5,Day
T5824,Tech_T5824,8,Day
T5825,Tech_T5825,7,Evening
T5826,Tech_T5826,5,Day
T5827,Tech_T5827,6,Evening
T5828,Tech_T5828,8,Mixed
T5829,Tech_T5829,4,Evening
T5830,Tech_T5830,4,Day
T5831,Tech_T5831,4,Evening
T5832,Tech_T5832,10,Day
T5833,Tech_T5833,9,Mixed
T5834,Tech_T5834,10,Day
T5835,Tech_T5835,1,Mixed
T5836,Tech_T5836,10,Mixed
T5837,Tech_T5837,9,Mixed
T5838,Tech_T5838,10,Evening
T5839,Tech_T5839,4,Mixed
T5840,Tech_T5840,8,Evening
T5841,Tech_T5841,7,Mixed
T5842,Tech_T5842,2,Mixed
T5843,Tech_T5843,2,Evening
T5844,Tech_T5844,7,Day
T5845,Tech_T5845,8,Mixed
T5846,Tech_T5846,10,Day
T5847,Tech_T5847,6,Evening
T5848,Tech_T5848,8,Day
T5849,Tech_T5849,1,Day
T5850,Tech_T5850,7,Evening
T5851,Tech_T5851,3,Evening
T5852,Tech_T5852,2,Mixed
T5853,Tech_T5853,6,Evening
T5854,Tech_T5854,9,Mixed
T5855,Tech_T5855,10,Evening
T5856,Tech_T5856,9,Mixed
T5857,Tech_T5857,8,Mixed
T5858,Tech_T5858,7,Evening
T5859,Tech_T5859,5,Mixed
T5860,Tech_T5860,7,Mixed
T5861,Tech_T5861,4,Mixed
T5862,Tech_T5862,4,Mixed
T5863,Tech_T5863,7,Day
T5864,Tech_T5864,3,Day
T5865,Tech_T5865,2,Day
T5866,Tech_T5866,9,Evening
T5867,Tech_T5867,10,Evening
T5868,Tech_T5868,7,Mixed
T5869,Tech_T5869,3,Day
T5870,Tech_T5870,8,Mixed
T5871,Tech_T5871,8,Day
T5872,Tech_T5872,6,Evening
T5873,Tech_T5873,7,Day
T5874,Tech_T5874,8,Mixed
T5875,Tech_T5875,2,Mixed
T5876,Tech_T5876,1,Evening
T5877,Tech_T5877,4,Mixed
T5878,Tech_T5878,7,Day
T5879,Tech_T5879,4,Evening
T5880,Tech_T5880,10,Mixed
T5881,Tech_T5881,7,Evening
T5882,Tech_T5882,4,Evening
T5883,Tech_T5883,3,Mixed
T5884,Tech_T5884,2,Evening
T5885,Tech_T5885,6,Day
T5886,Tech_T5886,2,Mixed
T5887,Tech_T5887,5,Evening
T5888,Tech_T5888,5,Day
T5889,Tech_T5889,4,Mixed
T5890,Tech_T5890,7,Evening
T5891,Tech_T5891,3,Day
T5892,Tech_T5892,4,Evening
T5893,Tech_T5893,10,Mixed
T5894,Tech_T5894,9,Mixed
T5895,Tech_T5895,3,Evening
T5896,Tech_T5896,2,Mixed
T5897,Tech_T5897,5,Mixed
T5898,Tech_T5898,8,Evening
T5899,Tech_T5899,5,Mixed
T5900,Tech_T5900,9,Mixed
T5901,Tech_T5901,5,Evening
T5902,Tech_T5902,7,Day
T5903,Tech_T5903,4,Mixed
T5904,Tech_T5904,6,Evening
T5905,Tech_T5905,5,Evening
T5906,Tech_T5906,8,Evening
T5907,Tech_T5907,4,Day
T5908,Tech_T5908,7,Day
T5909,Tech_T5909,8,Mixed
T5910,Tech_T5910,3,Day
T5911,Tech_T5911,6,Day
T5912,Tech_T5912,4,Day
T5913,Tech_T5913,3,Mixed
T5914,Tech_T5914,1,Mixed
T5915,Tech_T5915,10,Evening
T5916,Tech_T5916,8,Mixed
T5917,Tech_T5917,9,Day
T5918,Tech_T5918,3,Day
T5919,Tech_T5919,2,Day
T5920,Tech_T5920,10,Mixed
T5921,Tech_T5921,4,Evening
T5922,Tech_T5922,10,Day
T5923,Tech_T5923,8,Day
T5924,Tech_T5924,1,Mixed
T5925,Tech_T5925,8,Mixed
T5926,Tech_T5926,1,Day
T5927,Tech_T5927,2,Evening
T5928,Tech_T5928,1,Mixed
T5929,Tech_T5929,3,Day
T5930,Tech_T5930,6,Mixed
T5931,Tech_T5931,9,Mixed
T5932,Tech_T5932,10,Day
T5933,Tech_T5933,2,Evening
T5934,Tech_T5934,3,Evening
T5935,Tech_T5935,8,Mixed
T5936,Tech_T5936,1,Evening
T5937,Tech_T5937,7,Day
T5938,Tech_T5938,9,Mixed
T5939,Tech_T5939,1,Day
T5940,Tech_T5940,10,Evening
T5941,Tech_T5941,3,Evening
T5942,Tech_T5942,10,Mixed
T5943,Tech_T5943,1,Mixed
T5944,Tech_T5944,10,Evening
T5945,Tech_T5945,4,Day
T5946,Tech_T5946,6,Day
T5947,Tech_T5947,9,Evening
T5948,Tech_T5948,8,Evening
T5949,Tech_T5949,4,Mixed
T5950,Tech_T5950,7,Mixed
T5951,Tech_T5951,1,Evening
T5952,Tech_T5952,10,Evening
T5953,Tech_T5953,5,Day
T5954,Tech_T5954,10,Mixed
T5955,Tech_T5955,1,Mixed
T5956,Tech_T5956,1,Day
T5957,Tech_T5957,8,Evening
T5958,Tech_T5958,3,Evening
T5959,Tech_T5959,3,Day
T5960,Tech_T5960,8,Evening
T5961,Tech_T5961,2,Mixed
T5962,Tech_T5962,1,Day
T5963,Tech_T5963,1,Day
T5964,Tech_T5964,7,Evening
T5965,Tech_T5965,3,Mixed
T5966,Tech_T5966,4,Day
T5967,Tech_T5967,10,Mixed
T5968,Tech_T5968,4,Day
T5969,Tech_T5969,7,Day
T5970,Tech_T5970,6,Mixed
T5971,Tech_T5971,10,Day
T5972,Tech_T5972,4,Mixed
T5973,Tech_T5973,7,Day
T5974,Tech_T5974,3,Evening
T5975,Tech_T5975,6,Evening
T5976,Tech_T5976,2,Mixed
T5977,Tech_T5977,8,Evening
T5978,Tech_T5978,3,Day
T5979,Tech_T5979,8,Mixed
T5980,Tech_T5980,4,Evening
T5981,Tech_T5981,3,Evening
T5982,Tech_T5982,10,Mixed
T5983,Tech_T5983,3,Mixed
T5984,Tech_T5984,8,Day
T5985,Tech_T5985,4,Mixed
T5986,Tech_T5986,8,Evening
T5987,Tech_T5987,7,Day
T5988,Tech_T5988,7,Evening
T5989,Tech_T5989,5,Mixed
T5990,Tech_T5990,10,Day
T5991,Tech_T5991,4,Evening
T5992,Tech_T5992,4,Day
T5993,Tech_T5993,3,Mixed
T5994,Tech_T5994,2,Mixed
T5995,Tech_T5995,1,Mixed
T5996,Tech_T5996,1,Mixed
T5997,Tech_T5997,9,Day
T5998,Tech_T5998,5,Mixed
T5999,Tech_T5999,3,Evening
T6000,Tech_T6000,1,Day
T6001,Tech_T6001,1,Evening
T6002,Tech_T6002,6,Day
T6003,Tech_T6003,8,Day
T6004,Tech_T6004,2,Evening
T6005,Tech_T6005,7,Day
T6006,Tech_T6006,3,Day
T6007,Tech_T6007,7,Evening
T6008,Tech_T6008,9,Day
T6009,Tech_T6009,6,Mixed
T6010,Tech_T6010,9,Evening
T6011,Tech_T6011,7,Evening
T6012,Tech_T6012,6,Evening
T6013,Tech_T6013,4,Mixed
T6014,Tech_T6014,9,Mixed
T6015,Tech_T6015,8,Mixed
T6016,Tech_T6016,8,Mixed
T6017,Tech_T6017,8,Evening
T6018,Tech_T6018,1,Evening
T6019,Tech_T6019,10,Evening
T6020,Tech_T6020,5,Mixed
T6021,Tech_T6021,1,Day
T6022,Tech_T6022,2,Day
T6023,Tech_T6023,10,Evening
T6024,Tech_T6024,6,Day
T6025,Tech_T6025,2,Evening
T6026,Tech_T6026,1,Mixed
T6027,Tech_T6027,8,Evening
T6028,Tech_T6028,10,Day
T6029,Tech_T6029,6,Evening
T6030,Tech_T6030,6,Mixed
T6031,Tech_T6031,7,Day
T6032,Tech_T6032,3,Evening
T6033,Tech_T6033,5,Evening
T6034,Tech_T6034,5,Day
T6035,Tech_T6035,8,Evening
T6036,Tech_T6036,5,Evening
T6037,Tech_T6037,5,Day
T6038,Tech_T6038,2,Evening
T6039,Tech_T6039,2,Evening
T6040,Tech_T6040,6,Mixed
T6041,Tech_T6041,7,Evening
T6042,Tech_T6042,9,Day
T6043,Tech_T6043,9,Mixed
T6044,Tech_T6044,1,Mixed
T6045,Tech_T6045,4,Day
T6046,Tech_T6046,7,Day
T6047,Tech_T6047,8,Day
T6048,Tech_T6048,9,Mixed
T6049,Tech_T6049,2,Mixed
T6050,Tech_T6050,5,Day
T6051,Tech_T6051,9,Evening
T6052,Tech_T6052,4,Day
T6053,Tech_T6053,2,Mixed
T6054,Tech_T6054,6,Mixed
T6055,Tech_T6055,10,Day
T6056,Tech_T6056,2,Evening
T6057,Tech_T6057,6,Day
T6058,Tech_T6058,5,Mixed
T6059,Tech_T6059,3,Evening
T6060,Tech_T6060,4,Evening
T6061,Tech_T6061,4,Day
T6062,Tech_T6062,9,Day
T6063,Tech_T6063,9,Evening
T6064,Tech_T6064,2,Mixed
T6065,Tech_T6065,4,Day
T6066,Tech_T6066,1,Evening
T6067,Tech_T6067,5,Mixed
T6068,Tech_T6068,5,Evening
T6069,Tech_T6069,4,Mixed
T6070,Tech_T6070,2,Evening
T6071,Tech_T6071,3,Evening
T6072,Tech_T6072,9,Evening
T6073,Tech_T6073,7,Evening
T6074,Tech_T6074,5,Mixed
T6075,Tech_T6075,4,Evening
T6076,Tech_T6076,7,Evening
T6077,Tech_T6077,9,Mixed
T6078,Tech_T6078,4,Mixed
T6079,Tech_T6079,4,Day
T6080,Tech_T6080,9,Mixed
T6081,Tech_T6081,4,Day
T6082,Tech_T6082,9,Mixed
T6083,Tech_T6083,6,Day
T6084,Tech_T6084,4,Mixed
T6085,Tech_T6085,8,Mixed
T6086,Tech_T6086,4,Evening
T6087,Tech_T6087,7,Mixed
T6088,Tech_T6088,8,Evening
T6089,Tech_T6089,9,Mixed
T6090,Tech_T6090,6,Mixed
T6091,Tech_T6091,4,Evening
T6092,Tech_T6092,2,Day
T6093,Tech_T6093,1,Day
T6094,Tech_T6094,2,Day
T6095,Tech_T6095,5,Day
T6096,Tech_T6096,7,Mixed
T6097,Tech_T6097,3,Mixed
T6098,Tech_T6098,5,Evening
T6099,Tech_T6099,7,Mixed
T6100,Tech_T6100,9,Evening
T6101,Tech_T6101,7,Mixed
T6102,Tech_T6102,10,Day
T6103,Tech_T6103,4,Evening
T6104,Tech_T6104,1,Evening
T6105,Tech_T6105,6,Mixed
T6106,Tech_T6106,3,Evening
T6107,Tech_T6107,5,Day
T6108,Tech_T6108,1,Mixed
T6109,Tech_T6109,8,Mixed
T6110,Tech_T6110,2,Mixed
T6111,Tech_T6111,6,Day
T6112,Tech_T6112,5,Mixed
T6113,Tech_T6113,2,Evening
T6114,Tech_T6114,2,Mixed
T6115,Tech_T6115,10,Evening
T6116,Tech_T6116,4,Day
T6117,Tech_T6117,8,Evening
T6118,Tech_T6118,7,Day
T6119,Tech_T6119,5,Evening
T6120,Tech_T6120,2,Evening
T6121,Tech_T6121,1,Mixed
T6122,Tech_T6122,4,Day
T6123,Tech_T6123,4,Evening
T6124,Tech_T6124,10,Evening
T6125,Tech_T6125,1,Day
T6126,Tech_T6126,4,Day
T6127,Tech_T6127,6,Day
T6128,Tech_T6128,8,Mixed
T6129,Tech_T6129,4,Mixed
T6130,Tech_T6130,1,Day
T6131,Tech_T6131,1,Evening
T6132,Tech_T6132,7,Day
T6133,Tech_T6133,9,Mixed
T6134,Tech_T6134,1,Day
T6135,Tech_T6135,5,Day
T6136,Tech_T6136,8,Evening
T6137,Tech_T6137,1,Mixed
T6138,Tech_T6138,2,Evening
T6139,Tech_T6139,9,Day
T6140,Tech_T6140,6,Evening
T6141,Tech_T6141,9,Day
T6142,Tech_T6142,9,Evening
T6143,Tech_T6143,1,Mixed
T6144,Tech_T6144,10,Day
T6145,Tech_T6145,2,Mixed
T6146,Tech_T6146,8,Day
T6147,Tech_T6147,3,Evening
T6148,Tech_T6148,5,Day
T6149,Tech_T6149,1,Day
T6150,Tech_T6150,6,Day
T6151,Tech_T6151,1,Day
T6152,Tech_T6152,3,Day
T6153,Tech_T6153,6,Mixed
T6154,Tech_T6154,8,Mixed
T6155,Tech_T6155,4,Day
T6156,Tech_T6156,9,Evening
T6157,Tech_T6157,7,Evening
T6158,Tech_T6158,6,Evening
T6159,Tech_T6159,7,Evening
T6160,Tech_T6160,3,Evening
T6161,Tech_T6161,9,Mixed
T6162,Tech_T6162,8,Day
T6163,Tech_T6163,10,Evening
T6164,Tech_T6164,9,Mixed
T6165,Tech_T6165,10,Day
T6166,Tech_T6166,1,Mixed
T6167,Tech_T6167,2,Evening
T6168,Tech_T6168,10,Mixed
T6169,Tech_T6169,5,Day
T6170,Tech_T6170,5,Evening
T6171,Tech_T6171,10,Day
T6172,Tech_T6172,2,Day
T6173,Tech_T6173,5,Mixed
T6174,Tech_T6174,8,Evening
T6175,Tech_T6175,5,Day
T6176,Tech_T6176,4,Evening
T6177,Tech_T6177,6,Day
T6178,Tech_T6178,5,Evening
T6179,Tech_T6179,9,Day
T6180,Tech_T6180,2,Mixed
T6181,Tech_T6181,2,Mixed
T6182,Tech_T6182,1,Evening
T6183,Tech_T6183,10,Mixed
T6184,Tech_T6184,3,Mixed
T6185,Tech_T6185,10,Mixed
T6186,Tech_T6186,3,Evening
T6187,Tech_T6187,8,Day
T6188,Tech_T6188,9,Evening
T6189,Tech_T6189,6,Mixed
T6190,Tech_T6190,8,Evening
T6191,Tech_T6191,4,Evening
T6192,Tech_T6192,3,Mixed
T6193,Tech_T6193,9,Mixed
T6194,Tech_T6194,5,Evening
T6195,Tech_T6195,9,Evening
T6196,Tech_T6196,1,Day
T6197,Tech_T6197,6,Day
T6198,Tech_T6198,1,Evening
T6199,Tech_T6199,8,Evening
T6200,Tech_T6200,1,Evening
T6201,Tech_T6201,6,Day
T6202,Tech_T6202,5,Mixed
T6203,Tech_T6203,10,Day
T6204,Tech_T6204,3,Evening
T6205,Tech_T6205,9,Mixed
T6206,Tech_T6206,6,Day
T6207,Tech_T6207,3,Mixed
T6208,Tech_T6208,3,Mixed
T6209,Tech_T6209,9,Day
T6210,Tech_T6210,9,Mixed
T6211,Tech_T6211,8,Day
T6212,Tech_T6212,4,Evening
T6213,Tech_T6213,8,Mixed
T6214,Tech_T6214,6,Evening
T6215,Tech_T6215,9,Evening
T6216,Tech_T6216,10,Mixed
T6217,Tech_T6217,3,Evening
T6218,Tech_T6218,2,Evening
T6219,Tech_T6219,9,Day
T6220,Tech_T6220,2,Evening
T6221,Tech_T6221,8,Evening
T6222,Tech_T6222,9,Day
T6223,Tech_T6223,1,Evening
T6224,Tech_T6224,6,Mixed
T6225,Tech_T6225,9,Evening
T6226,Tech_T6226,4,Evening
T6227,Tech_T6227,10,Mixed
T6228,Tech_T6228,10,Day
T6229,Tech_T6229,1,Mixed
T6230,Tech_T6230,9,Evening
T6231,Tech_T6231,8,Evening
T6232,Tech_T6232,6,Mixed
T6233,Tech_T6233,3,Mixed
T6234,Tech_T6234,7,Evening
T6235,Tech_T6235,4,Mixed
T6236,Tech_T6236,1,Evening
T6237,Tech_T6237,1,Evening
T6238,Tech_T6238,7,Evening
T6239,Tech_T6239,2,Evening
T6240,Tech_T6240,2,Mixed
T6241,Tech_T6241,3,Day
T6242,Tech_T6242,9,Day
T6243,Tech_T6243,6,Evening
T6244,Tech_T6244,3,Mixed
T6245,Tech_T6245,3,Day
T6246,Tech_T6246,3,Day
T6247,Tech_T6247,6,Day
T6248,Tech_T6248,8,Day
T6249,Tech_T6249,10,Evening
T6250,Tech_T6250,10,Mixed
T6251,Tech_T6251,3,Day
T6252,Tech_T6252,2,Day
T6253,Tech_T6253,1,Evening
T6254,Tech_T6254,3,Day
T6255,Tech_T6255,4,Evening
T6256,Tech_T6256,9,Mixed
T6257,Tech_T6257,4,Day
T6258,Tech_T6258,2,Day
T6259,Tech_T6259,3,Mixed
T6260,Tech_T6260,10,Evening
T6261,Tech_T6261,3,Day
T6262,Tech_T6262,9,Mixed
T6263,Tech_T6263,8,Evening
T6264,Tech_T6264,2,Evening
T6265,Tech_T6265,9,Mixed
T6266,Tech_T6266,7,Evening
T6267,Tech_T6267,2,Day
T6268,Tech_T6268,1,Mixed
T6269,Tech_T6269,5,Evening
T6270,Tech_T6270,9,Mixed
T6271,Tech_T6271,4,Day
T6272,Tech_T6272,7,Day
T6273,Tech_T6273,3,Day
T6274,Tech_T6274,2,Mixed
T6275,Tech_T6275,3,Day
T6276,Tech_T6276,5,Evening
T6277,Tech_T6277,10,Day
T6278,Tech_T6278,10,Evening
T6279,Tech_T6279,3,Mixed
T6280,Tech_T6280,4,Day
T6281,Tech_T6281,4,Day
T6282,Tech_T6282,1,Day
T6283,Tech_T6283,10,Day
T6284,Tech_T6284,8,Day
T6285,Tech_T6285,3,Day
T6286,Tech_T6286,6,Day
T6287,Tech_T6287,10,Day
T6288,Tech_T6288,2,Day
T6289,Tech_T6289,8,Mixed
T6290,Tech_T6290,7,Mixed
T6291,Tech_T6291,6,Mixed
T6292,Tech_T6292,4,Day
T6293,Tech_T6293,1,Evening
T6294,Tech_T6294,2,Evening
T6295,Tech_T6295,8,Mixed
T6296,Tech_T6296,6,Evening
T6297,Tech_T6297,8,Mixed
T6298,Tech_T6298,10,Mixed
T6299,Tech_T6299,1,Evening
T6300,Tech_T6300,5,Mixed
T6301,Tech_T6301,2,Mixed
T6302,Tech_T6302,1,Mixed
T6303,Tech_T6303,3,Mixed
T6304,Tech_T6304,3,Day
T6305,Tech_T6305,6,Day
T6306,Tech_T6306,1,Mixed
T6307,Tech_T6307,8,Mixed
T6308,Tech_T6308,3,Mixed
T6309,Tech_T6309,8,Day
T6310,Tech_T6310,3,Day
T6311,Tech_T6311,3,Day
T6312,Tech_T6312,4,Mixed
T6313,Tech_T6313,7,Mixed
T6314,Tech_T6314,7,Mixed
T6315,Tech_T6315,8,Mixed
T6316,Tech_T6316,4,Evening
T6317,Tech_T6317,9,Evening
T6318,Tech_T6318,8,Day
T6319,Tech_T6319,3,Mixed
T6320,Tech_T6320,10,Day
T6321,Tech_T6321,2,Mixed
T6322,Tech_T6322,6,Day
T6323,Tech_T6323,5,Evening
T6324,Tech_T6324,7,Mixed
T6325,Tech_T6325,6,Evening
T6326,Tech_T6326,10,Evening
T6327,Tech_T6327,10,Mixed
T6328,Tech_T6328,1,Evening
T6329,Tech_T6329,10,Day
T6330,Tech_T6330,10,Evening
T6331,Tech_T6331,5,Mixed
T6332,Tech_T6332,6,Mixed
T6333,Tech_T6333,10,Evening
T6334,Tech_T6334,4,Day
T6335,Tech_T6335,6,Mixed
T6336,Tech_T6336,7,Evening
T6337,Tech_T6337,6,Mixed
T6338,Tech_T6338,3,Evening
T6339,Tech_T6339,9,Evening
T6340,Tech_T6340,6,Day
T6341,Tech_T6341,1,Mixed
T6342,Tech_T6342,7,Evening
T6343,Tech_T6343,6,Mixed
T6344,Tech_T6344,3,Mixed
T6345,Tech_T6345,8,Day
T6346,Tech_T6346,8,Mixed
T6347,Tech_T6347,9,Day
T6348,Tech_T6348,5,Day
T6349,Tech_T6349,4,Evening
T6350,Tech_T6350,9,Day
T6351,Tech_T6351,2,Mixed
T6352,Tech_T6352,2,Mixed
T6353,Tech_T6353,9,Mixed
T6354,Tech_T6354,6,Mixed
T6355,Tech_T6355,10,Evening
T6356,Tech_T6356,4,Mixed
T6357,Tech_T6357,10,Evening
T6358,Tech_T6358,4,Mixed
T6359,Tech_T6359,5,Evening
T6360,Tech_T6360,9,Day
T6361,Tech_T6361,9,Evening
T6362,Tech_T6362,6,Mixed
T6363,Tech_T6363,6,Mixed
T6364,Tech_T6364,4,Evening
T6365,Tech_T6365,6,Evening
T6366,Tech_T6366,6,Day
T6367,Tech_T6367,2,Evening
T6368,Tech_T6368,3,Mixed
T6369,Tech_T6369,3,Mixed
T6370,Tech_T6370,1,Day
T6371,Tech_T6371,1,Evening
T6372,Tech_T6372,9,Day
T6373,Tech_T6373,2,Day
T6374,Tech_T6374,2,Evening
T6375,Tech_T6375,1,Mixed
T6376,Tech_T6376,10,Mixed
T6377,Tech_T6377,6,Day
T6378,Tech_T6378,1,Evening
T6379,Tech_T6379,10,Mixed
T6380,Tech_T6380,9,Mixed
T6381,Tech_T6381,3,Mixed
T6382,Tech_T6382,8,Evening
T6383,Tech_T6383,10,Day
T6384,Tech_T6384,5,Day
T6385,Tech_T6385,5,Day
T6386,Tech_T6386,9,Day
T6387,Tech_T6387,9,Mixed
T6388,Tech_T6388,5,Mixed
T6389,Tech_T6389,8,Day
T6390,Tech_T6390,8,Evening
T6391,Tech_T6391,7,Evening
T6392,Tech_T6392,5,Mixed
T6393,Tech_T6393,2,Mixed
T6394,Tech_T6394,6,Evening
T6395,Tech_T6395,8,Evening
T6396,Tech_T6396,3,Day
T6397,Tech_T6397,6,Day
T6398,Tech_T6398,6,Mixed
T6399,Tech_T6399,9,Day
T6400,Tech_T6400,1,Day
T6401,Tech_T6401,1,Mixed
T6402,Tech_T6402,10,Mixed
T6403,Tech_T6403,10,Mixed
T6404,Tech_T6404,2,Evening
T6405,Tech_T6405,3,Evening
T6406,Tech_T6406,8,Mixed
T6407,Tech_T6407,4,Mixed
T6408,Tech_T6408,9,Mixed
T6409,Tech_T6409,8,Day
T6410,Tech_T6410,8,Day
T6411,Tech_T6411,7,Mixed
T6412,Tech_T6412,7,Mixed
T6413,Tech_T6413,1,Day
T6414,Tech_T6414,10,Day
T6415,Tech_T6415,4,Mixed
T6416,Tech_T6416,6,Mixed
T6417,Tech_T6417,7,Day
T6418,Tech_T6418,3,Mixed
T6419,Tech_T6419,6,Mixed
T6420,Tech_T6420,7,Evening
T6421,Tech_T6421,8,Mixed
T6422,Tech_T6422,3,Evening
T6423,Tech_T6423,1,Evening
T6424,Tech_T6424,5,Mixed
T6425,Tech_T6425,1,Mixed
T6426,Tech_T6426,4,Day
T6427,Tech_T6427,4,Mixed
T6428,Tech_T6428,7,Mixed
T6429,Tech_T6429,9,Mixed
T6430,Tech_T6430,7,Day
T6431,Tech_T6431,3,Mixed
T6432,Tech_T6432,1,Day
T6433,Tech_T6433,10,Evening
T6434,Tech_T6434,8,Day
T6435,Tech_T6435,1,Day
T6436,Tech_T6436,3,Evening
T6437,Tech_T6437,4,Day
T6438,Tech_T6438,3,Evening
T6439,Tech_T6439,5,Mixed
T6440,Tech_T6440,3,Day
T6441,Tech_T6441,5,Evening
T6442,Tech_T6442,4,Mixed
T6443,Tech_T6443,1,Day
T6444,Tech_T6444,4,Mixed
T6445,Tech_T6445,3,Mixed
T6446,Tech_T6446,6,Day
T6447,Tech_T6447,7,Mixed
T6448,Tech_T6448,7,Mixed
T6449,Tech_T6449,8,Evening
T6450,Tech_T6450,2,Mixed
T6451,Tech_T6451,10,Mixed
T6452,Tech_T6452,4,Day
T6453,Tech_T6453,5,Mixed
T6454,Tech_T6454,1,Evening
T6455,Tech_T6455,10,Day
T6456,Tech_T6456,9,Mixed
T6457,Tech_T6457,2,Evening
T6458,Tech_T6458,7,Evening
T6459,Tech_T6459,3,Evening
T6460,Tech_T6460,2,Day
T6461,Tech_T6461,5,Day
T6462,Tech_T6462,10,Day
T6463,Tech_T6463,7,Mixed
T6464,Tech_T6464,4,Day
T6465,Tech_T6465,5,Evening
T6466,Tech_T6466,7,Day
T6467,Tech_T6467,3,Day
T6468,Tech_T6468,5,Mixed
T6469,Tech_T6469,4,Day
T6470,Tech_T6470,9,Day
T6471,Tech_T6471,8,Mixed
T6472,Tech_T6472,8,Day
T6473,Tech_T6473,10,Mixed
T6474,Tech_T6474,3,Evening
T6475,Tech_T6475,2,Evening
T6476,Tech_T6476,5,Day
T6477,Tech_T6477,7,Mixed
T6478,Tech_T6478,4,Day
T6479,Tech_T6479,8,Day
T6480,Tech_T6480,9,Evening
T6481,Tech_T6481,3,Evening
T6482,Tech_T6482,5,Mixed
T6483,Tech_T6483,3,Day
T6484,Tech_T6484,4,Evening
T6485,Tech_T6485,4,Mixed
T6486,Tech_T6486,6,Mixed
T6487,Tech_T6487,7,Evening
T6488,Tech_T6488,6,Evening
T6489,Tech_T6489,6,Mixed
T6490,Tech_T6490,10,Mixed
T6491,Tech_T6491,2,Day
T6492,Tech_T6492,10,Day
T6493,Tech_T6493,4,Day
T6494,Tech_T6494,4,Day
T6495,Tech_T6495,10,Evening
T6496,Tech_T6496,7,Evening
T6497,Tech_T6497,9,Day
T6498,Tech_T6498,3,Evening
T6499,Tech_T6499,7,Evening
T6500,Tech_T6500,4,Evening
T6501,Tech_T6501,4,Evening
T6502,Tech_T6502,8,Day
T6503,Tech_T6503,7,Mixed
T6504,Tech_T6504,9,Day
T6505,Tech_T6505,2,Evening
T6506,Tech_T6506,10,Mixed
T6507,Tech_T6507,7,Evening
T6508,Tech_T6508,3,Evening
T6509,Tech_T6509,9,Mixed
T6510,Tech_T6510,8,Evening
T6511,Tech_T6511,10,Day
T6512,Tech_T6512,10,Evening
T6513,Tech_T6513,5,Evening
T6514,Tech_T6514,9,Day
T6515,Tech_T6515,10,Evening
T6516,Tech_T6516,6,Mixed
T6517,Tech_T6517,3,Day
T6518,Tech_T6518,7,Mixed
T6519,Tech_T6519,9,Evening
T6520,Tech_T6520,3,Day
T6521,Tech_T6521,1,Mixed
T6522,Tech_T6522,3,Day
T6523,Tech_T6523,10,Mixed
T6524,Tech_T6524,6,Evening
T6525,Tech_T6525,1,Evening
T6526,Tech_T6526,8,Mixed
T6527,Tech_T6527,2,Day
T6528,Tech_T6528,3,Evening
T6529,Tech_T6529,4,Evening
T6530,Tech_T6530,8,Day
T6531,Tech_T6531,6,Mixed
T6532,Tech_T6532,7,Day
T6533,Tech_T6533,9,Mixed
T6534,Tech_T6534,8,Evening
T6535,Tech_T6535,7,Day
T6536,Tech_T6536,6,Day
T6537,Tech_T6537,7,Mixed
T6538,Tech_T6538,5,Mixed
T6539,Tech_T6539,8,Mixed
T6540,Tech_T6540,2,Evening
T6541,Tech_T6541,4,Mixed
T6542,Tech_T6542,1,Mixed
T6543,Tech_T6543,2,Mixed
T6544,Tech_T6544,9,Mixed
T6545,Tech_T6545,5,Day
T6546,Tech_T6546,7,Evening
T6547,Tech_T6547,4,Mixed
T6548,Tech_T6548,1,Day
T6549,Tech_T6549,8,Day
T6550,Tech_T6550,6,Evening
T6551,Tech_T6551,10,Mixed
T6552,Tech_T6552,4,Mixed
T6553,Tech_T6553,5,Mixed
T6554,Tech_T6554,7,Evening
T6555,Tech_T6555,1,Day
T6556,Tech_T6556,10,Evening
T6557,Tech_T6557,6,Day
T6558,Tech_T6558,5,Day
T6559,Tech_T6559,3,Mixed
T6560,Tech_T6560,7,Day
T6561,Tech_T6561,5,Mixed
T6562,Tech_T6562,2,Mixed
T6563,Tech_T6563,2,Evening
T6564,Tech_T6564,2,Mixed
T6565,Tech_T6565,9,Mixed
T6566,Tech_T6566,1,Day
T6567,Tech_T6567,6,Mixed
T6568,Tech_T6568,4,Evening
T6569,Tech_T6569,10,Day
T6570,Tech_T6570,5,Day
T6571,Tech_T6571,7,Evening
T6572,Tech_T6572,5,Evening
T6573,Tech_T6573,4,Day
T6574,Tech_T6574,10,Mixed
T6575,Tech_T6575,5,Evening
T6576,Tech_T6576,10,Evening
T6577,Tech_T6577,3,Mixed
T6578,Tech_T6578,6,Mixed
T6579,Tech_T6579,6,Mixed
T6580,Tech_T6580,8,Evening
T6581,Tech_T6581,1,Mixed
T6582,Tech_T6582,7,Mixed
T6583,Tech_T6583,1,Day
T6584,Tech_T6584,1,Day
T6585,Tech_T6585,1,Day
T6586,Tech_T6586,2,Evening
T6587,Tech_T6587,6,Mixed
T6588,Tech_T6588,8,Mixed
T6589,Tech_T6589,5,Mixed
T6590,Tech_T6590,7,Evening
T6591,Tech_T6591,6,Mixed
T6592,Tech_T6592,3,Evening
T6593,Tech_T6593,2,Mixed
T6594,Tech_T6594,4,Evening
T6595,Tech_T6595,6,Evening
T6596,Tech_T6596,3,Day
T6597,Tech_T6597,1,Evening
T6598,Tech_T6598,9,Day
T6599,Tech_T6599,6,Evening
T6600,Tech_T6600,9,Evening
T6601,Tech_T6601,5,Day
T6602,Tech_T6602,3,Day
T6603,Tech_T6603,5,Mixed
T6604,Tech_T6604,3,Evening
T6605,Tech_T6605,1,Mixed
T6606,Tech_T6606,7,Evening
T6607,Tech_T6607,2,Day
T6608,Tech_T6608,9,Evening
T6609,Tech_T6609,8,Day
T6610,Tech_T6610,10,Mixed
T6611,Tech_T6611,4,Day
T6612,Tech_T6612,7,Mixed
T6613,Tech_T6613,9,Day
T6614,Tech_T6614,4,Evening
T6615,Tech_T6615,7,Evening
T6616,Tech_T6616,6,Day
T6617,Tech_T6617,9,Mixed
T6618,Tech_T6618,4,Mixed
T6619,Tech_T6619,10,Mixed
T6620,Tech_T6620,1,Evening
T6621,Tech_T6621,7,Day
T6622,Tech_T6622,6,Evening
T6623,Tech_T6623,9,Evening
T6624,Tech_T6624,7,Evening
T6625,Tech_T6625,1,Mixed
T6626,Tech_T6626,4,Evening
T6627,Tech_T6627,5,Evening
T6628,Tech_T6628,9,Day
T6629,Tech_T6629,1,Evening
T6630,Tech_T6630,2,Evening
T6631,Tech_T6631,10,Day
T6632,Tech_T6632,4,Day
T6633,Tech_T6633,8,Evening
T6634,Tech_T6634,3,Evening
T6635,Tech_T6635,2,Mixed
T6636,Tech_T6636,6,Day
T6637,Tech_T6637,1,Mixed
T6638,Tech_T6638,6,Day
T6639,Tech_T6639,2,Day
T6640,Tech_T6640,9,Mixed
T6641,Tech_T6641,5,Day
T6642,Tech_T6642,7,Mixed
T6643,Tech_T6643,6,Evening
T6644,Tech_T6644,8,Evening
T6645,Tech_T6645,1,Mixed
T6646,Tech_T6646,8,Day
T6647,Tech_T6647,8,Evening
T6648,Tech_T6648,6,Day
T6649,Tech_T6649,2,Day
T6650,Tech_T6650,3,Day
T6651,Tech_T6651,9,Day
T6652,Tech_T6652,10,Mixed
T6653,Tech_T6653,1,Mixed
T6654,Tech_T6654,9,Day
T6655,Tech_T6655,3,Evening
T6656,Tech_T6656,2,Evening
T6657,Tech_T6657,8,Mixed
T6658,Tech_T6658,2,Day
T6659,Tech_T6659,8,Mixed
T6660,Tech_T6660,6,Day
T6661,Tech_T6661,8,Day
T6662,Tech_T6662,10,Evening
T6663,Tech_T6663,8,Mixed
T6664,Tech_T6664,5,Day
T6665,Tech_T6665,10,Mixed
T6666,Tech_T6666,5,Mixed
T6667,Tech_T6667,10,Day
T6668,Tech_T6668,4,Evening
T6669,Tech_T6669,3,Day
T6670,Tech_T6670,6,Day
T6671,Tech_T6671,5,Evening
T6672,Tech_T6672,4,Day
T6673,Tech_T6673,2,Evening
T6674,Tech_T6674,7,Mixed
T6675,Tech_T6675,3,Mixed
T6676,Tech_T6676,1,Evening
T6677,Tech_T6677,2,Mixed
T6678,Tech_T6678,2,Evening
T6679,Tech_T6679,7,Day
T6680,Tech_T6680,3,Day
T6681,Tech_T6681,7,Mixed
T6682,Tech_T6682,7,Evening
T6683,Tech_T6683,8,Mixed
T6684,Tech_T6684,1,Mixed
T6685,Tech_T6685,2,Evening
T6686,Tech_T6686,1,Day
T6687,Tech_T6687,6,Evening
T6688,Tech_T6688,9,Evening
T6689,Tech_T6689,6,Evening
T6690,Tech_T6690,10,Mixed
T6691,Tech_T6691,3,Day
T6692,Tech_T6692,7,Evening
T6693,Tech_T6693,5,Day
T6694,Tech_T6694,8,Evening
T6695,Tech_T6695,8,Mixed
T6696,Tech_T6696,5,Day
T6697,Tech_T6697,6,Evening
T6698,Tech_T6698,10,Evening
T6699,Tech_T6699,4,Day
T6700,Tech_T6700,9,Mixed
T6701,Tech_T6701,1,Day
T6702,Tech_T6702,1,Evening
T6703,Tech_T6703,9,Mixed
T6704,Tech_T6704,10,Evening
T6705,Tech_T6705,6,Mixed
T6706,Tech_T6706,5,Evening
T6707,Tech_T6707,3,Mixed
T6708,Tech_T6708,7,Evening
T6709,Tech_T6709,10,Evening
T6710,Tech_T6710,7,Mixed
T6711,Tech_T6711,4,Mixed
T6712,Tech_T6712,6,Evening
T6713,Tech_T6713,8,Evening
T6714,Tech_T6714,8,Mixed
T6715,Tech_T6715,1,Evening
T6716,Tech_T6716,4,Mixed
T6717,Tech_T6717,4,Day
T6718,Tech_T6718,5,Evening
T6719,Tech_T6719,2,Mixed
T6720,Tech_T6720,3,Day
T6721,Tech_T6721,8,Day
T6722,Tech_T6722,3,Mixed
T6723,Tech_T6723,3,Mixed
T6724,Tech_T6724,1,Day
T6725,Tech_T6725,4,Evening
T6726,Tech_T6726,2,Mixed
T6727,Tech_T6727,8,Day
T6728,Tech_T6728,4,Day
T6729,Tech_T6729,3,Mixed
T6730,Tech_T6730,4,Day
T6731,Tech_T6731,8,Day
T6732,Tech_T6732,4,Evening
T6733,Tech_T6733,3,Day
T6734,Tech_T6734,4,Evening
T6735,Tech_T6735,2,Evening
T6736,Tech_T6736,6,Mixed
T6737,Tech_T6737,1,Mixed
T6738,Tech_T6738,1,Evening
T6739,Tech_T6739,10,Mixed
T6740,Tech_T6740,5,Day
T6741,Tech_T6741,9,Day
T6742,Tech_T6742,2,Mixed
T6743,Tech_T6743,3,Day
T6744,Tech_T6744,5,Day
T6745,Tech_T6745,6,Evening
T6746,Tech_T6746,1,Day
T6747,Tech_T6747,8,Evening
T6748,Tech_T6748,6,Evening
T6749,Tech_T6749,3,Mixed
T6750,Tech_T6750,1,Evening
T6751,Tech_T6751,3,Mixed
T6752,Tech_T6752,1,Day
T6753,Tech_T6753,10,Day
T6754,Tech_T6754,2,Mixed
T6755,Tech_T6755,8,Mixed
T6756,Tech_T6756,1,Mixed
T6757,Tech_T6757,10,Day
T6758,Tech_T6758,5,Day
T6759,Tech_T6759,10,Evening
T6760,Tech_T6760,10,Mixed
T6761,Tech_T6761,8,Day
T6762,Tech_T6762,8,Evening
T6763,Tech_T6763,3,Mixed
T6764,Tech_T6764,7,Day
T6765,Tech_T6765,2,Day
T6766,Tech_T6766,6,Day
T6767,Tech_T6767,5,Mixed
T6768,Tech_T6768,8,Day
T6769,Tech_T6769,2,Day
T6770,Tech_T6770,2,Mixed
T6771,Tech_T6771,7,Day
T6772,Tech_T6772,2,Mixed
T6773,Tech_T6773,4,Mixed
T6774,Tech_T6774,5,Mixed
T6775,Tech_T6775,8,Day
T6776,Tech_T6776,6,Day
T6777,Tech_T6777,9,Day
T6778,Tech_T6778,7,Day
T6779,Tech_T6779,2,Day
T6780,Tech_T6780,9,Evening
T6781,Tech_T6781,1,Evening
T6782,Tech_T6782,5,Evening
T6783,Tech_T6783,10,Day
T6784,Tech_T6784,5,Mixed
T6785,Tech_T6785,1,Evening
T6786,Tech_T6786,5,Evening
T6787,Tech_T6787,7,Evening
T6788,Tech_T6788,5,Mixed
T6789,Tech_T6789,10,Evening
T6790,Tech_T6790,5,Evening
T6791,Tech_T6791,9,Day
T6792,Tech_T6792,5,Evening
T6793,Tech_T6793,10,Evening
T6794,Tech_T6794,2,Mixed
T6795,Tech_T6795,3,Day
T6796,Tech_T6796,3,Mixed
T6797,Tech_T6797,10,Evening
T6798,Tech_T6798,10,Day
T6799,Tech_T6799,7,Day
T6800,Tech_T6800,6,Day
T6801,Tech_T6801,9,Mixed
T6802,Tech_T6802,6,Evening
T6803,Tech_T6803,2,Day
T6804,Tech_T6804,6,Mixed
T6805,Tech_T6805,1,Mixed
T6806,Tech_T6806,3,Evening
T6807,Tech_T6807,7,Mixed
T6808,Tech_T6808,4,Mixed
T6809,Tech_T6809,7,Mixed
T6810,Tech_T6810,2,Mixed
T6811,Tech_T6811,9,Day
T6812,Tech_T6812,10,Day
T6813,Tech_T6813,1,Day
T6814,Tech_T6814,1,Evening
T6815,Tech_T6815,2,Day
T6816,Tech_T6816,9,Evening
T6817,Tech_T6817,10,Evening
T6818,Tech_T6818,1,Mixed
T6819,Tech_T6819,7,Mixed
T6820,Tech_T6820,8,Day
T6821,Tech_T6821,7,Mixed
T6822,Tech_T6822,10,Evening
T6823,Tech_T6823,4,Evening
T6824,Tech_T6824,8,Mixed
T6825,Tech_T6825,1,Day
T6826,Tech_T6826,7,Mixed
T6827,Tech_T6827,10,Day
T6828,Tech_T6828,2,Evening
T6829,Tech_T6829,3,Day
T6830,Tech_T6830,6,Day
T6831,Tech_T6831,8,Day
T6832,Tech_T6832,5,Evening
T6833,Tech_T6833,5,Evening
T6834,Tech_T6834,10,Day
T6835,Tech_T6835,7,Mixed
T6836,Tech_T6836,10,Day
T6837,Tech_T6837,3,Evening
T6838,Tech_T6838,7,Evening
T6839,Tech_T6839,3,Mixed
T6840,Tech_T6840,10,Mixed
T6841,Tech_T6841,1,Day
T6842,Tech_T6842,6,Mixed
T6843,Tech_T6843,4,Mixed
T6844,Tech_T6844,8,Evening
T6845,Tech_T6845,5,Evening
T6846,Tech_T6846,2,Day
T6847,Tech_T6847,9,Mixed
T6848,Tech_T6848,1,Day
T6849,Tech_T6849,6,Mixed
T6850,Tech_T6850,8,Evening
T6851,Tech_T6851,2,Day
T6852,Tech_T6852,9,Evening
T6853,Tech_T6853,9,Mixed
T6854,Tech_T6854,4,Evening
T6855,Tech_T6855,1,Mixed
T6856,Tech_T6856,2,Mixed
T6857,Tech_T6857,2,Day
T6858,Tech_T6858,2,Day
T6859,Tech_T6859,6,Mixed
T6860,Tech_T6860,9,Day
T6861,Tech_T6861,5,Day
T6862,Tech_T6862,9,Day
T6863,Tech_T6863,9,Day
T6864,Tech_T6864,5,Evening
T6865,Tech_T6865,8,Day
T6866,Tech_T6866,4,Mixed
T6867,Tech_T6867,5,Evening
T6868,Tech_T6868,8,Evening
T6869,Tech_T6869,3,Mixed
T6870,Tech_T6870,2,Day
T6871,Tech_T6871,3,Evening
T6872,Tech_T6872,4,Mixed
T6873,Tech_T6873,3,Day
T6874,Tech_T6874,10,Mixed
T6875,Tech_T6875,1,Evening
T6876,Tech_T6876,6,Mixed
T6877,Tech_T6877,7,Evening
T6878,Tech_T6878,4,Evening
T6879,Tech_T6879,3,Evening
T6880,Tech_T6880,1,Mixed
T6881,Tech_T6881,3,Day
T6882,Tech_T6882,10,Evening
T6883,Tech_T6883,9,Evening
T6884,Tech_T6884,4,Day
T6885,Tech_T6885,1,Mixed
T6886,Tech_T6886,10,Mixed
T6887,Tech_T6887,8,Day
T6888,Tech_T6888,8,Mixed
T6889,Tech_T6889,3,Day
T6890,Tech_T6890,1,Evening
T6891,Tech_T6891,10,Day
T6892,Tech_T6892,6,Evening
T6893,Tech_T6893,5,Mixed
T6894,Tech_T6894,10,Evening
T6895,Tech_T6895,4,Evening
T6896,Tech_T6896,2,Mixed
T6897,Tech_T6897,9,Mixed
T6898,Tech_T6898,1,Mixed
T6899,Tech_T6899,2,Day
T6900,Tech_T6900,3,Mixed
T6901,Tech_T6901,9,Day
T6902,Tech_T6902,9,Evening
T6903,Tech_T6903,1,Evening
T6904,Tech_T6904,8,Mixed
T6905,Tech_T6905,5,Evening
T6906,Tech_T6906,1,Mixed
T6907,Tech_T6907,5,Evening
T6908,Tech_T6908,8,Evening
T6909,Tech_T6909,5,Mixed
T6910,Tech_T6910,5,Mixed
T6911,Tech_T6911,7,Mixed
T6912,Tech_T6912,2,Mixed
T6913,Tech_T6913,4,Mixed
T6914,Tech_T6914,4,Day
T6915,Tech_T6915,2,Mixed
T6916,Tech_T6916,7,Evening
T6917,Tech_T6917,2,Mixed
T6918,Tech_T6918,3,Evening
T6919,Tech_T6919,4,Evening
T6920,Tech_T6920,1,Evening
T6921,Tech_T6921,7,Evening
T6922,Tech_T6922,1,Mixed
T6923,Tech_T6923,10,Day
T6924,Tech_T6924,3,Evening
T6925,Tech_T6925,1,Day
T6926,Tech_T6926,1,Day
T6927,Tech_T6927,9,Evening
T6928,Tech_T6928,2,Mixed
T6929,Tech_T6929,4,Mixed
T6930,Tech_T6930,7,Mixed
T6931,Tech_T6931,4,Day
T6932,Tech_T6932,10,Evening
T6933,Tech_T6933,8,Day
T6934,Tech_T6934,9,Evening
T6935,Tech_T6935,9,Mixed
T6936,Tech_T6936,5,Evening
T6937,Tech_T6937,9,Evening
T6938,Tech_T6938,3,Mixed
T6939,Tech_T6939,2,Day
T6940,Tech_T6940,5,Evening
T6941,Tech_T6941,4,Evening
T6942,Tech_T6942,3,Mixed
T6943,Tech_T6943,1,Evening
T6944,Tech_T6944,3,Day
T6945,Tech_T6945,1,Evening
T6946,Tech_T6946,10,Mixed
T6947,Tech_T6947,2,Mixed
T6948,Tech_T6948,7,Evening
T6949,Tech_T6949,9,Mixed
T6950,Tech_T6950,10,Day
T6951,Tech_T6951,2,Mixed
T6952,Tech_T6952,5,Evening
T6953,Tech_T6953,1,Day
T6954,Tech_T6954,2,Mixed
T6955,Tech_T6955,9,Day
T6956,Tech_T6956,10,Day
T6957,Tech_T6957,4,Evening
T6958,Tech_T6958,7,Evening
T6959,Tech_T6959,7,Day
T6960,Tech_T6960,1,Mixed
T6961,Tech_T6961,6,Evening
T6962,Tech_T6962,8,Evening
T6963,Tech_T6963,8,Evening
T6964,Tech_T6964,10,Evening
T6965,Tech_T6965,3,Evening
T6966,Tech_T6966,2,Day
T6967,Tech_T6967,10,Evening
T6968,Tech_T6968,4,Mixed
T6969,Tech_T6969,3,Evening
T6970,Tech_T6970,6,Day
T6971,Tech_T6971,1,Mixed
T6972,Tech_T6972,9,Mixed
T6973,Tech_T6973,10,Evening
T6974,Tech_T6974,2,Day
T6975,Tech_T6975,3,Evening
T6976,Tech_T6976,2,Evening
T6977,Tech_T6977,3,Day
T6978,Tech_T6978,6,Evening
T6979,Tech_T6979,9,Mixed
T6980,Tech_T6980,6,Mixed
T6981,Tech_T6981,6,Day
T6982,Tech_T6982,7,Evening
T6983,Tech_T6983,2,Mixed
T6984,Tech_T6984,10,Day
T6985,Tech_T6985,6,Mixed
T6986,Tech_T6986,2,Mixed
T6987,Tech_T6987,7,Mixed
T6988,Tech_T6988,3,Day
T6989,Tech_T6989,10,Mixed
T6990,Tech_T6990,1,Day
T6991,Tech_T6991,8,Day
T6992,Tech_T6992,2,Mixed
T6993,Tech_T6993,9,Day
T6994,Tech_T6994,7,Mixed
T6995,Tech_T6995,8,Evening
T6996,Tech_T6996,9,Evening
T6997,Tech_T6997,6,Mixed
T6998,Tech_T6998,3,Mixed
T6999,Tech_T6999,6,Day
T7000,Tech_T7000,2,Evening
T7001,Tech_T7001,5,Mixed
T7002,Tech_T7002,7,Evening
T7003,Tech_T7003,2,Mixed
T7004,Tech_T7004,10,Day
T7005,Tech_T7005,9,Mixed
T7006,Tech_T7006,8,Mixed
T7007,Tech_T7007,7,Evening
T7008,Tech_T7008,5,Mixed
T7009,Tech_T7009,10,Day
T7010,Tech_T7010,8,Day
T7011,Tech_T7011,1,Mixed
T7012,Tech_T7012,6,Day
T7013,Tech_T7013,5,Mixed
T7014,Tech_T7014,10,Evening
T7015,Tech_T7015,5,Mixed
T7016,Tech_T7016,7,Evening
T7017,Tech_T7017,6,Day
T7018,Tech_T7018,7,Day
T7019,Tech_T7019,10,Mixed
T7020,Tech_T7020,1,Day
T7021,Tech_T7021,7,Mixed
T7022,Tech_T7022,4,Mixed
T7023,Tech_T7023,7,Mixed
T7024,Tech_T7024,9,Day
T7025,Tech_T7025,4,Evening
T7026,Tech_T7026,1,Evening
T7027,Tech_T7027,6,Evening
T7028,Tech_T7028,8,Day
T7029,Tech_T7029,4,Day
T7030,Tech_T7030,5,Evening
T7031,Tech_T7031,8,Mixed
T7032,Tech_T7032,10,Day
T7033,Tech_T7033,9,Day
T7034,Tech_T7034,3,Mixed
T7035,Tech_T7035,6,Evening
T7036,Tech_T7036,7,Mixed
T7037,Tech_T7037,2,Mixed
T7038,Tech_T7038,3,Day
T7039,Tech_T7039,9,Mixed
T7040,Tech_T7040,1,Evening
T7041,Tech_T7041,5,Evening
T7042,Tech_T7042,8,Mixed
T7043,Tech_T7043,8,Evening
T7044,Tech_T7044,1,Evening
T7045,Tech_T7045,3,Evening
T7046,Tech_T7046,2,Day
T7047,Tech_T7047,1,Mixed
T7048,Tech_T7048,9,Mixed
T7049,Tech_T7049,4,Day
T7050,Tech_T7050,10,Evening
T7051,Tech_T7051,10,Mixed
T7052,Tech_T7052,9,Mixed
T7053,Tech_T7053,8,Day
T7054,Tech_T7054,4,Mixed
T7055,Tech_T7055,3,Evening
T7056,Tech_T7056,3,Day
T7057,Tech_T7057,3,Day
T7058,Tech_T7058,7,Evening
T7059,Tech_T7059,10,Day
T7060,Tech_T7060,3,Day
T7061,Tech_T7061,2,Evening
T7062,Tech_T7062,8,Evening
T7063,Tech_T7063,5,Day
T7064,Tech_T7064,1,Evening
T7065,Tech_T7065,7,Evening
T7066,Tech_T7066,8,Evening
T7067,Tech_T7067,4,Evening
T7068,Tech_T7068,5,Day
T7069,Tech_T7069,5,Evening
T7070,Tech_T7070,5,Day
T7071,Tech_T7071,2,Day
T7072,Tech_T7072,3,Evening
T7073,Tech_T7073,7,Mixed
T7074,Tech_T7074,7,Evening
T7075,Tech_T7075,3,Evening
T7076,Tech_T7076,8,Day
T7077,Tech_T7077,9,Day
T7078,Tech_T7078,3,Evening
T7079,Tech_T7079,2,Evening
T7080,Tech_T7080,5,Mixed
T7081,Tech_T7081,7,Mixed
T7082,Tech_T7082,10,Mixed
T7083,Tech_T7083,3,Evening
T7084,Tech_T7084,10,Day
T7085,Tech_T7085,1,Mixed
T7086,Tech_T7086,6,Evening
T7087,Tech_T7087,6,Mixed
T7088,Tech_T7088,5,Evening
T7089,Tech_T7089,8,Day
T7090,Tech_T7090,6,Mixed
T7091,Tech_T7091,8,Day
T7092,Tech_T7092,10,Day
T7093,Tech_T7093,10,Evening
T7094,Tech_T7094,1,Day
T7095,Tech_T7095,3,Mixed
T7096,Tech_T7096,4,Mixed
T7097,Tech_T7097,8,Mixed
T7098,Tech_T7098,10,Day
T7099,Tech_T7099,10,Mixed
T7100,Tech_T7100,8,Day
T7101,Tech_T7101,1,Day
T7102,Tech_T7102,1,Day
T7103,Tech_T7103,6,Mixed
T7104,Tech_T7104,5,Evening
T7105,Tech_T7105,8,Evening
T7106,Tech_T7106,1,Evening
T7107,Tech_T7107,6,Day
T7108,Tech_T7108,5,Day
T7109,Tech_T7109,2,Evening
T7110,Tech_T7110,9,Day
T7111,Tech_T7111,10,Mixed
T7112,Tech_T7112,6,Day
T7113,Tech_T7113,10,Evening
T7114,Tech_T7114,7,Evening
T7115,Tech_T7115,5,Evening
T7116,Tech_T7116,1,Mixed
T7117,Tech_T7117,6,Evening
T7118,Tech_T7118,10,Evening
T7119,Tech_T7119,4,Mixed
T7120,Tech_T7120,9,Day
T7121,Tech_T7121,6,Mixed
T7122,Tech_T7122,6,Day
T7123,Tech_T7123,5,Evening
T7124,Tech_T7124,10,Evening
T7125,Tech_T7125,4,Evening
T7126,Tech_T7126,9,Evening
T7127,Tech_T7127,10,Mixed
T7128,Tech_T7128,10,Mixed
T7129,Tech_T7129,1,Mixed
T7130,Tech_T7130,3,Mixed
T7131,Tech_T7131,8,Evening
T7132,Tech_T7132,8,Evening
T7133,Tech_T7133,8,Day
T7134,Tech_T7134,7,Mixed
T7135,Tech_T7135,3,Evening
T7136,Tech_T7136,7,Evening
T7137,Tech_T7137,1,Evening
T7138,Tech_T7138,10,Day
T7139,Tech_T7139,6,Mixed
T7140,Tech_T7140,4,Evening
T7141,Tech_T7141,5,Evening
T7142,Tech_T7142,3,Mixed
T7143,Tech_T7143,1,Evening
T7144,Tech_T7144,6,Day
T7145,Tech_T7145,10,Evening
T7146,Tech_T7146,2,Day
T7147,Tech_T7147,8,Evening
T7148,Tech_T7148,3,Mixed
T7149,Tech_T7149,3,Evening
T7150,Tech_T7150,6,Evening
T7151,Tech_T7151,8,Evening
T7152,Tech_T7152,5,Evening
T7153,Tech_T7153,3,Mixed
T7154,Tech_T7154,2,Mixed
T7155,Tech_T7155,10,Mixed
T7156,Tech_T7156,3,Evening
T7157,Tech_T7157,3,Day
T7158,Tech_T7158,2,Mixed
T7159,Tech_T7159,9,Evening
T7160,Tech_T7160,10,Evening
T7161,Tech_T7161,5,Evening
T7162,Tech_T7162,10,Mixed
T7163,Tech_T7163,10,Evening
T7164,Tech_T7164,6,Day
T7165,Tech_T7165,1,Evening
T7166,Tech_T7166,1,Day
T7167,Tech_T7167,4,Mixed
T7168,Tech_T7168,10,Evening
T7169,Tech_T7169,7,Evening
T7170,Tech_T7170,4,Day
T7171,Tech_T7171,5,Evening
T7172,Tech_T7172,6,Mixed
T7173,Tech_T7173,9,Mixed
T7174,Tech_T7174,9,Mixed
T7175,Tech_T7175,2,Evening
T7176,Tech_T7176,4,Mixed
T7177,Tech_T7177,10,Evening
T7178,Tech_T7178,7,Day
T7179,Tech_T7179,8,Day
T7180,Tech_T7180,4,Evening
T7181,Tech_T7181,1,Evening
T7182,Tech_T7182,3,Day
T7183,Tech_T7183,10,Evening
T7184,Tech_T7184,8,Day
T7185,Tech_T7185,7,Mixed
T7186,Tech_T7186,8,Day
T7187,Tech_T7187,3,Mixed
T7188,Tech_T7188,6,Day
T7189,Tech_T7189,7,Mixed
T7190,Tech_T7190,9,Day
T7191,Tech_T7191,2,Mixed
T7192,Tech_T7192,10,Day
T7193,Tech_T7193,3,Evening
T7194,Tech_T7194,8,Mixed
T7195,Tech_T7195,4,Mixed
T7196,Tech_T7196,5,Evening
T7197,Tech_T7197,4,Mixed
T7198,Tech_T7198,1,Evening
T7199,Tech_T7199,5,Day
T7200,Tech_T7200,1,Mixed
T7201,Tech_T7201,8,Mixed
T7202,Tech_T7202,1,Day
T7203,Tech_T7203,5,Day
T7204,Tech_T7204,1,Day
T7205,Tech_T7205,9,Evening
T7206,Tech_T7206,4,Evening
T7207,Tech_T7207,1,Evening
T7208,Tech_T7208,5,Day
T7209,Tech_T7209,9,Mixed
T7210,Tech_T7210,3,Day
T7211,Tech_T7211,4,Day
T7212,Tech_T7212,4,Mixed
T7213,Tech_T7213,4,Evening
T7214,Tech_T7214,10,Day
T7215,Tech_T7215,3,Day
T7216,Tech_T7216,3,Mixed
T7217,Tech_T7217,10,Evening
T7218,Tech_T7218,9,Evening
T7219,Tech_T7219,4,Mixed
T7220,Tech_T7220,3,Evening
T7221,Tech_T7221,10,Mixed
T7222,Tech_T7222,3,Day
T7223,Tech_T7223,4,Evening
T7224,Tech_T7224,2,Mixed
T7225,Tech_T7225,1,Mixed
T7226,Tech_T7226,5,Mixed
T7227,Tech_T7227,10,Mixed
T7228,Tech_T7228,6,Mixed
T7229,Tech_T7229,6,Evening
T7230,Tech_T7230,5,Evening
T7231,Tech_T7231,5,Evening
T7232,Tech_T7232,2,Mixed
T7233,Tech_T7233,8,Evening
T7234,Tech_T7234,9,Day
T7235,Tech_T7235,9,Mixed
T7236,Tech_T7236,7,Day
T7237,Tech_T7237,8,Day
T7238,Tech_T7238,4,Day
T7239,Tech_T7239,4,Mixed
T7240,Tech_T7240,2,Evening
T7241,Tech_T7241,9,Mixed
T7242,Tech_T7242,10,Evening
T7243,Tech_T7243,3,Day
T7244,Tech_T7244,2,Mixed
T7245,Tech_T7245,9,Evening
T7246,Tech_T7246,5,Evening
T7247,Tech_T7247,10,Evening
T7248,Tech_T7248,8,Evening
T7249,Tech_T7249,8,Day
T7250,Tech_T7250,3,Day
T7251,Tech_T7251,4,Day
T7252,Tech_T7252,8,Evening
T7253,Tech_T7253,2,Mixed
T7254,Tech_T7254,3,Mixed
T7255,Tech_T7255,6,Evening
T7256,Tech_T7256,2,Mixed
T7257,Tech_T7257,1,Mixed
T7258,Tech_T7258,10,Mixed
T7259,Tech_T7259,3,Evening
T7260,Tech_T7260,3,Evening
T7261,Tech_T7261,6,Day
T7262,Tech_T7262,8,Day
T7263,Tech_T7263,7,Mixed
T7264,Tech_T7264,8,Day
T7265,Tech_T7265,4,Evening
T7266,Tech_T7266,3,Evening
T7267,Tech_T7267,8,Day
T7268,Tech_T7268,10,Day
T7269,Tech_T7269,1,Day
T7270,Tech_T7270,9,Evening
T7271,Tech_T7271,7,Mixed
T7272,Tech_T7272,8,Day
T7273,Tech_T7273,6,Evening
T7274,Tech_T7274,10,Day
T7275,Tech_T7275,7,Evening
T7276,Tech_T7276,6,Evening
T7277,Tech_T7277,3,Mixed
T7278,Tech_T7278,7,Mixed
T7279,Tech_T7279,6,Day
T7280,Tech_T7280,1,Mixed
T7281,Tech_T7281,9,Evening
T7282,Tech_T7282,10,Mixed
T7283,Tech_T7283,6,Mixed
T7284,Tech_T7284,8,Evening
T7285,Tech_T7285,3,Day
T7286,Tech_T7286,6,Day
T7287,Tech_T7287,6,Evening
T7288,Tech_T7288,9,Mixed
T7289,Tech_T7289,8,Day
T7290,Tech_T7290,3,Mixed
T7291,Tech_T7291,9,Evening
T7292,Tech_T7292,10,Day
T7293,Tech_T7293,1,Day
T7294,Tech_T7294,6,Day
T7295,Tech_T7295,2,Day
T7296,Tech_T7296,3,Evening
T7297,Tech_T7297,5,Evening
T7298,Tech_T7298,9,Mixed
T7299,Tech_T7299,4,Evening
T7300,Tech_T7300,3,Day
T7301,Tech_T7301,2,Evening
T7302,Tech_T7302,9,Evening
T7303,Tech_T7303,2,Day
T7304,Tech_T7304,6,Mixed
T7305,Tech_T7305,4,Mixed
T7306,Tech_T7306,5,Evening
T7307,Tech_T7307,2,Evening
T7308,Tech_T7308,4,Evening
T7309,Tech_T7309,8,Day
T7310,Tech_T7310,1,Mixed
T7311,Tech_T7311,10,Evening
T7312,Tech_T7312,3,Mixed
T7313,Tech_T7313,4,Day
T7314,Tech_T7314,10,Day
T7315,Tech_T7315,3,Evening
T7316,Tech_T7316,1,Mixed
T7317,Tech_T7317,3,Evening
T7318,Tech_T7318,6,Mixed
T7319,Tech_T7319,3,Mixed
T7320,Tech_T7320,8,Day
T7321,Tech_T7321,3,Evening
T7322,Tech_T7322,8,Day
T7323,Tech_T7323,9,Day
T7324,Tech_T7324,8,Evening
T7325,Tech_T7325,1,Mixed
T7326,Tech_T7326,9,Day
T7327,Tech_T7327,8,Day
T7328,Tech_T7328,10,Day
T7329,Tech_T7329,5,Mixed
T7330,Tech_T7330,10,Day
T7331,Tech_T7331,5,Mixed
T7332,Tech_T7332,5,Evening
T7333,Tech_T7333,5,Day
T7334,Tech_T7334,7,Day
T7335,Tech_T7335,6,Evening
T7336,Tech_T7336,10,Evening
T7337,Tech_T7337,3,Day
T7338,Tech_T7338,3,Evening
T7339,Tech_T7339,4,Day
T7340,Tech_T7340,10,Day
T7341,Tech_T7341,6,Day
T7342,Tech_T7342,9,Day
T7343,Tech_T7343,6,Day
T7344,Tech_T7344,7,Evening
T7345,Tech_T7345,3,Evening
T7346,Tech_T7346,8,Mixed
T7347,Tech_T7347,7,Evening
T7348,Tech_T7348,2,Mixed
T7349,Tech_T7349,8,Day
T7350,Tech_T7350,1,Day
T7351,Tech_T7351,8,Day
T7352,Tech_T7352,8,Mixed
T7353,Tech_T7353,1,Evening
T7354,Tech_T7354,6,Evening
T7355,Tech_T7355,9,Mixed
T7356,Tech_T7356,8,Mixed
T7357,Tech_T7357,5,Evening
T7358,Tech_T7358,5,Mixed
T7359,Tech_T7359,6,Day
T7360,Tech_T7360,7,Day
T7361,Tech_T7361,2,Day
T7362,Tech_T7362,9,Day
T7363,Tech_T7363,5,Day
T7364,Tech_T7364,9,Evening
T7365,Tech_T7365,8,Mixed
T7366,Tech_T7366,7,Evening
T7367,Tech_T7367,6,Mixed
T7368,Tech_T7368,2,Evening
T7369,Tech_T7369,8,Day
T7370,Tech_T7370,7,Day
T7371,Tech_T7371,9,Evening
T7372,Tech_T7372,9,Evening
T7373,Tech_T7373,5,Evening
T7374,Tech_T7374,5,Mixed
T7375,Tech_T7375,5,Evening
T7376,Tech_T7376,1,Day
T7377,Tech_T7377,7,Day
T7378,Tech_T7378,8,Day
T7379,Tech_T7379,10,Day
T7380,Tech_T7380,6,Day
T7381,Tech_T7381,5,Mixed
T7382,Tech_T7382,5,Evening
T7383,Tech_T7383,4,Mixed
T7384,Tech_T7384,9,Evening
T7385,Tech_T7385,9,Day
T7386,Tech_T7386,9,Mixed
T7387,Tech_T7387,9,Evening
T7388,Tech_T7388,4,Evening
T7389,Tech_T7389,8,Day
T7390,Tech_T7390,1,Day
T7391,Tech_T7391,1,Evening
T7392,Tech_T7392,6,Day
T7393,Tech_T7393,10,Day
T7394,Tech_T7394,9,Mixed
T7395,Tech_T7395,4,Mixed
T7396,Tech_T7396,5,Mixed
T7397,Tech_T7397,1,Evening
T7398,Tech_T7398,2,Evening
T7399,Tech_T7399,6,Mixed
T7400,Tech_T7400,6,Mixed
T7401,Tech_T7401,3,Day
T7402,Tech_T7402,8,Evening
T7403,Tech_T7403,3,Day
T7404,Tech_T7404,7,Evening
T7405,Tech_T7405,3,Evening
T7406,Tech_T7406,1,Evening
T7407,Tech_T7407,10,Mixed
T7408,Tech_T7408,8,Day
T7409,Tech_T7409,2,Evening
T7410,Tech_T7410,4,Evening
T7411,Tech_T7411,6,Mixed
T7412,Tech_T7412,6,Evening
T7413,Tech_T7413,5,Day
T7414,Tech_T7414,6,Day
T7415,Tech_T7415,6,Mixed
T7416,Tech_T7416,6,Evening
T7417,Tech_T7417,5,Mixed
T7418,Tech_T7418,2,Evening
T7419,Tech_T7419,1,Evening
T7420,Tech_T7420,8,Mixed
T7421,Tech_T7421,1,Mixed
T7422,Tech_T7422,10,Evening
T7423,Tech_T7423,8,Day
T7424,Tech_T7424,6,Evening
T7425,Tech_T7425,8,Day
T7426,Tech_T7426,3,Evening
T7427,Tech_T7427,10,Mixed
T7428,Tech_T7428,7,Mixed
T7429,Tech_T7429,6,Day
T7430,Tech_T7430,5,Mixed
T7431,Tech_T7431,5,Evening
T7432,Tech_T7432,7,Evening
T7433,Tech_T7433,2,Evening
T7434,Tech_T7434,10,Day
T7435,Tech_T7435,1,Evening
T7436,Tech_T7436,8,Evening
T7437,Tech_T7437,9,Day
T7438,Tech_T7438,1,Mixed
T7439,Tech_T7439,9,Evening
T7440,Tech_T7440,5,Evening
T7441,Tech_T7441,9,Day
T7442,Tech_T7442,8,Mixed
T7443,Tech_T7443,7,Mixed
T7444,Tech_T7444,6,Mixed
T7445,Tech_T7445,1,Day
T7446,Tech_T7446,7,Mixed
T7447,Tech_T7447,7,Evening
T7448,Tech_T7448,3,Evening
T7449,Tech_T7449,7,Evening
T7450,Tech_T7450,10,Day
T7451,Tech_T7451,6,Mixed
T7452,Tech_T7452,10,Mixed
T7453,Tech_T7453,2,Evening
T7454,Tech_T7454,7,Mixed
T7455,Tech_T7455,3,Evening
T7456,Tech_T7456,7,Mixed
T7457,Tech_T7457,7,Mixed
T7458,Tech_T7458,6,Mixed
T7459,Tech_T7459,5,Day
T7460,Tech_T7460,5,Evening
T7461,Tech_T7461,9,Mixed
T7462,Tech_T7462,10,Evening
T7463,Tech_T7463,1,Evening
T7464,Tech_T7464,3,Mixed
T7465,Tech_T7465,6,Mixed
T7466,Tech_T7466,5,Day
T7467,Tech_T7467,8,Evening
T7468,Tech_T7468,2,Day
T7469,Tech_T7469,1,Day
T7470,Tech_T7470,2,Day
T7471,Tech_T7471,9,Day
T7472,Tech_T7472,1,Evening
T7473,Tech_T7473,9,Day
T7474,Tech_T7474,9,Evening
T7475,Tech_T7475,5,Day
T7476,Tech_T7476,9,Mixed
T7477,Tech_T7477,8,Evening
T7478,Tech_T7478,9,Mixed
T7479,Tech_T7479,7,Mixed
T7480,Tech_T7480,9,Evening
T7481,Tech_T7481,1,Mixed
T7482,Tech_T7482,9,Mixed
T7483,Tech_T7483,10,Day
T7484,Tech_T7484,6,Day
T7485,Tech_T7485,1,Day
T7486,Tech_T7486,5,Day
T7487,Tech_T7487,8,Mixed
T7488,Tech_T7488,7,Mixed
T7489,Tech_T7489,5,Evening
T7490,Tech_T7490,1,Mixed
T7491,Tech_T7491,10,Evening
T7492,Tech_T7492,9,Day
T7493,Tech_T7493,4,Evening
T7494,Tech_T7494,6,Mixed
T7495,Tech_T7495,4,Day
T7496,Tech_T7496,10,Day
T7497,Tech_T7497,2,Evening
T7498,Tech_T7498,8,Mixed
T7499,Tech_T7499,5,Evening
T7500,Tech_T7500,7,Day
T7501,Tech_T7501,5,Mixed
T7502,Tech_T7502,10,Mixed
T7503,Tech_T7503,3,Evening
T7504,Tech_T7504,9,Mixed
T7505,Tech_T7505,6,Evening
T7506,Tech_T7506,3,Day
T7507,Tech_T7507,2,Mixed
T7508,Tech_T7508,6,Day
T7509,Tech_T7509,1,Mixed
T7510,Tech_T7510,3,Mixed
T7511,Tech_T7511,2,Mixed
T7512,Tech_T7512,4,Mixed
T7513,Tech_T7513,10,Day
T7514,Tech_T7514,9,Evening
T7515,Tech_T7515,7,Mixed
T7516,Tech_T7516,4,Mixed
T7517,Tech_T7517,10,Day
T7518,Tech_T7518,7,Evening
T7519,Tech_T7519,5,Mixed
T7520,Tech_T7520,9,Mixed
T7521,Tech_T7521,8,Mixed
T7522,Tech_T7522,6,Day
T7523,Tech_T7523,7,Mixed
T7524,Tech_T7524,10,Evening
T7525,Tech_T7525,3,Mixed
T7526,Tech_T7526,9,Mixed
T7527,Tech_T7527,2,Mixed
T7528,Tech_T7528,4,Day
T7529,Tech_T7529,8,Mixed
T7530,Tech_T7530,8,Evening
T7531,Tech_T7531,7,Evening
T7532,Tech_T7532,2,Day
T7533,Tech_T7533,3,Evening
T7534,Tech_T7534,2,Evening
T7535,Tech_T7535,10,Day
T7536,Tech_T7536,1,Evening
T7537,Tech_T7537,10,Evening
T7538,Tech_T7538,9,Mixed
T7539,Tech_T7539,1,Mixed
T7540,Tech_T7540,8,Day
T7541,Tech_T7541,2,Evening
T7542,Tech_T7542,7,Mixed
T7543,Tech_T7543,5,Day
T7544,Tech_T7544,5,Mixed
T7545,Tech_T7545,5,Day
T7546,Tech_T7546,9,Day
T7547,Tech_T7547,10,Evening
T7548,Tech_T7548,9,Day
T7549,Tech_T7549,3,Mixed
T7550,Tech_T7550,2,Mixed
T7551,Tech_T7551,3,Mixed
T7552,Tech_T7552,1,Mixed
T7553,Tech_T7553,6,Day
T7554,Tech_T7554,7,Day
T7555,Tech_T7555,4,Day
T7556,Tech_T7556,1,Evening
T7557,Tech_T7557,9,Mixed
T7558,Tech_T7558,9,Day
T7559,Tech_T7559,7,Mixed
T7560,Tech_T7560,8,Evening
T7561,Tech_T7561,8,Evening
T7562,Tech_T7562,7,Day
T7563,Tech_T7563,6,Mixed
T7564,Tech_T7564,9,Evening
T7565,Tech_T7565,10,Mixed
T7566,Tech_T7566,6,Mixed
T7567,Tech_T7567,3,Mixed
T7568,Tech_T7568,4,Evening
T7569,Tech_T7569,1,Day
T7570,Tech_T7570,4,Day
T7571,Tech_T7571,9,Day
T7572,Tech_T7572,3,Mixed
T7573,Tech_T7573,5,Day
T7574,Tech_T7574,6,Day
T7575,Tech_T7575,2,Mixed
T7576,Tech_T7576,4,Evening
T7577,Tech_T7577,10,Evening
T7578,Tech_T7578,3,Mixed
T7579,Tech_T7579,4,Day
T7580,Tech_T7580,10,Evening
T7581,Tech_T7581,5,Evening
T7582,Tech_T7582,10,Evening
T7583,Tech_T7583,9,Day
T7584,Tech_T7584,10,Evening
T7585,Tech_T7585,9,Evening
T7586,Tech_T7586,8,Day
T7587,Tech_T7587,8,Mixed
T7588,Tech_T7588,7,Evening
T7589,Tech_T7589,4,Evening
T7590,Tech_T7590,6,Mixed
T7591,Tech_T7591,2,Mixed
T7592,Tech_T7592,2,Day
T7593,Tech_T7593,4,Mixed
T7594,Tech_T7594,6,Day
T7595,Tech_T7595,7,Day
T7596,Tech_T7596,10,Evening
T7597,Tech_T7597,5,Evening
T7598,Tech_T7598,1,Mixed
T7599,Tech_T7599,3,Day
T7600,Tech_T7600,3,Day
T7601,Tech_T7601,5,Mixed
T7602,Tech_T7602,5,Mixed
T7603,Tech_T7603,5,Mixed
T7604,Tech_T7604,8,Day
T7605,Tech_T7605,3,Evening
T7606,Tech_T7606,8,Mixed
T7607,Tech_T7607,10,Mixed
T7608,Tech_T7608,4,Mixed
T7609,Tech_T7609,3,Mixed
T7610,Tech_T7610,5,Day
T7611,Tech_T7611,8,Evening
T7612,Tech_T7612,1,Day
T7613,Tech_T7613,10,Mixed
T7614,Tech_T7614,7,Mixed
T7615,Tech_T7615,5,Evening
T7616,Tech_T7616,9,Day
T7617,Tech_T7617,9,Mixed
T7618,Tech_T7618,9,Mixed
T7619,Tech_T7619,3,Evening
T7620,Tech_T7620,2,Mixed
T7621,Tech_T7621,1,Day
T7622,Tech_T7622,9,Day
T7623,Tech_T7623,5,Day
T7624,Tech_T7624,4,Day
T7625,Tech_T7625,2,Evening
T7626,Tech_T7626,1,Day
T7627,Tech_T7627,9,Evening
T7628,Tech_T7628,9,Mixed
T7629,Tech_T7629,1,Day
T7630,Tech_T7630,7,Evening
T7631,Tech_T7631,5,Mixed
T7632,Tech_T7632,10,Evening
T7633,Tech_T7633,9,Evening
T7634,Tech_T7634,5,Mixed
T7635,Tech_T7635,9,Mixed
T7636,Tech_T7636,5,Evening
T7637,Tech_T7637,5,Evening
T7638,Tech_T7638,4,Mixed
T7639,Tech_T7639,7,Evening
T7640,Tech_T7640,4,Evening
T7641,Tech_T7641,7,Day
T7642,Tech_T7642,6,Mixed
T7643,Tech_T7643,2,Day
T7644,Tech_T7644,5,Day
T7645,Tech_T7645,3,Evening
T7646,Tech_T7646,9,Evening
T7647,Tech_T7647,6,Evening
T7648,Tech_T7648,7,Evening
T7649,Tech_T7649,2,Mixed
T7650,Tech_T7650,10,Day
T7651,Tech_T7651,8,Evening
T7652,Tech_T7652,10,Day
T7653,Tech_T7653,2,Day
T7654,Tech_T7654,9,Day
T7655,Tech_T7655,10,Evening
T7656,Tech_T7656,2,Evening
T7657,Tech_T7657,6,Mixed
T7658,Tech_T7658,2,Evening
T7659,Tech_T7659,8,Evening
T7660,Tech_T7660,3,Day
T7661,Tech_T7661,3,Day
T7662,Tech_T7662,2,Evening
T7663,Tech_T7663,9,Mixed
T7664,Tech_T7664,10,Evening
T7665,Tech_T7665,1,Mixed
T7666,Tech_T7666,9,Day
T7667,Tech_T7667,3,Mixed
T7668,Tech_T7668,8,Evening
T7669,Tech_T7669,8,Evening
T7670,Tech_T7670,8,Evening
T7671,Tech_T7671,4,Mixed
T7672,Tech_T7672,2,Mixed
T7673,Tech_T7673,2,Evening
T7674,Tech_T7674,9,Mixed
T7675,Tech_T7675,8,Day
T7676,Tech_T7676,10,Mixed
T7677,Tech_T7677,1,Day
T7678,Tech_T7678,7,Day
T7679,Tech_T7679,3,Day
T7680,Tech_T7680,1,Evening
T7681,Tech_T7681,10,Day
T7682,Tech_T7682,9,Day
T7683,Tech_T7683,8,Evening
T7684,Tech_T7684,1,Day
T7685,Tech_T7685,2,Day
T7686,Tech_T7686,2,Mixed
T7687,Tech_T7687,7,Day
T7688,Tech_T7688,3,Evening
T7689,Tech_T7689,2,Mixed
T7690,Tech_T7690,7,Day
T7691,Tech_T7691,8,Evening
T7692,Tech_T7692,4,Evening
T7693,Tech_T7693,3,Day
T7694,Tech_T7694,5,Day
T7695,Tech_T7695,7,Evening
T7696,Tech_T7696,3,Evening
T7697,Tech_T7697,9,Day
T7698,Tech_T7698,2,Evening
T7699,Tech_T7699,9,Mixed
T7700,Tech_T7700,5,Day
T7701,Tech_T7701,10,Evening
T7702,Tech_T7702,2,Evening
T7703,Tech_T7703,6,Mixed
T7704,Tech_T7704,4,Day
T7705,Tech_T7705,9,Day
T7706,Tech_T7706,9,Evening
T7707,Tech_T7707,7,Evening
T7708,Tech_T7708,6,Mixed
T7709,Tech_T7709,7,Mixed
T7710,Tech_T7710,8,Evening
T7711,Tech_T7711,6,Evening
T7712,Tech_T7712,6,Day
T7713,Tech_T7713,6,Evening
T7714,Tech_T7714,3,Evening
T7715,Tech_T7715,8,Evening
T7716,Tech_T7716,4,Evening
T7717,Tech_T7717,5,Evening
T7718,Tech_T7718,3,Evening
T7719,Tech_T7719,9,Evening
T7720,Tech_T7720,7,Mixed
T7721,Tech_T7721,6,Evening
T7722,Tech_T7722,10,Day
T7723,Tech_T7723,8,Mixed
T7724,Tech_T7724,8,Day
T7725,Tech_T7725,6,Evening
T7726,Tech_T7726,1,Evening
T7727,Tech_T7727,4,Mixed
T7728,Tech_T7728,1,Mixed
T7729,Tech_T7729,5,Mixed
T7730,Tech_T7730,10,Evening
T7731,Tech_T7731,10,Day
T7732,Tech_T7732,10,Evening
T7733,Tech_T7733,7,Mixed
T7734,Tech_T7734,4,Evening
T7735,Tech_T7735,7,Day
T7736,Tech_T7736,5,Mixed
T7737,Tech_T7737,9,Mixed
T7738,Tech_T7738,9,Mixed
T7739,Tech_T7739,8,Mixed
T7740,Tech_T7740,10,Day
T7741,Tech_T7741,10,Mixed
T7742,Tech_T7742,5,Evening
T7743,Tech_T7743,6,Evening
T7744,Tech_T7744,3,Mixed
T7745,Tech_T7745,1,Day
T7746,Tech_T7746,6,Evening
T7747,Tech_T7747,1,Mixed
T7748,Tech_T7748,10,Mixed
T7749,Tech_T7749,1,Evening
T7750,Tech_T7750,5,Mixed
T7751,Tech_T7751,10,Evening
T7752,Tech_T7752,4,Evening
T7753,Tech_T7753,6,Mixed
T7754,Tech_T7754,2,Mixed
T7755,Tech_T7755,3,Mixed
T7756,Tech_T7756,7,Evening
T7757,Tech_T7757,5,Day
T7758,Tech_T7758,10,Day
T7759,Tech_T7759,7,Mixed
T7760,Tech_T7760,3,Evening
T7761,Tech_T7761,10,Evening
T7762,Tech_T7762,7,Evening
T7763,Tech_T7763,3,Evening
T7764,Tech_T7764,10,Day
T7765,Tech_T7765,7,Evening
T7766,Tech_T7766,2,Mixed
T7767,Tech_T7767,2,Mixed
T7768,Tech_T7768,1,Evening
T7769,Tech_T7769,1,Day
T7770,Tech_T7770,10,Day
T7771,Tech_T7771,10,Evening
T7772,Tech_T7772,3,Evening
T7773,Tech_T7773,4,Evening
T7774,Tech_T7774,7,Day
T7775,Tech_T7775,2,Day
T7776,Tech_T7776,3,Mixed
T7777,Tech_T7777,1,Evening
T7778,Tech_T7778,10,Mixed
T7779,Tech_T7779,6,Evening
T7780,Tech_T7780,7,Day
T7781,Tech_T7781,3,Mixed
T7782,Tech_T7782,9,Evening
T7783,Tech_T7783,8,Day
T7784,Tech_T7784,1,Evening
T7785,Tech_T7785,8,Mixed
T7786,Tech_T7786,8,Day
T7787,Tech_T7787,10,Evening
T7788,Tech_T7788,7,Day
T7789,Tech_T7789,3,Evening
T7790,Tech_T7790,5,Day
T7791,Tech_T7791,4,Evening
T7792,Tech_T7792,3,Mixed
T7793,Tech_T7793,7,Evening
T7794,Tech_T7794,4,Evening
T7795,Tech_T7795,9,Day
T7796,Tech_T7796,7,Mixed
T7797,Tech_T7797,5,Mixed
T7798,Tech_T7798,10,Evening
T7799,Tech_T7799,3,Day
T7800,Tech_T7800,3,Mixed
T7801,Tech_T7801,1,Day
T7802,Tech_T7802,10,Evening
T7803,Tech_T7803,1,Mixed
T7804,Tech_T7804,8,Evening
T7805,Tech_T7805,5,Day
T7806,Tech_T7806,7,Day
T7807,Tech_T7807,1,Mixed
T7808,Tech_T7808,9,Evening
T7809,Tech_T7809,9,Day
T7810,Tech_T7810,3,Day
T7811,Tech_T7811,4,Day
T7812,Tech_T7812,7,Evening
T7813,Tech_T7813,1,Day
T7814,Tech_T7814,2,Evening
T7815,Tech_T7815,5,Day
T7816,Tech_T7816,6,Day
T7817,Tech_T7817,10,Evening
T7818,Tech_T7818,2,Day
T7819,Tech_T7819,5,Evening
T7820,Tech_T7820,10,Mixed
T7821,Tech_T7821,1,Day
T7822,Tech_T7822,6,Mixed
T7823,Tech_T7823,2,Day
T7824,Tech_T7824,7,Mixed
T7825,Tech_T7825,1,Evening
T7826,Tech_T7826,8,Day
T7827,Tech_T7827,1,Day
T7828,Tech_T7828,5,Evening
T7829,Tech_T7829,9,Evening
T7830,Tech_T7830,7,Evening
T7831,Tech_T7831,7,Mixed
T7832,Tech_T7832,5,Day
T7833,Tech_T7833,2,Day
T7834,Tech_T7834,2,Evening
T7835,Tech_T7835,3,Evening
T7836,Tech_T7836,1,Mixed
T7837,Tech_T7837,10,Day
T7838,Tech_T7838,8,Evening
T7839,Tech_T7839,5,Day
T7840,Tech_T7840,2,Evening
T7841,Tech_T7841,8,Mixed
T7842,Tech_T7842,5,Mixed
T7843,Tech_T7843,7,Day
T7844,Tech_T7844,9,Day
T7845,Tech_T7845,7,Mixed
T7846,Tech_T7846,10,Evening
T7847,Tech_T7847,1,Evening
T7848,Tech_T7848,6,Mixed
T7849,Tech_T7849,5,Evening
T7850,Tech_T7850,9,Mixed
T7851,Tech_T7851,6,Day
T7852,Tech_T7852,7,Mixed
T7853,Tech_T7853,8,Mixed
T7854,Tech_T7854,1,Mixed
T7855,Tech_T7855,6,Mixed
T7856,Tech_T7856,1,Evening
T7857,Tech_T7857,1,Evening
T7858,Tech_T7858,9,Day
T7859,Tech_T7859,8,Mixed
T7860,Tech_T7860,5,Day
T7861,Tech_T7861,8,Mixed
T7862,Tech_T7862,8,Evening
T7863,Tech_T7863,3,Evening
T7864,Tech_T7864,8,Day
T7865,Tech_T7865,2,Day
T7866,Tech_T7866,9,Mixed
T7867,Tech_T7867,4,Day
T7868,Tech_T7868,10,Mixed
T7869,Tech_T7869,5,Mixed
T7870,Tech_T7870,10,Day
T7871,Tech_T7871,8,Evening
T7872,Tech_T7872,7,Evening
T7873,Tech_T7873,10,Mixed
T7874,Tech_T7874,9,Mixed
T7875,Tech_T7875,7,Evening
T7876,Tech_T7876,9,Day
T7877,Tech_T7877,5,Evening
T7878,Tech_T7878,3,Day
T7879,Tech_T7879,8,Mixed
T7880,Tech_T7880,9,Day
T7881,Tech_T7881,10,Day
T7882,Tech_T7882,2,Day
T7883,Tech_T7883,7,Day
T7884,Tech_T7884,10,Evening
T7885,Tech_T7885,3,Mixed
T7886,Tech_T7886,7,Evening
T7887,Tech_T7887,7,Day
T7888,Tech_T7888,6,Mixed
T7889,Tech_T7889,5,Day
T7890,Tech_T7890,4,Evening
T7891,Tech_T7891,9,Day
T7892,Tech_T7892,9,Day
T7893,Tech_T7893,3,Day
T7894,Tech_T7894,5,Evening
T7895,Tech_T7895,10,Evening
T7896,Tech_T7896,4,Day
T7897,Tech_T7897,8,Mixed
T7898,Tech_T7898,8,Day
T7899,Tech_T7899,7,Evening
T7900,Tech_T7900,3,Evening
T7901,Tech_T7901,10,Day
T7902,Tech_T7902,1,Evening
T7903,Tech_T7903,2,Evening
T7904,Tech_T7904,9,Day
T7905,Tech_T7905,9,Evening
T7906,Tech_T7906,5,Evening
T7907,Tech_T7907,3,Evening
T7908,Tech_T7908,5,Mixed
T7909,Tech_T7909,1,Evening
T7910,Tech_T7910,10,Evening
T7911,Tech_T7911,6,Mixed
T7912,Tech_T7912,3,Evening
T7913,Tech_T7913,5,Evening
T7914,Tech_T7914,1,Day
T7915,Tech_T7915,1,Day
T7916,Tech_T7916,1,Mixed
T7917,Tech_T7917,9,Mixed
T7918,Tech_T7918,10,Day
T7919,Tech_T7919,2,Day
T7920,Tech_T7920,2,Day
T7921,Tech_T7921,8,Evening
T7922,Tech_T7922,1,Day
T7923,Tech_T7923,4,Day
T7924,Tech_T7924,8,Day
T7925,Tech_T7925,3,Mixed
T7926,Tech_T7926,3,Evening
T7927,Tech_T7927,9,Evening
T7928,Tech_T7928,2,Mixed
T7929,Tech_T7929,7,Mixed
T7930,Tech_T7930,9,Mixed
T7931,Tech_T7931,2,Day
T7932,Tech_T7932,5,Day
T7933,Tech_T7933,1,Mixed
T7934,Tech_T7934,5,Evening
T7935,Tech_T7935,4,Day
T7936,Tech_T7936,6,Evening
T7937,Tech_T7937,6,Day
T7938,Tech_T7938,3,Mixed
T7939,Tech_T7939,3,Mixed
T7940,Tech_T7940,5,Mixed
T7941,Tech_T7941,3,Evening
T7942,Tech_T7942,3,Mixed
T7943,Tech_T7943,4,Mixed
T7944,Tech_T7944,2,Evening
T7945,Tech_T7945,6,Evening
T7946,Tech_T7946,1,Day
T7947,Tech_T7947,1,Evening
T7948,Tech_T7948,7,Day
T7949,Tech_T7949,6,Evening
T7950,Tech_T7950,8,Mixed
T7951,Tech_T7951,1,Day
T7952,Tech_T7952,1,Evening
T7953,Tech_T7953,10,Evening
T7954,Tech_T7954,8,Day
T7955,Tech_T7955,2,Day
T7956,Tech_T7956,5,Evening
T7957,Tech_T7957,10,Mixed
T7958,Tech_T7958,9,Evening
T7959,Tech_T7959,5,Evening
T7960,Tech_T7960,6,Evening
T7961,Tech_T7961,5,Evening
T7962,Tech_T7962,9,Evening
T7963,Tech_T7963,4,Evening
T7964,Tech_T7964,5,Mixed
T7965,Tech_T7965,4,Day
T7966,Tech_T7966,2,Evening
T7967,Tech_T7967,9,Evening
T7968,Tech_T7968,6,Day
T7969,Tech_T7969,9,Evening
T7970,Tech_T7970,9,Evening
T7971,Tech_T7971,9,Day
T7972,Tech_T7972,7,Evening
T7973,Tech_T7973,2,Day
T7974,Tech_T7974,3,Day
T7975,Tech_T7975,7,Day
T7976,Tech_T7976,5,Evening
T7977,Tech_T7977,10,Evening
T7978,Tech_T7978,8,Evening
T7979,Tech_T7979,5,Evening
T7980,Tech_T7980,8,Mixed
T7981,Tech_T7981,6,Mixed
T7982,Tech_T7982,3,Day
T7983,Tech_T7983,8,Evening
T7984,Tech_T7984,9,Evening
T7985,Tech_T7985,9,Evening
T7986,Tech_T7986,5,Evening
T7987,Tech_T7987,1,Day
T7988,Tech_T7988,1,Evening
T7989,Tech_T7989,3,Mixed
T7990,Tech_T7990,9,Mixed
T7991,Tech_T7991,2,Day
T7992,Tech_T7992,8,Day
T7993,Tech_T7993,7,Day
T7994,Tech_T7994,10,Mixed
T7995,Tech_T7995,10,Day
T7996,Tech_T7996,3,Evening
T7997,Tech_T7997,9,Evening
T7998,Tech_T7998,9,Evening
T7999,Tech_T7999,4,Evening
T8000,Tech_T8000,1,Day
T8001,Tech_T8001,9,Mixed
T8002,Tech_T8002,3,Evening
T8003,Tech_T8003,9,Evening
T8004,Tech_T8004,2,Evening
T8005,Tech_T8005,9,Mixed
T8006,Tech_T8006,10,Mixed
T8007,Tech_T8007,5,Evening
T8008,Tech_T8008,3,Mixed
T8009,Tech_T8009,9,Evening
T8010,Tech_T8010,6,Evening
T8011,Tech_T8011,6,Evening
T8012,Tech_T8012,5,Evening
T8013,Tech_T8013,4,Mixed
T8014,Tech_T8014,8,Day
T8015,Tech_T8015,2,Evening
T8016,Tech_T8016,10,Evening
T8017,Tech_T8017,1,Evening
T8018,Tech_T8018,5,Evening
T8019,Tech_T8019,10,Day
T8020,Tech_T8020,10,Mixed
T8021,Tech_T8021,10,Day
T8022,Tech_T8022,6,Day
T8023,Tech_T8023,9,Evening
T8024,Tech_T8024,2,Mixed
T8025,Tech_T8025,4,Mixed
T8026,Tech_T8026,4,Day
T8027,Tech_T8027,1,Day
T8028,Tech_T8028,8,Day
T8029,Tech_T8029,2,Evening
T8030,Tech_T8030,5,Day
T8031,Tech_T8031,1,Day
T8032,Tech_T8032,7,Mixed
T8033,Tech_T8033,5,Evening
T8034,Tech_T8034,1,Evening
T8035,Tech_T8035,5,Mixed
T8036,Tech_T8036,7,Evening
T8037,Tech_T8037,6,Mixed
T8038,Tech_T8038,5,Day
T8039,Tech_T8039,8,Mixed
T8040,Tech_T8040,9,Day
T8041,Tech_T8041,3,Mixed
T8042,Tech_T8042,9,Day
T8043,Tech_T8043,1,Evening
T8044,Tech_T8044,6,Evening
T8045,Tech_T8045,7,Day
T8046,Tech_T8046,5,Day
T8047,Tech_T8047,2,Evening
T8048,Tech_T8048,6,Evening
T8049,Tech_T8049,9,Day
T8050,Tech_T8050,9,Mixed
T8051,Tech_T8051,8,Day
T8052,Tech_T8052,8,Evening
T8053,Tech_T8053,7,Evening
T8054,Tech_T8054,5,Day
T8055,Tech_T8055,8,Evening
T8056,Tech_T8056,1,Evening
T8057,Tech_T8057,7,Mixed
T8058,Tech_T8058,5,Evening
T8059,Tech_T8059,7,Mixed
T8060,Tech_T8060,7,Mixed
T8061,Tech_T8061,3,Day
T8062,Tech_T8062,9,Day
T8063,Tech_T8063,5,Evening
T8064,Tech_T8064,8,Day
T8065,Tech_T8065,6,Day
T8066,Tech_T8066,1,Mixed
T8067,Tech_T8067,1,Day
T8068,Tech_T8068,10,Day
T8069,Tech_T8069,3,Mixed
T8070,Tech_T8070,4,Day
T8071,Tech_T8071,4,Day
T8072,Tech_T8072,7,Day
T8073,Tech_T8073,10,Evening
T8074,Tech_T8074,1,Mixed
T8075,Tech_T8075,9,Mixed
T8076,Tech_T8076,7,Day
T8077,Tech_T8077,8,Evening
T8078,Tech_T8078,7,Evening
T8079,Tech_T8079,6,Evening
T8080,Tech_T8080,9,Day
T8081,Tech_T8081,9,Mixed
T8082,Tech_T8082,7,Day
T8083,Tech_T8083,5,Mixed
T8084,Tech_T8084,5,Mixed
T8085,Tech_T8085,8,Mixed
T8086,Tech_T8086,10,Day
T8087,Tech_T8087,10,Mixed
T8088,Tech_T8088,5,Mixed
T8089,Tech_T8089,7,Evening
T8090,Tech_T8090,1,Mixed
T8091,Tech_T8091,6,Evening
T8092,Tech_T8092,4,Mixed
T8093,Tech_T8093,3,Mixed
T8094,Tech_T8094,10,Evening
T8095,Tech_T8095,2,Mixed
T8096,Tech_T8096,1,Evening
T8097,Tech_T8097,6,Mixed
T8098,Tech_T8098,8,Day
T8099,Tech_T8099,2,Mixed
T8100,Tech_T8100,1,Day
T8101,Tech_T8101,3,Evening
T8102,Tech_T8102,9,Evening
T8103,Tech_T8103,10,Mixed
T8104,Tech_T8104,9,Evening
T8105,Tech_T8105,1,Mixed
T8106,Tech_T8106,3,Evening
T8107,Tech_T8107,4,Day
T8108,Tech_T8108,7,Day
T8109,Tech_T8109,2,Day
T8110,Tech_T8110,10,Mixed
T8111,Tech_T8111,4,Mixed
T8112,Tech_T8112,8,Day
T8113,Tech_T8113,9,Day
T8114,Tech_T8114,2,Mixed
T8115,Tech_T8115,4,Day
T8116,Tech_T8116,6,Mixed
T8117,Tech_T8117,7,Mixed
T8118,Tech_T8118,7,Mixed
T8119,Tech_T8119,3,Mixed
T8120,Tech_T8120,10,Mixed
T8121,Tech_T8121,2,Mixed
T8122,Tech_T8122,5,Day
T8123,Tech_T8123,7,Evening
T8124,Tech_T8124,7,Mixed
T8125,Tech_T8125,6,Mixed
T8126,Tech_T8126,2,Evening
T8127,Tech_T8127,7,Day
T8128,Tech_T8128,3,Mixed
T8129,Tech_T8129,5,Evening
T8130,Tech_T8130,6,Day
T8131,Tech_T8131,5,Evening
T8132,Tech_T8132,7,Day
T8133,Tech_T8133,10,Evening
T8134,Tech_T8134,2,Mixed
T8135,Tech_T8135,7,Mixed
T8136,Tech_T8136,8,Evening
T8137,Tech_T8137,9,Mixed
T8138,Tech_T8138,2,Evening
T8139,Tech_T8139,3,Day
T8140,Tech_T8140,1,Evening
T8141,Tech_T8141,6,Day
T8142,Tech_T8142,9,Evening
T8143,Tech_T8143,7,Evening
T8144,Tech_T8144,6,Day
T8145,Tech_T8145,3,Mixed
T8146,Tech_T8146,5,Evening
T8147,Tech_T8147,6,Day
T8148,Tech_T8148,6,Mixed
T8149,Tech_T8149,8,Evening
T8150,Tech_T8150,5,Mixed
T8151,Tech_T8151,1,Day
T8152,Tech_T8152,8,Mixed
T8153,Tech_T8153,3,Evening
T8154,Tech_T8154,1,Mixed
T8155,Tech_T8155,1,Day
T8156,Tech_T8156,5,Day
T8157,Tech_T8157,1,Day
T8158,Tech_T8158,6,Day
T8159,Tech_T8159,10,Day
T8160,Tech_T8160,9,Evening
T8161,Tech_T8161,7,Day
T8162,Tech_T8162,9,Day
T8163,Tech_T8163,6,Day
T8164,Tech_T8164,10,Evening
T8165,Tech_T8165,6,Mixed
T8166,Tech_T8166,4,Day
T8167,Tech_T8167,8,Mixed
T8168,Tech_T8168,4,Evening
T8169,Tech_T8169,10,Day
T8170,Tech_T8170,9,Evening
T8171,Tech_T8171,8,Day
T8172,Tech_T8172,10,Mixed
T8173,Tech_T8173,2,Evening
T8174,Tech_T8174,6,Evening
T8175,Tech_T8175,7,Day
T8176,Tech_T8176,4,Day
T8177,Tech_T8177,2,Evening
T8178,Tech_T8178,10,Day
T8179,Tech_T8179,8,Mixed
T8180,Tech_T8180,1,Day
T8181,Tech_T8181,6,Evening
T8182,Tech_T8182,9,Day
T8183,Tech_T8183,6,Day
T8184,Tech_T8184,1,Evening
T8185,Tech_T8185,3,Mixed
T8186,Tech_T8186,9,Day
T8187,Tech_T8187,5,Mixed
T8188,Tech_T8188,10,Evening
T8189,Tech_T8189,10,Mixed
T8190,Tech_T8190,4,Day
T8191,Tech_T8191,1,Evening
T8192,Tech_T8192,2,Evening
T8193,Tech_T8193,2,Evening
T8194,Tech_T8194,10,Mixed
T8195,Tech_T8195,8,Day
T8196,Tech_T8196,8,Day
T8197,Tech_T8197,7,Day
T8198,Tech_T8198,3,Evening
T8199,Tech_T8199,7,Day
T8200,Tech_T8200,2,Evening
T8201,Tech_T8201,1,Mixed
T8202,Tech_T8202,7,Evening
T8203,Tech_T8203,6,Evening
T8204,Tech_T8204,8,Mixed
T8205,Tech_T8205,4,Evening
T8206,Tech_T8206,2,Mixed
T8207,Tech_T8207,1,Mixed
T8208,Tech_T8208,1,Evening
T8209,Tech_T8209,4,Day
T8210,Tech_T8210,8,Evening
T8211,Tech_T8211,5,Evening
T8212,Tech_T8212,7,Day
T8213,Tech_T8213,1,Evening
T8214,Tech_T8214,10,Mixed
T8215,Tech_T8215,8,Mixed
T8216,Tech_T8216,1,Evening
T8217,Tech_T8217,2,Day
T8218,Tech_T8218,7,Day
T8219,Tech_T8219,2,Mixed
T8220,Tech_T8220,4,Evening
T8221,Tech_T8221,6,Mixed
T8222,Tech_T8222,8,Day
T8223,Tech_T8223,7,Day
T8224,Tech_T8224,4,Evening
T8225,Tech_T8225,3,Evening
T8226,Tech_T8226,4,Day
T8227,Tech_T8227,4,Day
T8228,Tech_T8228,6,Evening
T8229,Tech_T8229,5,Mixed
T8230,Tech_T8230,10,Evening
T8231,Tech_T8231,1,Mixed
T8232,Tech_T8232,4,Evening
T8233,Tech_T8233,6,Evening
T8234,Tech_T8234,3,Evening
T8235,Tech_T8235,7,Evening
T8236,Tech_T8236,1,Mixed
T8237,Tech_T8237,2,Day
T8238,Tech_T8238,8,Mixed
T8239,Tech_T8239,1,Day
T8240,Tech_T8240,3,Day
T8241,Tech_T8241,1,Day
T8242,Tech_T8242,6,Evening
T8243,Tech_T8243,1,Mixed
T8244,Tech_T8244,4,Evening
T8245,Tech_T8245,3,Mixed
T8246,Tech_T8246,9,Day
T8247,Tech_T8247,8,Day
T8248,Tech_T8248,6,Mixed
T8249,Tech_T8249,7,Evening
T8250,Tech_T8250,5,Mixed
T8251,Tech_T8251,7,Mixed
T8252,Tech_T8252,5,Evening
T8253,Tech_T8253,1,Mixed
T8254,Tech_T8254,2,Day
T8255,Tech_T8255,1,Evening
T8256,Tech_T8256,9,Mixed
T8257,Tech_T8257,1,Evening
T8258,Tech_T8258,9,Mixed
T8259,Tech_T8259,9,Day
T8260,Tech_T8260,2,Evening
T8261,Tech_T8261,8,Evening
T8262,Tech_T8262,6,Evening
T8263,Tech_T8263,4,Evening
T8264,Tech_T8264,7,Day
T8265,Tech_T8265,6,Evening
T8266,Tech_T8266,4,Evening
T8267,Tech_T8267,10,Mixed
T8268,Tech_T8268,3,Mixed
T8269,Tech_T8269,2,Mixed
T8270,Tech_T8270,6,Mixed
T8271,Tech_T8271,1,Mixed
T8272,Tech_T8272,10,Mixed
T8273,Tech_T8273,3,Evening
T8274,Tech_T8274,8,Day
T8275,Tech_T8275,1,Mixed
T8276,Tech_T8276,5,Mixed
T8277,Tech_T8277,3,Mixed
T8278,Tech_T8278,8,Day
T8279,Tech_T8279,2,Evening
T8280,Tech_T8280,6,Day
T8281,Tech_T8281,8,Day
T8282,Tech_T8282,5,Evening
T8283,Tech_T8283,5,Evening
T8284,Tech_T8284,9,Evening
T8285,Tech_T8285,7,Day
T8286,Tech_T8286,10,Mixed
T8287,Tech_T8287,10,Mixed
T8288,Tech_T8288,1,Day
T8289,Tech_T8289,3,Day
T8290,Tech_T8290,9,Mixed
T8291,Tech_T8291,3,Day
T8292,Tech_T8292,4,Mixed
T8293,Tech_T8293,3,Day
T8294,Tech_T8294,9,Mixed
T8295,Tech_T8295,4,Mixed
T8296,Tech_T8296,1,Day
T8297,Tech_T8297,10,Evening
T8298,Tech_T8298,7,Evening
T8299,Tech_T8299,3,Day
T8300,Tech_T8300,1,Evening
T8301,Tech_T8301,10,Mixed
T8302,Tech_T8302,2,Evening
T8303,Tech_T8303,3,Evening
T8304,Tech_T8304,6,Day
T8305,Tech_T8305,8,Evening
T8306,Tech_T8306,3,Day
T8307,Tech_T8307,1,Evening
T8308,Tech_T8308,10,Mixed
T8309,Tech_T8309,6,Day
T8310,Tech_T8310,7,Day
T8311,Tech_T8311,2,Evening
T8312,Tech_T8312,2,Day
T8313,Tech_T8313,9,Day
T8314,Tech_T8314,10,Evening
T8315,Tech_T8315,1,Mixed
T8316,Tech_T8316,5,Mixed
T8317,Tech_T8317,4,Evening
T8318,Tech_T8318,7,Evening
T8319,Tech_T8319,9,Mixed
T8320,Tech_T8320,6,Day
T8321,Tech_T8321,8,Day
T8322,Tech_T8322,2,Day
T8323,Tech_T8323,1,Day
T8324,Tech_T8324,3,Mixed
T8325,Tech_T8325,9,Mixed
T8326,Tech_T8326,6,Evening
T8327,Tech_T8327,8,Evening
T8328,Tech_T8328,3,Day
T8329,Tech_T8329,4,Evening
T8330,Tech_T8330,5,Evening
T8331,Tech_T8331,4,Evening
T8332,Tech_T8332,10,Mixed
T8333,Tech_T8333,6,Evening
T8334,Tech_T8334,9,Evening
T8335,Tech_T8335,10,Evening
T8336,Tech_T8336,2,Mixed
T8337,Tech_T8337,8,Day
T8338,Tech_T8338,6,Day
T8339,Tech_T8339,6,Mixed
T8340,Tech_T8340,5,Day
T8341,Tech_T8341,8,Day
T8342,Tech_T8342,6,Evening
T8343,Tech_T8343,4,Evening
T8344,Tech_T8344,3,Evening
T8345,Tech_T8345,9,Evening
T8346,Tech_T8346,3,Day
T8347,Tech_T8347,1,Mixed
T8348,Tech_T8348,8,Mixed
T8349,Tech_T8349,7,Day
T8350,Tech_T8350,2,Day
T8351,Tech_T8351,1,Mixed
T8352,Tech_T8352,7,Evening
T8353,Tech_T8353,6,Day
T8354,Tech_T8354,1,Mixed
T8355,Tech_T8355,7,Day
T8356,Tech_T8356,2,Day
T8357,Tech_T8357,5,Mixed
T8358,Tech_T8358,9,Evening
T8359,Tech_T8359,1,Mixed
T8360,Tech_T8360,8,Mixed
T8361,Tech_T8361,1,Evening
T8362,Tech_T8362,8,Mixed
T8363,Tech_T8363,6,Day
T8364,Tech_T8364,9,Evening
T8365,Tech_T8365,8,Day
T8366,Tech_T8366,1,Day
T8367,Tech_T8367,3,Evening
T8368,Tech_T8368,2,Day
T8369,Tech_T8369,4,Day
T8370,Tech_T8370,8,Day
T8371,Tech_T8371,4,Evening
T8372,Tech_T8372,8,Mixed
T8373,Tech_T8373,10,Mixed
T8374,Tech_T8374,9,Evening
T8375,Tech_T8375,7,Evening
T8376,Tech_T8376,3,Mixed
T8377,Tech_T8377,2,Mixed
T8378,Tech_T8378,5,Day
T8379,Tech_T8379,5,Evening
T8380,Tech_T8380,4,Mixed
T8381,Tech_T8381,5,Day
T8382,Tech_T8382,6,Evening
T8383,Tech_T8383,4,Mixed
T8384,Tech_T8384,7,Mixed
T8385,Tech_T8385,8,Evening
T8386,Tech_T8386,1,Evening
T8387,Tech_T8387,10,Evening
T8388,Tech_T8388,4,Mixed
T8389,Tech_T8389,6,Day
T8390,Tech_T8390,7,Mixed
T8391,Tech_T8391,8,Evening
T8392,Tech_T8392,8,Evening
T8393,Tech_T8393,2,Mixed
T8394,Tech_T8394,1,Evening
T8395,Tech_T8395,3,Mixed
T8396,Tech_T8396,3,Day
T8397,Tech_T8397,8,Evening
T8398,Tech_T8398,2,Mixed
T8399,Tech_T8399,8,Mixed
T8400,Tech_T8400,5,Mixed
T8401,Tech_T8401,6,Mixed
T8402,Tech_T8402,6,Evening
T8403,Tech_T8403,8,Evening
T8404,Tech_T8404,6,Evening
T8405,Tech_T8405,9,Evening
T8406,Tech_T8406,10,Day
T8407,Tech_T8407,9,Day
T8408,Tech_T8408,6,Mixed
T8409,Tech_T8409,10,Evening
T8410,Tech_T8410,5,Mixed
T8411,Tech_T8411,8,Evening
T8412,Tech_T8412,5,Day
T8413,Tech_T8413,4,Mixed
T8414,Tech_T8414,10,Evening
T8415,Tech_T8415,10,Mixed
T8416,Tech_T8416,1,Evening
T8417,Tech_T8417,8,Day
T8418,Tech_T8418,5,Day
T8419,Tech_T8419,3,Day
T8420,Tech_T8420,8,Mixed
T8421,Tech_T8421,6,Evening
T8422,Tech_T8422,2,Day
T8423,Tech_T8423,4,Day
T8424,Tech_T8424,3,Evening
T8425,Tech_T8425,10,Day
T8426,Tech_T8426,8,Day
T8427,Tech_T8427,6,Day
T8428,Tech_T8428,3,Mixed
T8429,Tech_T8429,4,Day
T8430,Tech_T8430,7,Mixed
T8431,Tech_T8431,6,Evening
T8432,Tech_T8432,7,Day
T8433,Tech_T8433,8,Mixed
T8434,Tech_T8434,4,Evening
T8435,Tech_T8435,1,Mixed
T8436,Tech_T8436,10,Mixed
T8437,Tech_T8437,10,Mixed
T8438,Tech_T8438,8,Evening
T8439,Tech_T8439,6,Mixed
T8440,Tech_T8440,4,Evening
T8441,Tech_T8441,7,Day
T8442,Tech_T8442,3,Evening
T8443,Tech_T8443,3,Mixed
T8444,Tech_T8444,7,Evening
T8445,Tech_T8445,9,Day
T8446,Tech_T8446,5,Evening
T8447,Tech_T8447,2,Evening
T8448,Tech_T8448,2,Evening
T8449,Tech_T8449,5,Mixed
T8450,Tech_T8450,2,Day
T8451,Tech_T8451,9,Mixed
T8452,Tech_T8452,2,Day
T8453,Tech_T8453,5,Mixed
T8454,Tech_T8454,2,Mixed
T8455,Tech_T8455,5,Day
T8456,Tech_T8456,10,Evening
T8457,Tech_T8457,3,Day
T8458,Tech_T8458,3,Mixed
T8459,Tech_T8459,6,Mixed
T8460,Tech_T8460,2,Mixed
T8461,Tech_T8461,9,Evening
T8462,Tech_T8462,2,Day
T8463,Tech_T8463,5,Day
T8464,Tech_T8464,4,Mixed
T8465,Tech_T8465,10,Evening
T8466,Tech_T8466,5,Evening
T8467,Tech_T8467,2,Evening
T8468,Tech_T8468,9,Day
T8469,Tech_T8469,10,Evening
T8470,Tech_T8470,3,Day
T8471,Tech_T8471,6,Evening
T8472,Tech_T8472,1,Evening
T8473,Tech_T8473,5,Evening
T8474,Tech_T8474,1,Mixed
T8475,Tech_T8475,7,Mixed
T8476,Tech_T8476,7,Day
T8477,Tech_T8477,7,Day
T8478,Tech_T8478,2,Evening
T8479,Tech_T8479,9,Evening
T8480,Tech_T8480,8,Mixed
T8481,Tech_T8481,2,Day
T8482,Tech_T8482,10,Mixed
T8483,Tech_T8483,5,Day
T8484,Tech_T8484,10,Mixed
T8485,Tech_T8485,6,Day
T8486,Tech_T8486,2,Day
T8487,Tech_T8487,10,Day
T8488,Tech_T8488,5,Mixed
T8489,Tech_T8489,6,Mixed
T8490,Tech_T8490,2,Day
T8491,Tech_T8491,6,Mixed
T8492,Tech_T8492,5,Mixed
T8493,Tech_T8493,6,Day
T8494,Tech_T8494,5,Evening
T8495,Tech_T8495,5,Evening
T8496,Tech_T8496,2,Evening
T8497,Tech_T8497,1,Day
T8498,Tech_T8498,8,Mixed
T8499,Tech_T8499,4,Mixed
T8500,Tech_T8500,5,Evening
T8501,Tech_T8501,7,Day
T8502,Tech_T8502,1,Day
T8503,Tech_T8503,5,Mixed
T8504,Tech_T8504,1,Mixed
T8505,Tech_T8505,8,Mixed
T8506,Tech_T8506,7,Evening
T8507,Tech_T8507,1,Evening
T8508,Tech_T8508,1,Day
T8509,Tech_T8509,7,Mixed
T8510,Tech_T8510,1,Mixed
T8511,Tech_T8511,8,Evening
T8512,Tech_T8512,3,Day
T8513,Tech_T8513,7,Mixed
T8514,Tech_T8514,3,Day
T8515,Tech_T8515,10,Day
T8516,Tech_T8516,7,Mixed
T8517,Tech_T8517,10,Mixed
T8518,Tech_T8518,9,Evening
T8519,Tech_T8519,4,Evening
T8520,Tech_T8520,3,Day
T8521,Tech_T8521,4,Day
T8522,Tech_T8522,2,Mixed
T8523,Tech_T8523,2,Evening
T8524,Tech_T8524,6,Day
T8525,Tech_T8525,1,Day
T8526,Tech_T8526,7,Day
T8527,Tech_T8527,10,Evening
T8528,Tech_T8528,4,Evening
T8529,Tech_T8529,5,Day
T8530,Tech_T8530,5,Evening
T8531,Tech_T8531,8,Evening
T8532,Tech_T8532,4,Day
T8533,Tech_T8533,4,Evening
T8534,Tech_T8534,6,Evening
T8535,Tech_T8535,3,Mixed
T8536,Tech_T8536,3,Mixed
T8537,Tech_T8537,7,Evening
T8538,Tech_T8538,10,Mixed
T8539,Tech_T8539,8,Day
T8540,Tech_T8540,4,Mixed
T8541,Tech_T8541,6,Day
T8542,Tech_T8542,9,Mixed
T8543,Tech_T8543,10,Mixed
T8544,Tech_T8544,8,Evening
T8545,Tech_T8545,2,Mixed
T8546,Tech_T8546,10,Day
T8547,Tech_T8547,3,Day
T8548,Tech_T8548,2,Evening
T8549,Tech_T8549,1,Evening
T8550,Tech_T8550,10,Day
T8551,Tech_T8551,9,Mixed
T8552,Tech_T8552,7,Day
T8553,Tech_T8553,9,Day
T8554,Tech_T8554,8,Evening
T8555,Tech_T8555,2,Evening
T8556,Tech_T8556,3,Mixed
T8557,Tech_T8557,8,Mixed
T8558,Tech_T8558,3,Day
T8559,Tech_T8559,10,Mixed
T8560,Tech_T8560,3,Day
T8561,Tech_T8561,9,Mixed
T8562,Tech_T8562,1,Evening
T8563,Tech_T8563,1,Day
T8564,Tech_T8564,3,Evening
T8565,Tech_T8565,6,Day
T8566,Tech_T8566,2,Evening
T8567,Tech_T8567,4,Evening
T8568,Tech_T8568,6,Day
T8569,Tech_T8569,3,Day
T8570,Tech_T8570,2,Day
T8571,Tech_T8571,1,Day
T8572,Tech_T8572,5,Evening
T8573,Tech_T8573,7,Day
T8574,Tech_T8574,9,Day
T8575,Tech_T8575,1,Mixed
T8576,Tech_T8576,4,Evening
T8577,Tech_T8577,1,Day
T8578,Tech_T8578,5,Evening
T8579,Tech_T8579,3,Day
T8580,Tech_T8580,1,Evening
T8581,Tech_T8581,6,Day
T8582,Tech_T8582,8,Evening
T8583,Tech_T8583,1,Day
T8584,Tech_T8584,3,Mixed
T8585,Tech_T8585,10,Evening
T8586,Tech_T8586,3,Day
T8587,Tech_T8587,6,Evening
T8588,Tech_T8588,3,Day
T8589,Tech_T8589,7,Mixed
T8590,Tech_T8590,2,Day
T8591,Tech_T8591,3,Mixed
T8592,Tech_T8592,3,Day
T8593,Tech_T8593,8,Mixed
T8594,Tech_T8594,6,Evening
T8595,Tech_T8595,2,Mixed
T8596,Tech_T8596,5,Day
T8597,Tech_T8597,1,Evening
T8598,Tech_T8598,5,Day
T8599,Tech_T8599,2,Mixed
T8600,Tech_T8600,7,Evening
T8601,Tech_T8601,1,Day
T8602,Tech_T8602,1,Mixed
T8603,Tech_T8603,10,Evening
T8604,Tech_T8604,2,Evening
T8605,Tech_T8605,10,Evening
T8606,Tech_T8606,8,Mixed
T8607,Tech_T8607,5,Evening
T8608,Tech_T8608,4,Day
T8609,Tech_T8609,8,Mixed
T8610,Tech_T8610,8,Mixed
T8611,Tech_T8611,5,Day
T8612,Tech_T8612,3,Mixed
T8613,Tech_T8613,10,Evening
T8614,Tech_T8614,7,Evening
T8615,Tech_T8615,7,Evening
T8616,Tech_T8616,7,Evening
T8617,Tech_T8617,1,Evening
T8618,Tech_T8618,1,Mixed
T8619,Tech_T8619,8,Evening
T8620,Tech_T8620,4,Day
T8621,Tech_T8621,3,Day
T8622,Tech_T8622,10,Day
T8623,Tech_T8623,3,Day
T8624,Tech_T8624,1,Mixed
T8625,Tech_T8625,8,Mixed
T8626,Tech_T8626,3,Evening
T8627,Tech_T8627,9,Day
T8628,Tech_T8628,3,Day
T8629,Tech_T8629,5,Evening
T8630,Tech_T8630,9,Day
T8631,Tech_T8631,3,Mixed
T8632,Tech_T8632,4,Evening
T8633,Tech_T8633,4,Evening
T8634,Tech_T8634,3,Evening
T8635,Tech_T8635,5,Day
T8636,Tech_T8636,4,Day
T8637,Tech_T8637,5,Mixed
T8638,Tech_T8638,1,Day
T8639,Tech_T8639,4,Evening
T8640,Tech_T8640,1,Mixed
T8641,Tech_T8641,2,Mixed
T8642,Tech_T8642,6,Day
T8643,Tech_T8643,4,Mixed
T8644,Tech_T8644,5,Day
T8645,Tech_T8645,2,Mixed
T8646,Tech_T8646,9,Evening
T8647,Tech_T8647,10,Mixed
T8648,Tech_T8648,5,Evening
T8649,Tech_T8649,9,Mixed
T8650,Tech_T8650,4,Mixed
T8651,Tech_T8651,1,Mixed
T8652,Tech_T8652,10,Mixed
T8653,Tech_T8653,7,Day
T8654,Tech_T8654,1,Day
T8655,Tech_T8655,10,Evening
T8656,Tech_T8656,2,Evening
T8657,Tech_T8657,2,Mixed
T8658,Tech_T8658,10,Mixed
T8659,Tech_T8659,3,Evening
T8660,Tech_T8660,10,Mixed
T8661,Tech_T8661,6,Day
T8662,Tech_T8662,6,Evening
T8663,Tech_T8663,8,Day
T8664,Tech_T8664,1,Day
T8665,Tech_T8665,1,Mixed
T8666,Tech_T8666,3,Mixed
T8667,Tech_T8667,2,Evening
T8668,Tech_T8668,1,Evening
T8669,Tech_T8669,4,Evening
T8670,Tech_T8670,5,Evening
T8671,Tech_T8671,1,Day
T8672,Tech_T8672,7,Evening
T8673,Tech_T8673,6,Day
T8674,Tech_T8674,5,Mixed
T8675,Tech_T8675,6,Mixed
T8676,Tech_T8676,8,Mixed
T8677,Tech_T8677,10,Evening
T8678,Tech_T8678,1,Day
T8679,Tech_T8679,4,Mixed
T8680,Tech_T8680,3,Day
T8681,Tech_T8681,4,Evening
T8682,Tech_T8682,2,Mixed
T8683,Tech_T8683,6,Day
T8684,Tech_T8684,1,Mixed
T8685,Tech_T8685,3,Mixed
T8686,Tech_T8686,4,Evening
T8687,Tech_T8687,7,Day
T8688,Tech_T8688,5,Evening
T8689,Tech_T8689,1,Evening
T8690,Tech_T8690,10,Mixed
T8691,Tech_T8691,7,Day
T8692,Tech_T8692,2,Day
T8693,Tech_T8693,9,Mixed
T8694,Tech_T8694,5,Evening
T8695,Tech_T8695,3,Evening
T8696,Tech_T8696,9,Evening
T8697,Tech_T8697,8,Evening
T8698,Tech_T8698,6,Mixed
T8699,Tech_T8699,6,Day
T8700,Tech_T8700,7,Day
T8701,Tech_T8701,2,Day
T8702,Tech_T8702,5,Day
T8703,Tech_T8703,3,Day
T8704,Tech_T8704,1,Evening
T8705,Tech_T8705,9,Evening
T8706,Tech_T8706,5,Mixed
T8707,Tech_T8707,8,Evening
T8708,Tech_T8708,1,Day
T8709,Tech_T8709,10,Evening
T8710,Tech_T8710,9,Evening
T8711,Tech_T8711,1,Mixed
T8712,Tech_T8712,6,Day
T8713,Tech_T8713,2,Mixed
T8714,Tech_T8714,6,Day
T8715,Tech_T8715,1,Mixed
T8716,Tech_T8716,5,Day
T8717,Tech_T8717,10,Evening
T8718,Tech_T8718,3,Mixed
T8719,Tech_T8719,5,Evening
T8720,Tech_T8720,2,Day
T8721,Tech_T8721,3,Mixed
T8722,Tech_T8722,8,Mixed
T8723,Tech_T8723,5,Mixed
T8724,Tech_T8724,5,Mixed
T8725,Tech_T8725,3,Mixed
T8726,Tech_T8726,2,Day
T8727,Tech_T8727,8,Evening
T8728,Tech_T8728,9,Mixed
T8729,Tech_T8729,4,Day
T8730,Tech_T8730,9,Day
T8731,Tech_T8731,8,Mixed
T8732,Tech_T8732,7,Mixed
T8733,Tech_T8733,4,Mixed
T8734,Tech_T8734,3,Mixed
T8735,Tech_T8735,6,Mixed
T8736,Tech_T8736,5,Evening
T8737,Tech_T8737,8,Mixed
T8738,Tech_T8738,6,Day
T8739,Tech_T8739,3,Evening
T8740,Tech_T8740,8,Mixed
T8741,Tech_T8741,6,Evening
T8742,Tech_T8742,6,Day
T8743,Tech_T8743,3,Mixed
T8744,Tech_T8744,4,Evening
T8745,Tech_T8745,8,Mixed
T8746,Tech_T8746,2,Mixed
T8747,Tech_T8747,10,Day
T8748,Tech_T8748,3,Day
T8749,Tech_T8749,6,Evening
T8750,Tech_T8750,1,Day
T8751,Tech_T8751,4,Mixed
T8752,Tech_T8752,7,Mixed
T8753,Tech_T8753,5,Evening
T8754,Tech_T8754,5,Evening
T8755,Tech_T8755,1,Evening
T8756,Tech_T8756,3,Mixed
T8757,Tech_T8757,6,Mixed
T8758,Tech_T8758,10,Evening
T8759,Tech_T8759,9,Mixed
T8760,Tech_T8760,8,Evening
T8761,Tech_T8761,5,Evening
T8762,Tech_T8762,6,Day
T8763,Tech_T8763,3,Evening
T8764,Tech_T8764,7,Mixed
T8765,Tech_T8765,5,Evening
T8766,Tech_T8766,6,Mixed
T8767,Tech_T8767,6,Day
T8768,Tech_T8768,10,Day
T8769,Tech_T8769,3,Mixed
T8770,Tech_T8770,5,Mixed
T8771,Tech_T8771,4,Day
T8772,Tech_T8772,6,Day
T8773,Tech_T8773,10,Mixed
T8774,Tech_T8774,10,Day
T8775,Tech_T8775,2,Mixed
T8776,Tech_T8776,10,Day
T8777,Tech_T8777,10,Mixed
T8778,Tech_T8778,3,Day
T8779,Tech_T8779,3,Mixed
T8780,Tech_T8780,8,Evening
T8781,Tech_T8781,10,Evening
T8782,Tech_T8782,10,Evening
T8783,Tech_T8783,2,Mixed
T8784,Tech_T8784,4,Evening
T8785,Tech_T8785,2,Mixed
T8786,Tech_T8786,1,Evening
T8787,Tech_T8787,9,Day
T8788,Tech_T8788,4,Evening
T8789,Tech_T8789,8,Day
T8790,Tech_T8790,10,Day
T8791,Tech_T8791,6,Evening
T8792,Tech_T8792,2,Mixed
T8793,Tech_T8793,6,Day
T8794,Tech_T8794,9,Evening
T8795,Tech_T8795,3,Evening
T8796,Tech_T8796,9,Mixed
T8797,Tech_T8797,3,Day
T8798,Tech_T8798,6,Mixed
T8799,Tech_T8799,8,Evening
T8800,Tech_T8800,7,Day
T8801,Tech_T8801,2,Day
T8802,Tech_T8802,8,Mixed
T8803,Tech_T8803,1,Mixed
T8804,Tech_T8804,1,Mixed
T8805,Tech_T8805,8,Mixed
T8806,Tech_T8806,4,Evening
T8807,Tech_T8807,9,Evening
T8808,Tech_T8808,6,Mixed
T8809,Tech_T8809,1,Mixed
T8810,Tech_T8810,10,Evening
T8811,Tech_T8811,7,Evening
T8812,Tech_T8812,8,Evening
T8813,Tech_T8813,2,Mixed
T8814,Tech_T8814,8,Day
T8815,Tech_T8815,6,Evening
T8816,Tech_T8816,4,Mixed
T8817,Tech_T8817,10,Day
T8818,Tech_T8818,1,Day
T8819,Tech_T8819,10,Evening
T8820,Tech_T8820,6,Mixed
T8821,Tech_T8821,10,Evening
T8822,Tech_T8822,1,Evening
T8823,Tech_T8823,6,Day
T8824,Tech_T8824,8,Mixed
T8825,Tech_T8825,2,Day
T8826,Tech_T8826,6,Day
T8827,Tech_T8827,4,Mixed
T8828,Tech_T8828,8,Evening
T8829,Tech_T8829,6,Mixed
T8830,Tech_T8830,3,Day
T8831,Tech_T8831,9,Mixed
T8832,Tech_T8832,1,Evening
T8833,Tech_T8833,9,Mixed
T8834,Tech_T8834,1,Evening
T8835,Tech_T8835,4,Mixed
T8836,Tech_T8836,2,Evening
T8837,Tech_T8837,6,Mixed
T8838,Tech_T8838,9,Day
T8839,Tech_T8839,6,Evening
T8840,Tech_T8840,1,Day
T8841,Tech_T8841,9,Evening
T8842,Tech_T8842,3,Evening
T8843,Tech_T8843,8,Day
T8844,Tech_T8844,6,Mixed
T8845,Tech_T8845,2,Day
T8846,Tech_T8846,5,Mixed
T8847,Tech_T8847,1,Day
T8848,Tech_T8848,10,Day
T8849,Tech_T8849,1,Evening
T8850,Tech_T8850,10,Day
T8851,Tech_T8851,10,Mixed
T8852,Tech_T8852,6,Evening
T8853,Tech_T8853,7,Day
T8854,Tech_T8854,8,Mixed
T8855,Tech_T8855,1,Evening
T8856,Tech_T8856,9,Mixed
T8857,Tech_T8857,6,Evening
T8858,Tech_T8858,8,Mixed
T8859,Tech_T8859,6,Mixed
T8860,Tech_T8860,6,Mixed
T8861,Tech_T8861,8,Mixed
T8862,Tech_T8862,10,Evening
T8863,Tech_T8863,3,Day
T8864,Tech_T8864,6,Day
T8865,Tech_T8865,5,Evening
T8866,Tech_T8866,3,Mixed
T8867,Tech_T8867,4,Mixed
T8868,Tech_T8868,9,Day
T8869,Tech_T8869,4,Mixed
T8870,Tech_T8870,3,Day
T8871,Tech_T8871,4,Day
T8872,Tech_T8872,4,Day
T8873,Tech_T8873,3,Evening
T8874,Tech_T8874,6,Mixed
T8875,Tech_T8875,8,Day
T8876,Tech_T8876,7,Day
T8877,Tech_T8877,10,Day
T8878,Tech_T8878,10,Day
T8879,Tech_T8879,7,Day
T8880,Tech_T8880,10,Evening
T8881,Tech_T8881,2,Evening
T8882,Tech_T8882,9,Mixed
T8883,Tech_T8883,2,Mixed
T8884,Tech_T8884,7,Day
T8885,Tech_T8885,6,Mixed
T8886,Tech_T8886,10,Evening
T8887,Tech_T8887,4,Day
T8888,Tech_T8888,6,Mixed
T8889,Tech_T8889,3,Day
T8890,Tech_T8890,10,Day
T8891,Tech_T8891,9,Day
T8892,Tech_T8892,8,Evening
T8893,Tech_T8893,8,Evening
T8894,Tech_T8894,4,Day
T8895,Tech_T8895,3,Evening
T8896,Tech_T8896,1,Mixed
T8897,Tech_T8897,2,Day
T8898,Tech_T8898,7,Mixed
T8899,Tech_T8899,9,Evening
T8900,Tech_T8900,6,Day
T8901,Tech_T8901,1,Evening
T8902,Tech_T8902,3,Mixed
T8903,Tech_T8903,5,Day
T8904,Tech_T8904,7,Evening
T8905,Tech_T8905,8,Mixed
T8906,Tech_T8906,7,Day
T8907,Tech_T8907,6,Day
T8908,Tech_T8908,3,Mixed
T8909,Tech_T8909,9,Mixed
T8910,Tech_T8910,4,Mixed
T8911,Tech_T8911,7,Evening
T8912,Tech_T8912,8,Day
T8913,Tech_T8913,4,Day
T8914,Tech_T8914,5,Mixed
T8915,Tech_T8915,3,Mixed
T8916,Tech_T8916,6,Evening
T8917,Tech_T8917,7,Evening
T8918,Tech_T8918,9,Day
T8919,Tech_T8919,7,Day
T8920,Tech_T8920,1,Mixed
T8921,Tech_T8921,8,Evening
T8922,Tech_T8922,4,Mixed
T8923,Tech_T8923,2,Mixed
T8924,Tech_T8924,10,Day
T8925,Tech_T8925,10,Day
T8926,Tech_T8926,1,Day
T8927,Tech_T8927,7,Evening
T8928,Tech_T8928,3,Evening
T8929,Tech_T8929,10,Mixed
T8930,Tech_T8930,10,Evening
T8931,Tech_T8931,1,Evening
T8932,Tech_T8932,6,Evening
T8933,Tech_T8933,9,Mixed
T8934,Tech_T8934,5,Day
T8935,Tech_T8935,9,Day
T8936,Tech_T8936,7,Mixed
T8937,Tech_T8937,6,Mixed
T8938,Tech_T8938,5,Evening
T8939,Tech_T8939,8,Evening
T8940,Tech_T8940,2,Day
T8941,Tech_T8941,2,Evening
T8942,Tech_T8942,5,Mixed
T8943,Tech_T8943,4,Mixed
T8944,Tech_T8944,7,Evening
T8945,Tech_T8945,9,Mixed
T8946,Tech_T8946,2,Day
T8947,Tech_T8947,3,Day
T8948,Tech_T8948,7,Day
T8949,Tech_T8949,2,Evening
T8950,Tech_T8950,8,Evening
T8951,Tech_T8951,8,Evening
T8952,Tech_T8952,2,Evening
T8953,Tech_T8953,10,Day
T8954,Tech_T8954,8,Day
T8955,Tech_T8955,5,Mixed
T8956,Tech_T8956,5,Evening
T8957,Tech_T8957,6,Day
T8958,Tech_T8958,7,Day
T8959,Tech_T8959,2,Mixed
T8960,Tech_T8960,5,Day
T8961,Tech_T8961,3,Evening
T8962,Tech_T8962,5,Evening
T8963,Tech_T8963,6,Mixed
T8964,Tech_T8964,6,Mixed
T8965,Tech_T8965,9,Day
T8966,Tech_T8966,1,Evening
T8967,Tech_T8967,5,Day
T8968,Tech_T8968,6,Evening
T8969,Tech_T8969,6,Mixed
T8970,Tech_T8970,8,Day
T8971,Tech_T8971,8,Day
T8972,Tech_T8972,2,Day
T8973,Tech_T8973,4,Mixed
T8974,Tech_T8974,8,Evening
T8975,Tech_T8975,3,Day
T8976,Tech_T8976,10,Day
T8977,Tech_T8977,10,Day
T8978,Tech_T8978,4,Day
T8979,Tech_T8979,5,Mixed
T8980,Tech_T8980,10,Day
T8981,Tech_T8981,3,Evening
T8982,Tech_T8982,9,Mixed
T8983,Tech_T8983,3,Mixed
T8984,Tech_T8984,1,Mixed
T8985,Tech_T8985,4,Day
T8986,Tech_T8986,7,Mixed
T8987,Tech_T8987,9,Day
T8988,Tech_T8988,9,Evening
T8989,Tech_T8989,2,Mixed
T8990,Tech_T8990,8,Mixed
T8991,Tech_T8991,8,Day
T8992,Tech_T8992,3,Day
T8993,Tech_T8993,6,Evening
T8994,Tech_T8994,8,Evening
T8995,Tech_T8995,10,Day
T8996,Tech_T8996,3,Day
T8997,Tech_T8997,10,Evening
T8998,Tech_T8998,5,Mixed
T8999,Tech_T8999,5,Day
T9000,Tech_T9000,10,Mixed
T9001,Tech_T9001,1,Mixed
T9002,Tech_T9002,8,Evening
T9003,Tech_T9003,10,Day
T9004,Tech_T9004,4,Evening
T9005,Tech_T9005,4,Day
T9006,Tech_T9006,6,Day
T9007,Tech_T9007,3,Evening
T9008,Tech_T9008,9,Day
T9009,Tech_T9009,2,Day
T9010,Tech_T9010,4,Day
T9011,Tech_T9011,3,Mixed
T9012,Tech_T9012,10,Mixed
T9013,Tech_T9013,4,Mixed
T9014,Tech_T9014,8,Mixed
T9015,Tech_T9015,7,Evening
T9016,Tech_T9016,9,Evening
T9017,Tech_T9017,4,Evening
T9018,Tech_T9018,1,Day
T9019,Tech_T9019,10,Mixed
T9020,Tech_T9020,5,Evening
T9021,Tech_T9021,4,Evening
T9022,Tech_T9022,4,Evening
T9023,Tech_T9023,6,Evening
T9024,Tech_T9024,8,Evening
T9025,Tech_T9025,9,Mixed
T9026,Tech_T9026,1,Mixed
T9027,Tech_T9027,3,Evening
T9028,Tech_T9028,4,Mixed
T9029,Tech_T9029,7,Mixed
T9030,Tech_T9030,3,Day
T9031,Tech_T9031,3,Day
T9032,Tech_T9032,3,Mixed
T9033,Tech_T9033,9,Evening
T9034,Tech_T9034,2,Day
T9035,Tech_T9035,9,Mixed
T9036,Tech_T9036,4,Mixed
T9037,Tech_T9037,9,Day
T9038,Tech_T9038,8,Evening
T9039,Tech_T9039,8,Evening
T9040,Tech_T9040,3,Day
T9041,Tech_T9041,3,Day
T9042,Tech_T9042,10,Mixed
T9043,Tech_T9043,9,Day
T9044,Tech_T9044,8,Day
T9045,Tech_T9045,7,Mixed
T9046,Tech_T9046,2,Evening
T9047,Tech_T9047,2,Mixed
T9048,Tech_T9048,9,Evening
T9049,Tech_T9049,1,Evening
T9050,Tech_T9050,10,Mixed
T9051,Tech_T9051,2,Mixed
T9052,Tech_T9052,10,Day
T9053,Tech_T9053,5,Day
T9054,Tech_T9054,8,Mixed
T9055,Tech_T9055,7,Day
T9056,Tech_T9056,7,Mixed
T9057,Tech_T9057,1,Day
T9058,Tech_T9058,10,Mixed
T9059,Tech_T9059,9,Mixed
T9060,Tech_T9060,1,Mixed
T9061,Tech_T9061,8,Mixed
T9062,Tech_T9062,9,Mixed
T9063,Tech_T9063,8,Mixed
T9064,Tech_T9064,2,Evening
T9065,Tech_T9065,9,Day
T9066,Tech_T9066,5,Evening
T9067,Tech_T9067,2,Evening
T9068,Tech_T9068,2,Evening
T9069,Tech_T9069,8,Day
T9070,Tech_T9070,7,Evening
T9071,Tech_T9071,2,Day
T9072,Tech_T9072,6,Mixed
T9073,Tech_T9073,6,Day
T9074,Tech_T9074,2,Day
T9075,Tech_T9075,10,Day
T9076,Tech_T9076,5,Mixed
T9077,Tech_T9077,10,Day
T9078,Tech_T9078,8,Day
T9079,Tech_T9079,2,Evening
T9080,Tech_T9080,4,Day
T9081,Tech_T9081,7,Day
T9082,Tech_T9082,2,Evening
T9083,Tech_T9083,9,Mixed
T9084,Tech_T9084,2,Day
T9085,Tech_T9085,10,Evening
T9086,Tech_T9086,9,Evening
T9087,Tech_T9087,6,Day
T9088,Tech_T9088,9,Mixed
T9089,Tech_T9089,6,Evening
T9090,Tech_T9090,10,Mixed
T9091,Tech_T9091,1,Evening
T9092,Tech_T9092,8,Day
T9093,Tech_T9093,6,Day
T9094,Tech_T9094,2,Day
T9095,Tech_T9095,3,Evening
T9096,Tech_T9096,6,Evening
T9097,Tech_T9097,9,Mixed
T9098,Tech_T9098,2,Mixed
T9099,Tech_T9099,2,Evening
T9100,Tech_T9100,8,Day
T9101,Tech_T9101,3,Evening
T9102,Tech_T9102,4,Day
T9103,Tech_T9103,2,Mixed
T9104,Tech_T9104,10,Day
T9105,Tech_T9105,8,Evening
T9106,Tech_T9106,3,Mixed
T9107,Tech_T9107,6,Day
T9108,Tech_T9108,4,Day
T9109,Tech_T9109,8,Evening
T9110,Tech_T9110,2,Day
T9111,Tech_T9111,5,Day
T9112,Tech_T9112,2,Day
T9113,Tech_T9113,9,Mixed
T9114,Tech_T9114,6,Evening
T9115,Tech_T9115,8,Day
T9116,Tech_T9116,2,Day
T9117,Tech_T9117,10,Mixed
T9118,Tech_T9118,7,Mixed
T9119,Tech_T9119,4,Mixed
T9120,Tech_T9120,4,Evening
T9121,Tech_T9121,8,Mixed
T9122,Tech_T9122,4,Mixed
T9123,Tech_T9123,6,Evening
T9124,Tech_T9124,4,Mixed
T9125,Tech_T9125,2,Day
T9126,Tech_T9126,6,Day
T9127,Tech_T9127,6,Evening
T9128,Tech_T9128,9,Mixed
T9129,Tech_T9129,7,Evening
T9130,Tech_T9130,6,Mixed
T9131,Tech_T9131,3,Day
T9132,Tech_T9132,1,Day
T9133,Tech_T9133,2,Mixed
T9134,Tech_T9134,2,Mixed
T9135,Tech_T9135,2,Day
T9136,Tech_T9136,3,Day
T9137,Tech_T9137,10,Evening
T9138,Tech_T9138,6,Mixed
T9139,Tech_T9139,1,Evening
T9140,Tech_T9140,2,Mixed
T9141,Tech_T9141,6,Day
T9142,Tech_T9142,10,Evening
T9143,Tech_T9143,2,Evening
T9144,Tech_T9144,2,Day
T9145,Tech_T9145,6,Day
T9146,Tech_T9146,2,Day
T9147,Tech_T9147,6,Day
T9148,Tech_T9148,1,Day
T9149,Tech_T9149,3,Mixed
T9150,Tech_T9150,8,Evening
T9151,Tech_T9151,2,Day
T9152,Tech_T9152,10,Mixed
T9153,Tech_T9153,3,Mixed
T9154,Tech_T9154,7,Mixed
T9155,Tech_T9155,3,Mixed
T9156,Tech_T9156,9,Evening
T9157,Tech_T9157,5,Day
T9158,Tech_T9158,8,Evening
T9159,Tech_T9159,9,Mixed
T9160,Tech_T9160,8,Mixed
T9161,Tech_T9161,3,Mixed
T9162,Tech_T9162,2,Evening
T9163,Tech_T9163,8,Evening
T9164,Tech_T9164,10,Mixed
T9165,Tech_T9165,1,Day
T9166,Tech_T9166,9,Evening
T9167,Tech_T9167,3,Mixed
T9168,Tech_T9168,6,Evening
T9169,Tech_T9169,2,Evening
T9170,Tech_T9170,9,Mixed
T9171,Tech_T9171,8,Day
T9172,Tech_T9172,6,Mixed
T9173,Tech_T9173,4,Day
T9174,Tech_T9174,7,Day
T9175,Tech_T9175,6,Mixed
T9176,Tech_T9176,7,Evening
T9177,Tech_T9177,5,Evening
T9178,Tech_T9178,7,Day
T9179,Tech_T9179,8,Day
T9180,Tech_T9180,9,Mixed
T9181,Tech_T9181,1,Evening
T9182,Tech_T9182,9,Mixed
T9183,Tech_T9183,9,Mixed
T9184,Tech_T9184,4,Mixed
T9185,Tech_T9185,9,Evening
T9186,Tech_T9186,3,Mixed
T9187,Tech_T9187,1,Mixed
T9188,Tech_T9188,10,Day
T9189,Tech_T9189,9,Day
T9190,Tech_T9190,4,Day
T9191,Tech_T9191,10,Day
T9192,Tech_T9192,7,Mixed
T9193,Tech_T9193,5,Mixed
T9194,Tech_T9194,10,Day
T9195,Tech_T9195,5,Mixed
T9196,Tech_T9196,3,Evening
T9197,Tech_T9197,1,Evening
T9198,Tech_T9198,10,Evening
T9199,Tech_T9199,8,Evening
T9200,Tech_T9200,1,Day
T9201,Tech_T9201,9,Evening
T9202,Tech_T9202,6,Mixed
T9203,Tech_T9203,9,Day
T9204,Tech_T9204,2,Mixed
T9205,Tech_T9205,8,Mixed
T9206,Tech_T9206,8,Mixed
T9207,Tech_T9207,5,Evening
T9208,Tech_T9208,6,Day
T9209,Tech_T9209,10,Day
T9210,Tech_T9210,6,Evening
T9211,Tech_T9211,1,Day
T9212,Tech_T9212,5,Day
T9213,Tech_T9213,7,Day
T9214,Tech_T9214,7,Mixed
T9215,Tech_T9215,1,Day
T9216,Tech_T9216,5,Mixed
T9217,Tech_T9217,9,Evening
T9218,Tech_T9218,9,Day
T9219,Tech_T9219,5,Day
T9220,Tech_T9220,5,Day
T9221,Tech_T9221,8,Day
T9222,Tech_T9222,8,Mixed
T9223,Tech_T9223,1,Mixed
T9224,Tech_T9224,5,Evening
T9225,Tech_T9225,6,Day
T9226,Tech_T9226,10,Day
T9227,Tech_T9227,3,Evening
T9228,Tech_T9228,8,Mixed
T9229,Tech_T9229,10,Day
T9230,Tech_T9230,5,Day
T9231,Tech_T9231,1,Mixed
T9232,Tech_T9232,6,Day
T9233,Tech_T9233,9,Evening
T9234,Tech_T9234,10,Mixed
T9235,Tech_T9235,1,Evening
T9236,Tech_T9236,8,Day
T9237,Tech_T9237,9,Evening
T9238,Tech_T9238,9,Evening
T9239,Tech_T9239,6,Evening
T9240,Tech_T9240,2,Day
T9241,Tech_T9241,8,Evening
T9242,Tech_T9242,5,Evening
T9243,Tech_T9243,9,Evening
T9244,Tech_T9244,7,Mixed
T9245,Tech_T9245,4,Evening
T9246,Tech_T9246,7,Day
T9247,Tech_T9247,5,Day
T9248,Tech_T9248,6,Mixed
T9249,Tech_T9249,6,Evening
T9250,Tech_T9250,5,Evening
T9251,Tech_T9251,8,Evening
T9252,Tech_T9252,9,Mixed
T9253,Tech_T9253,4,Day
T9254,Tech_T9254,5,Mixed
T9255,Tech_T9255,5,Day
T9256,Tech_T9256,2,Mixed
T9257,Tech_T9257,4,Evening
T9258,Tech_T9258,2,Day
T9259,Tech_T9259,3,Evening
T9260,Tech_T9260,9,Evening
T9261,Tech_T9261,3,Evening
T9262,Tech_T9262,7,Evening
T9263,Tech_T9263,3,Evening
T9264,Tech_T9264,5,Day
T9265,Tech_T9265,9,Mixed
T9266,Tech_T9266,5,Mixed
T9267,Tech_T9267,3,Mixed
T9268,Tech_T9268,10,Mixed
T9269,Tech_T9269,6,Evening
T9270,Tech_T9270,9,Evening
T9271,Tech_T9271,9,Evening
T9272,Tech_T9272,8,Evening
T9273,Tech_T9273,3,Mixed
T9274,Tech_T9274,3,Day
T9275,Tech_T9275,6,Mixed
T9276,Tech_T9276,8,Day
T9277,Tech_T9277,6,Evening
T9278,Tech_T9278,7,Evening
T9279,Tech_T9279,8,Evening
T9280,Tech_T9280,4,Mixed
T9281,Tech_T9281,4,Evening
T9282,Tech_T9282,1,Mixed
T9283,Tech_T9283,2,Day
T9284,Tech_T9284,6,Day
T9285,Tech_T9285,6,Evening
T9286,Tech_T9286,2,Mixed
T9287,Tech_T9287,2,Evening
T9288,Tech_T9288,5,Mixed
T9289,Tech_T9289,10,Evening
T9290,Tech_T9290,8,Day
T9291,Tech_T9291,8,Day
T9292,Tech_T9292,4,Day
T9293,Tech_T9293,10,Day
T9294,Tech_T9294,10,Mixed
T9295,Tech_T9295,7,Evening
T9296,Tech_T9296,9,Mixed
T9297,Tech_T9297,7,Day
T9298,Tech_T9298,2,Mixed
T9299,Tech_T9299,4,Day
T9300,Tech_T9300,9,Evening
T9301,Tech_T9301,2,Day
T9302,Tech_T9302,7,Day
T9303,Tech_T9303,1,Evening
T9304,Tech_T9304,4,Evening
T9305,Tech_T9305,2,Mixed
T9306,Tech_T9306,8,Day
T9307,Tech_T9307,4,Day
T9308,Tech_T9308,4,Evening
T9309,Tech_T9309,9,Day
T9310,Tech_T9310,4,Evening
T9311,Tech_T9311,1,Day
T9312,Tech_T9312,3,Day
T9313,Tech_T9313,9,Evening
T9314,Tech_T9314,7,Evening
T9315,Tech_T9315,7,Evening
T9316,Tech_T9316,9,Day
T9317,Tech_T9317,10,Evening
T9318,Tech_T9318,5,Mixed
T9319,Tech_T9319,2,Mixed
T9320,Tech_T9320,4,Day
T9321,Tech_T9321,1,Evening
T9322,Tech_T9322,5,Day
T9323,Tech_T9323,1,Day
T9324,Tech_T9324,10,Mixed
T9325,Tech_T9325,6,Evening
T9326,Tech_T9326,3,Evening
T9327,Tech_T9327,1,Mixed
T9328,Tech_T9328,8,Day
T9329,Tech_T9329,4,Day
T9330,Tech_T9330,3,Mixed
T9331,Tech_T9331,1,Mixed
T9332,Tech_T9332,1,Mixed
T9333,Tech_T9333,5,Mixed
T9334,Tech_T9334,8,Evening
T9335,Tech_T9335,1,Day
T9336,Tech_T9336,10,Mixed
T9337,Tech_T9337,1,Mixed
T9338,Tech_T9338,7,Evening
T9339,Tech_T9339,4,Evening
T9340,Tech_T9340,7,Day
T9341,Tech_T9341,1,Mixed
T9342,Tech_T9342,10,Day
T9343,Tech_T9343,2,Evening
T9344,Tech_T9344,3,Evening
T9345,Tech_T9345,1,Mixed
T9346,Tech_T9346,3,Day
T9347,Tech_T9347,10,Evening
T9348,Tech_T9348,10,Evening
T9349,Tech_T9349,3,Evening
T9350,Tech_T9350,6,Day
T9351,Tech_T9351,2,Mixed
T9352,Tech_T9352,5,Evening
T9353,Tech_T9353,9,Evening
T9354,Tech_T9354,2,Day
T9355,Tech_T9355,10,Day
T9356,Tech_T9356,3,Evening
T9357,Tech_T9357,8,Evening
T9358,Tech_T9358,8,Mixed
T9359,Tech_T9359,8,Mixed
T9360,Tech_T9360,4,Evening
T9361,Tech_T9361,10,Mixed
T9362,Tech_T9362,4,Evening
T9363,Tech_T9363,10,Mixed
T9364,Tech_T9364,10,Day
T9365,Tech_T9365,5,Evening
T9366,Tech_T9366,1,Evening
T9367,Tech_T9367,7,Evening
T9368,Tech_T9368,1,Mixed
T9369,Tech_T9369,9,Evening
T9370,Tech_T9370,10,Day
T9371,Tech_T9371,4,Day
T9372,Tech_T9372,7,Day
T9373,Tech_T9373,4,Evening
T9374,Tech_T9374,6,Day
T9375,Tech_T9375,8,Mixed
T9376,Tech_T9376,10,Day
T9377,Tech_T9377,1,Day
T9378,Tech_T9378,9,Evening
T9379,Tech_T9379,10,Mixed
T9380,Tech_T9380,3,Day
T9381,Tech_T9381,7,Mixed
T9382,Tech_T9382,5,Day
T9383,Tech_T9383,10,Evening
T9384,Tech_T9384,3,Day
T9385,Tech_T9385,9,Evening
T9386,Tech_T9386,1,Day
T9387,Tech_T9387,10,Mixed
T9388,Tech_T9388,1,Evening
T9389,Tech_T9389,5,Evening
T9390,Tech_T9390,3,Mixed
T9391,Tech_T9391,5,Mixed
T9392,Tech_T9392,7,Mixed
T9393,Tech_T9393,8,Evening
T9394,Tech_T9394,7,Day
T9395,Tech_T9395,8,Mixed
T9396,Tech_T9396,4,Mixed
T9397,Tech_T9397,6,Day
T9398,Tech_T9398,3,Day
T9399,Tech_T9399,4,Mixed
T9400,Tech_T9400,9,Mixed
T9401,Tech_T9401,9,Evening
T9402,Tech_T9402,4,Day
T9403,Tech_T9403,6,Mixed
T9404,Tech_T9404,10,Day
T9405,Tech_T9405,2,Evening
T9406,Tech_T9406,6,Mixed
T9407,Tech_T9407,9,Mixed
T9408,Tech_T9408,5,Day
T9409,Tech_T9409,6,Mixed
T9410,Tech_T9410,9,Evening
T9411,Tech_T9411,6,Day
T9412,Tech_T9412,7,Mixed
T9413,Tech_T9413,4,Mixed
T9414,Tech_T9414,5,Day
T9415,Tech_T9415,4,Mixed
T9416,Tech_T9416,1,Evening
T9417,Tech_T9417,8,Mixed
T9418,Tech_T9418,5,Mixed
T9419,Tech_T9419,9,Mixed
T9420,Tech_T9420,6,Day
T9421,Tech_T9421,9,Day
T9422,Tech_T9422,9,Mixed
T9423,Tech_T9423,10,Mixed
T9424,Tech_T9424,4,Mixed
T9425,Tech_T9425,6,Day
T9426,Tech_T9426,5,Day
T9427,Tech_T9427,5,Evening
T9428,Tech_T9428,4,Mixed
T9429,Tech_T9429,5,Day
T9430,Tech_T9430,4,Mixed
T9431,Tech_T9431,10,Day
T9432,Tech_T9432,4,Evening
T9433,Tech_T9433,3,Evening
T9434,Tech_T9434,1,Mixed
T9435,Tech_T9435,7,Evening
T9436,Tech_T9436,8,Evening
T9437,Tech_T9437,4,Day
T9438,Tech_T9438,1,Day
T9439,Tech_T9439,9,Day
T9440,Tech_T9440,10,Evening
T9441,Tech_T9441,8,Mixed
T9442,Tech_T9442,4,Mixed
T9443,Tech_T9443,10,Mixed
T9444,Tech_T9444,5,Mixed
T9445,Tech_T9445,7,Day
T9446,Tech_T9446,8,Evening
T9447,Tech_T9447,7,Day
T9448,Tech_T9448,5,Mixed
T9449,Tech_T9449,2,Evening
T9450,Tech_T9450,9,Evening
T9451,Tech_T9451,4,Mixed
T9452,Tech_T9452,7,Evening
T9453,Tech_T9453,5,Evening
T9454,Tech_T9454,3,Day
T9455,Tech_T9455,7,Mixed
T9456,Tech_T9456,2,Day
T9457,Tech_T9457,10,Mixed
T9458,Tech_T9458,9,Mixed
T9459,Tech_T9459,4,Evening
T9460,Tech_T9460,6,Evening
T9461,Tech_T9461,2,Day
T9462,Tech_T9462,9,Evening
T9463,Tech_T9463,8,Day
T9464,Tech_T9464,3,Mixed
T9465,Tech_T9465,3,Mixed
T9466,Tech_T9466,4,Day
T9467,Tech_T9467,10,Day
T9468,Tech_T9468,9,Mixed
T9469,Tech_T9469,3,Day
T9470,Tech_T9470,6,Day
T9471,Tech_T9471,3,Day
T9472,Tech_T9472,2,Mixed
T9473,Tech_T9473,8,Evening
T9474,Tech_T9474,2,Evening
T9475,Tech_T9475,1,Mixed
T9476,Tech_T9476,8,Mixed
T9477,Tech_T9477,2,Mixed
T9478,Tech_T9478,4,Evening
T9479,Tech_T9479,6,Evening
T9480,Tech_T9480,5,Evening
T9481,Tech_T9481,8,Day
T9482,Tech_T9482,9,Mixed
T9483,Tech_T9483,4,Mixed
T9484,Tech_T9484,7,Day
T9485,Tech_T9485,8,Day
T9486,Tech_T9486,6,Evening
T9487,Tech_T9487,10,Mixed
T9488,Tech_T9488,2,Evening
T9489,Tech_T9489,8,Evening
T9490,Tech_T9490,5,Day
T9491,Tech_T9491,10,Day
T9492,Tech_T9492,3,Evening
T9493,Tech_T9493,2,Mixed
T9494,Tech_T9494,3,Evening
T9495,Tech_T9495,9,Mixed
T9496,Tech_T9496,1,Mixed
T9497,Tech_T9497,1,Day
T9498,Tech_T9498,9,Day
T9499,Tech_T9499,10,Mixed
T9500,Tech_T9500,3,Evening
T9501,Tech_T9501,4,Day
T9502,Tech_T9502,9,Mixed
T9503,Tech_T9503,6,Evening
T9504,Tech_T9504,5,Day
T9505,Tech_T9505,7,Day
T9506,Tech_T9506,9,Mixed
T9507,Tech_T9507,4,Evening
T9508,Tech_T9508,2,Mixed
T9509,Tech_T9509,2,Day
T9510,Tech_T9510,5,Day
T9511,Tech_T9511,5,Day
T9512,Tech_T9512,7,Evening
T9513,Tech_T9513,5,Mixed
T9514,Tech_T9514,10,Evening
T9515,Tech_T9515,5,Day
T9516,Tech_T9516,4,Mixed
T9517,Tech_T9517,6,Mixed
T9518,Tech_T9518,7,Mixed
T9519,Tech_T9519,1,Mixed
T9520,Tech_T9520,8,Day
T9521,Tech_T9521,4,Day
T9522,Tech_T9522,8,Evening
T9523,Tech_T9523,5,Mixed
T9524,Tech_T9524,4,Evening
T9525,Tech_T9525,2,Mixed
T9526,Tech_T9526,9,Mixed
T9527,Tech_T9527,5,Day
T9528,Tech_T9528,6,Evening
T9529,Tech_T9529,3,Mixed
T9530,Tech_T9530,8,Mixed
T9531,Tech_T9531,2,Evening
T9532,Tech_T9532,5,Day
T9533,Tech_T9533,4,Mixed
T9534,Tech_T9534,9,Evening
T9535,Tech_T9535,5,Mixed
T9536,Tech_T9536,2,Day
T9537,Tech_T9537,2,Evening
T9538,Tech_T9538,2,Day
T9539,Tech_T9539,3,Evening
T9540,Tech_T9540,6,Mixed
T9541,Tech_T9541,6,Evening
T9542,Tech_T9542,3,Evening
T9543,Tech_T9543,5,Day
T9544,Tech_T9544,5,Mixed
T9545,Tech_T9545,8,Day
T9546,Tech_T9546,1,Evening
T9547,Tech_T9547,3,Day
T9548,Tech_T9548,3,Mixed
T9549,Tech_T9549,9,Evening
T9550,Tech_T9550,9,Mixed
T9551,Tech_T9551,7,Evening
T9552,Tech_T9552,6,Day
T9553,Tech_T9553,6,Mixed
T9554,Tech_T9554,1,Day
T9555,Tech_T9555,10,Evening
T9556,Tech_T9556,3,Day
T9557,Tech_T9557,1,Day
T9558,Tech_T9558,5,Day
T9559,Tech_T9559,5,Mixed
T9560,Tech_T9560,6,Mixed
T9561,Tech_T9561,7,Mixed
T9562,Tech_T9562,7,Day
T9563,Tech_T9563,5,Mixed
T9564,Tech_T9564,9,Day
T9565,Tech_T9565,10,Mixed
T9566,Tech_T9566,2,Mixed
T9567,Tech_T9567,5,Mixed
T9568,Tech_T9568,8,Mixed
T9569,Tech_T9569,3,Mixed
T9570,Tech_T9570,10,Mixed
T9571,Tech_T9571,4,Day
T9572,Tech_T9572,6,Evening
T9573,Tech_T9573,8,Mixed
T9574,Tech_T9574,5,Day
T9575,Tech_T9575,2,Mixed
T9576,Tech_T9576,4,Evening
T9577,Tech_T9577,6,Mixed
T9578,Tech_T9578,2,Evening
T9579,Tech_T9579,4,Evening
T9580,Tech_T9580,6,Mixed
T9581,Tech_T9581,3,Day
T9582,Tech_T9582,7,Day
T9583,Tech_T9583,6,Mixed
T9584,Tech_T9584,9,Mixed
T9585,Tech_T9585,1,Day
T9586,Tech_T9586,4,Day
T9587,Tech_T9587,4,Mixed
T9588,Tech_T9588,4,Day
T9589,Tech_T9589,2,Mixed
T9590,Tech_T9590,3,Mixed
T9591,Tech_T9591,3,Mixed
T9592,Tech_T9592,1,Day
T9593,Tech_T9593,9,Mixed
T9594,Tech_T9594,10,Day
T9595,Tech_T9595,5,Mixed
T9596,Tech_T9596,1,Day
T9597,Tech_T9597,9,Day
T9598,Tech_T9598,8,Day
T9599,Tech_T9599,9,Evening
T9600,Tech_T9600,5,Mixed
T9601,Tech_T9601,10,Day
T9602,Tech_T9602,4,Mixed
T9603,Tech_T9603,6,Day
T9604,Tech_T9604,7,Evening
T9605,Tech_T9605,9,Day
T9606,Tech_T9606,2,Mixed
T9607,Tech_T9607,3,Day
T9608,Tech_T9608,2,Evening
T9609,Tech_T9609,6,Evening
T9610,Tech_T9610,5,Evening
T9611,Tech_T9611,3,Evening
T9612,Tech_T9612,2,Mixed
T9613,Tech_T9613,9,Evening
T9614,Tech_T9614,1,Day
T9615,Tech_T9615,1,Day
T9616,Tech_T9616,7,Mixed
T9617,Tech_T9617,9,Day
T9618,Tech_T9618,1,Mixed
T9619,Tech_T9619,9,Day
T9620,Tech_T9620,2,Mixed
T9621,Tech_T9621,8,Mixed
T9622,Tech_T9622,8,Evening
T9623,Tech_T9623,3,Day
T9624,Tech_T9624,1,Day
T9625,Tech_T9625,10,Mixed
T9626,Tech_T9626,2,Evening
T9627,Tech_T9627,9,Day
T9628,Tech_T9628,9,Mixed
T9629,Tech_T9629,9,Mixed
T9630,Tech_T9630,10,Mixed
T9631,Tech_T9631,10,Day
T9632,Tech_T9632,2,Day
T9633,Tech_T9633,3,Mixed
T9634,Tech_T9634,8,Evening
T9635,Tech_T9635,7,Evening
T9636,Tech_T9636,10,Day
T9637,Tech_T9637,1,Evening
T9638,Tech_T9638,9,Day
T9639,Tech_T9639,5,Mixed
T9640,Tech_T9640,5,Evening
T9641,Tech_T9641,5,Mixed
T9642,Tech_T9642,9,Mixed
T9643,Tech_T9643,3,Mixed
T9644,Tech_T9644,6,Day
T9645,Tech_T9645,10,Evening
T9646,Tech_T9646,5,Mixed
T9647,Tech_T9647,6,Day
T9648,Tech_T9648,3,Mixed
T9649,Tech_T9649,7,Evening
T9650,Tech_T9650,3,Day
T9651,Tech_T9651,4,Day
T9652,Tech_T9652,9,Day
T9653,Tech_T9653,6,Mixed
T9654,Tech_T9654,10,Day
T9655,Tech_T9655,6,Evening
T9656,Tech_T9656,2,Day
T9657,Tech_T9657,1,Mixed
T9658,Tech_T9658,7,Day
T9659,Tech_T9659,9,Mixed
T9660,Tech_T9660,7,Evening
T9661,Tech_T9661,10,Evening
T9662,Tech_T9662,8,Day
T9663,Tech_T9663,3,Evening
T9664,Tech_T9664,7,Evening
T9665,Tech_T9665,8,Day
T9666,Tech_T9666,7,Evening
T9667,Tech_T9667,9,Evening
T9668,Tech_T9668,1,Day
T9669,Tech_T9669,1,Evening
T9670,Tech_T9670,9,Day
T9671,Tech_T9671,2,Evening
T9672,Tech_T9672,4,Day
T9673,Tech_T9673,4,Day
T9674,Tech_T9674,3,Evening
T9675,Tech_T9675,9,Day
T9676,Tech_T9676,2,Evening
T9677,Tech_T9677,3,Mixed
T9678,Tech_T9678,4,Mixed
T9679,Tech_T9679,2,Day
T9680,Tech_T9680,5,Evening
T9681,Tech_T9681,3,Day
T9682,Tech_T9682,7,Mixed
T9683,Tech_T9683,9,Day
T9684,Tech_T9684,5,Mixed
T9685,Tech_T9685,9,Day
T9686,Tech_T9686,8,Evening
T9687,Tech_T9687,4,Evening
T9688,Tech_T9688,7,Mixed
T9689,Tech_T9689,8,Evening
T9690,Tech_T9690,5,Mixed
T9691,Tech_T9691,2,Evening
T9692,Tech_T9692,4,Mixed
T9693,Tech_T9693,1,Mixed
T9694,Tech_T9694,2,Mixed
T9695,Tech_T9695,4,Evening
T9696,Tech_T9696,4,Evening
T9697,Tech_T9697,3,Day
T9698,Tech_T9698,1,Day
T9699,Tech_T9699,7,Evening
T9700,Tech_T9700,10,Day
T9701,Tech_T9701,1,Day
T9702,Tech_T9702,1,Mixed
T9703,Tech_T9703,6,Mixed
T9704,Tech_T9704,9,Evening
T9705,Tech_T9705,8,Day
T9706,Tech_T9706,8,Day
T9707,Tech_T9707,3,Day
T9708,Tech_T9708,1,Evening
T9709,Tech_T9709,2,Mixed
T9710,Tech_T9710,6,Day
T9711,Tech_T9711,2,Day
T9712,Tech_T9712,7,Evening
T9713,Tech_T9713,5,Evening
T9714,Tech_T9714,9,Day
T9715,Tech_T9715,4,Mixed
T9716,Tech_T9716,9,Day
T9717,Tech_T9717,2,Evening
T9718,Tech_T9718,8,Day
T9719,Tech_T9719,2,Day
T9720,Tech_T9720,5,Evening
T9721,Tech_T9721,7,Mixed
T9722,Tech_T9722,2,Evening
T9723,Tech_T9723,2,Mixed
T9724,Tech_T9724,3,Mixed
T9725,Tech_T9725,8,Evening
T9726,Tech_T9726,8,Day
T9727,Tech_T9727,5,Mixed
T9728,Tech_T9728,4,Evening
T9729,Tech_T9729,5,Mixed
T9730,Tech_T9730,9,Mixed
T9731,Tech_T9731,6,Mixed
T9732,Tech_T9732,7,Day
T9733,Tech_T9733,9,Evening
T9734,Tech_T9734,5,Day
T9735,Tech_T9735,6,Evening
T9736,Tech_T9736,6,Evening
T9737,Tech_T9737,7,Evening
T9738,Tech_T9738,10,Day
T9739,Tech_T9739,8,Day
T9740,Tech_T9740,3,Mixed
T9741,Tech_T9741,10,Evening
T9742,Tech_T9742,5,Evening
T9743,Tech_T9743,9,Day
T9744,Tech_T9744,9,Mixed
T9745,Tech_T9745,9,Mixed
T9746,Tech_T9746,3,Day
T9747,Tech_T9747,6,Day
T9748,Tech_T9748,6,Day
T9749,Tech_T9749,9,Mixed
T9750,Tech_T9750,9,Evening
T9751,Tech_T9751,1,Evening
T9752,Tech_T9752,7,Evening
T9753,Tech_T9753,3,Day
T9754,Tech_T9754,3,Evening
T9755,Tech_T9755,10,Day
T9756,Tech_T9756,6,Mixed
T9757,Tech_T9757,8,Mixed
T9758,Tech_T9758,5,Mixed
T9759,Tech_T9759,4,Day
T9760,Tech_T9760,9,Evening
T9761,Tech_T9761,5,Day
T9762,Tech_T9762,9,Evening
T9763,Tech_T9763,10,Mixed
T9764,Tech_T9764,4,Evening
T9765,Tech_T9765,1,Mixed
T9766,Tech_T9766,3,Day
T9767,Tech_T9767,2,Day
T9768,Tech_T9768,9,Mixed
T9769,Tech_T9769,5,Mixed
T9770,Tech_T9770,1,Mixed
T9771,Tech_T9771,8,Mixed
T9772,Tech_T9772,7,Day
T9773,Tech_T9773,10,Evening
T9774,Tech_T9774,2,Mixed
T9775,Tech_T9775,7,Mixed
T9776,Tech_T9776,7,Mixed
T9777,Tech_T9777,8,Mixed
T9778,Tech_T9778,7,Evening
T9779,Tech_T9779,3,Mixed
T9780,Tech_T9780,4,Evening
T9781,Tech_T9781,8,Evening
T9782,Tech_T9782,8,Evening
T9783,Tech_T9783,8,Mixed
T9784,Tech_T9784,1,Evening
T9785,Tech_T9785,1,Day
T9786,Tech_T9786,3,Mixed
T9787,Tech_T9787,7,Evening
T9788,Tech_T9788,5,Day
T9789,Tech_T9789,3,Mixed
T9790,Tech_T9790,6,Day
T9791,Tech_T9791,9,Evening
T9792,Tech_T9792,9,Day
T9793,Tech_T9793,3,Evening
T9794,Tech_T9794,6,Evening
T9795,Tech_T9795,2,Day
T9796,Tech_T9796,8,Day
T9797,Tech_T9797,10,Mixed
T9798,Tech_T9798,6,Mixed
T9799,Tech_T9799,8,Mixed
T9800,Tech_T9800,3,Day
T9801,Tech_T9801,8,Evening
T9802,Tech_T9802,5,Mixed
T9803,Tech_T9803,1,Mixed
T9804,Tech_T9804,10,Evening
T9805,Tech_T9805,5,Evening
T9806,Tech_T9806,2,Day
T9807,Tech_T9807,6,Mixed
T9808,Tech_T9808,10,Day
T9809,Tech_T9809,2,Mixed
T9810,Tech_T9810,4,Evening
T9811,Tech_T9811,10,Day
T9812,Tech_T9812,9,Evening
T9813,Tech_T9813,3,Day
T9814,Tech_T9814,4,Day
T9815,Tech_T9815,7,Evening
T9816,Tech_T9816,1,Mixed
T9817,Tech_T9817,5,Mixed
T9818,Tech_T9818,3,Day
T9819,Tech_T9819,1,Evening
T9820,Tech_T9820,2,Mixed
T9821,Tech_T9821,5,Day
T9822,Tech_T9822,7,Mixed
T9823,Tech_T9823,5,Evening
T9824,Tech_T9824,10,Evening
T9825,Tech_T9825,8,Mixed
T9826,Tech_T9826,6,Evening
T9827,Tech_T9827,8,Day
T9828,Tech_T9828,8,Mixed
T9829,Tech_T9829,5,Day
T9830,Tech_T9830,8,Evening
T9831,Tech_T9831,6,Evening
T9832,Tech_T9832,8,Mixed
T9833,Tech_T9833,7,Mixed
T9834,Tech_T9834,6,Mixed
T9835,Tech_T9835,10,Day
T9836,Tech_T9836,3,Mixed
T9837,Tech_T9837,10,Day
T9838,Tech_T9838,6,Day
T9839,Tech_T9839,1,Mixed
T9840,Tech_T9840,1,Day
T9841,Tech_T9841,9,Mixed
T9842,Tech_T9842,4,Mixed
T9843,Tech_T9843,5,Mixed
T9844,Tech_T9844,8,Day
T9845,Tech_T9845,6,Day
T9846,Tech_T9846,7,Evening
T9847,Tech_T9847,9,Mixed
T9848,Tech_T9848,5,Mixed
T9849,Tech_T9849,3,Evening
T9850,Tech_T9850,1,Day
T9851,Tech_T9851,4,Day
T9852,Tech_T9852,6,Evening
T9853,Tech_T9853,9,Evening
T9854,Tech_T9854,10,Evening
T9855,Tech_T9855,4,Evening
T9856,Tech_T9856,1,Day
T9857,Tech_T9857,6,Mixed
T9858,Tech_T9858,2,Day
T9859,Tech_T9859,7,Mixed
T9860,Tech_T9860,2,Day
T9861,Tech_T9861,9,Evening
T9862,Tech_T9862,7,Evening
T9863,Tech_T9863,5,Evening
T9864,Tech_T9864,5,Evening
T9865,Tech_T9865,3,Mixed
T9866,Tech_T9866,2,Evening
T9867,Tech_T9867,1,Day
T9868,Tech_T9868,1,Mixed
T9869,Tech_T9869,1,Day
T9870,Tech_T9870,9,Mixed
T9871,Tech_T9871,1,Mixed
T9872,Tech_T9872,10,Day
T9873,Tech_T9873,2,Mixed
T9874,Tech_T9874,2,Mixed
T9875,Tech_T9875,4,Mixed
T9876,Tech_T9876,1,Evening
T9877,Tech_T9877,6,Mixed
T9878,Tech_T9878,9,Mixed
T9879,Tech_T9879,7,Mixed
T9880,Tech_T9880,10,Mixed
T9881,Tech_T9881,4,Evening
T9882,Tech_T9882,7,Evening
T9883,Tech_T9883,4,Evening
T9884,Tech_T9884,2,Day
T9885,Tech_T9885,5,Mixed
T9886,Tech_T9886,6,Day
T9887,Tech_T9887,7,Mixed
T9888,Tech_T9888,10,Day
T9889,Tech_T9889,9,Mixed
T9890,Tech_T9890,6,Day
T9891,Tech_T9891,9,Mixed
T9892,Tech_T9892,1,Mixed
T9893,Tech_T9893,8,Day
T9894,Tech_T9894,9,Evening
T9895,Tech_T9895,4,Mixed
T9896,Tech_T9896,5,Day
T9897,Tech_T9897,9,Mixed
T9898,Tech_T9898,9,Evening
T9899,Tech_T9899,5,Day
T9900,Tech_T9900,8,Evening
T9901,Tech_T9901,8,Day
T9902,Tech_T9902,8,Day
T9903,Tech_T9903,8,Mixed
T9904,Tech_T9904,1,Mixed
T9905,Tech_T9905,4,Mixed
T9906,Tech_T9906,6,Evening
T9907,Tech_T9907,10,Mixed
T9908,Tech_T9908,6,Day
T9909,Tech_T9909,8,Evening
T9910,Tech_T9910,7,Evening
T9911,Tech_T9911,5,Evening
T9912,Tech_T9912,2,Evening
T9913,Tech_T9913,1,Mixed
T9914,Tech_T9914,1,Day
T9915,Tech_T9915,2,Mixed
T9916,Tech_T9916,5,Mixed
T9917,Tech_T9917,9,Day
T9918,Tech_T9918,10,Day
T9919,Tech_T9919,3,Mixed
T9920,Tech_T9920,6,Day
T9921,Tech_T9921,6,Evening
T9922,Tech_T9922,1,Mixed
T9923,Tech_T9923,2,Mixed
T9924,Tech_T9924,6,Evening
T9925,Tech_T9925,7,Day
T9926,Tech_T9926,4,Day
T9927,Tech_T9927,10,Mixed
T9928,Tech_T9928,9,Mixed
T9929,Tech_T9929,2,Day
T9930,Tech_T9930,6,Day
T9931,Tech_T9931,4,Evening
T9932,Tech_T9932,3,Mixed
T9933,Tech_T9933,8,Day
T9934,Tech_T9934,10,Evening
T9935,Tech_T9935,5,Mixed
T9936,Tech_T9936,1,Evening
T9937,Tech_T9937,4,Mixed
T9938,Tech_T9938,3,Mixed
T9939,Tech_T9939,6,Day
T9940,Tech_T9940,5,Evening
T9941,Tech_T9941,10,Mixed
T9942,Tech_T9942,2,Mixed
T9943,Tech_T9943,4,Mixed
T9944,Tech_T9944,6,Evening
T9945,Tech_T9945,1,Day
T9946,Tech_T9946,6,Mixed
T9947,Tech_T9947,2,Evening
T9948,Tech_T9948,7,Mixed
T9949,Tech_T9949,8,Day
T9950,Tech_T9950,7,Day
T9951,Tech_T9951,10,Day
T9952,Tech_T9952,6,Day
T9953,Tech_T9953,2,Mixed
T9954,Tech_T9954,7,Evening
T9955,Tech_T9955,5,Evening
T9956,Tech_T9956,6,Day
T9957,Tech_T9957,8,Evening
T9958,Tech_T9958,9,Mixed
T9959,Tech_T9959,2,Mixed
T9960,Tech_T9960,1,Evening
T9961,Tech_T9961,8,Mixed
T9962,Tech_T9962,1,Day
T9963,Tech_T9963,6,Mixed
T9964,Tech_T9964,10,Evening
T9965,Tech_T9965,3,Evening
T9966,Tech_T9966,3,Day
T9967,Tech_T9967,4,Day
T9968,Tech_T9968,1,Evening
T9969,Tech_T9969,1,Day
T9970,Tech_T9970,7,Mixed
T9971,Tech_T9971,10,Mixed
T9972,Tech_T9972,3,Evening
T9973,Tech_T9973,3,Mixed
T9974,Tech_T9974,8,Mixed
T9975,Tech_T9975,1,Evening
T9976,Tech_T9976,9,Evening
T9977,Tech_T9977,5,Evening
T9978,Tech_T9978,2,Mixed
T9979,Tech_T9979,1,Mixed
T9980,Tech_T9980,7,Evening
T9981,Tech_T9981,8,Day
T9982,Tech_T9982,2,Evening
T9983,Tech_T9983,1,Day
T9984,Tech_T9984,8,Evening
T9985,Tech_T9985,2,Mixed
T9986,Tech_T9986,3,Mixed
T9987,Tech_T9987,2,Evening
T9988,Tech_T9988,1,Mixed
T9989,Tech_T9989,9,Mixed
T9990,Tech_T9990,8,Evening
T9991,Tech_T9991,9,Day
T9992,Tech_T9992,6,Mixed
T9993,Tech_T9993,6,Day
T9994,Tech_T9994,1,Day
T9995,Tech_T9995,4,Evening
T9996,Tech_T9996,10,Evening
T9997,Tech_T9997,4,Day
T9998,Tech_T9998,8,Mixed
T9999,Tech_T9999,10,Evening
T10000,Tech_T10000,1,Evening
T10001,Tech_T10001,10,Evening
T10002,Tech_T10002,1,Day
T10003,Tech_T10003,7,Day
T10004,Tech_T10004,3,Day
T10005,Tech_T10005,1,Mixed
T10006,Tech_T10006,4,Evening
T10007,Tech_T10007,1,Day
T10008,Tech_T10008,1,Day
T10009,Tech_T10009,2,Day
T10010,Tech_T10010,2,Day
T10011,Tech_T10011,5,Mixed
T10012,Tech_T10012,7,Evening
T10013,Tech_T10013,8,Evening
T10014,Tech_T10014,8,Mixed
T10015,Tech_T10015,2,Mixed
T10016,Tech_T10016,1,Day
T10017,Tech_T10017,3,Day
T10018,Tech_T10018,2,Evening
T10019,Tech_T10019,1,Evening
T10020,Tech_T10020,9,Evening
T10021,Tech_T10021,10,Evening
T10022,Tech_T10022,1,Day
T10023,Tech_T10023,4,Evening
T10024,Tech_T10024,4,Day
T10025,Tech_T10025,2,Day
T10026,Tech_T10026,7,Day
T10027,Tech_T10027,8,Day
T10028,Tech_T10028,6,Evening
T10029,Tech_T10029,3,Mixed
T10030,Tech_T10030,2,Mixed
T10031,Tech_T10031,2,Day
T10032,Tech_T10032,6,Mixed
T10033,Tech_T10033,9,Day
T10034,Tech_T10034,2,Day
T10035,Tech_T10035,8,Day
T10036,Tech_T10036,8,Day
T10037,Tech_T10037,5,Mixed
T10038,Tech_T10038,1,Mixed
T10039,Tech_T10039,2,Day
T10040,Tech_T10040,6,Day
T10041,Tech_T10041,4,Mixed
T10042,Tech_T10042,5,Mixed
T10043,Tech_T10043,2,Mixed
T10044,Tech_T10044,5,Evening
T10045,Tech_T10045,7,Mixed
T10046,Tech_T10046,3,Mixed
T10047,Tech_T10047,1,Mixed
T10048,Tech_T10048,10,Mixed
T10049,Tech_T10049,2,Evening
T10050,Tech_T10050,10,Day
T10051,Tech_T10051,1,Evening
T10052,Tech_T10052,7,Day
T10053,Tech_T10053,1,Day
T10054,Tech_T10054,9,Day
T10055,Tech_T10055,3,Day
T10056,Tech_T10056,6,Evening
T10057,Tech_T10057,9,Day
T10058,Tech_T10058,9,Day
T10059,Tech_T10059,7,Day
T10060,Tech_T10060,5,Mixed
T10061,Tech_T10061,5,Evening
T10062,Tech_T10062,6,Day
T10063,Tech_T10063,1,Evening
T10064,Tech_T10064,8,Day
T10065,Tech_T10065,7,Mixed
T10066,Tech_T10066,6,Mixed
T10067,Tech_T10067,3,Day
T10068,Tech_T10068,9,Evening
T10069,Tech_T10069,6,Day
T10070,Tech_T10070,6,Mixed
T10071,Tech_T10071,1,Mixed
T10072,Tech_T10072,2,Day
T10073,Tech_T10073,5,Evening
T10074,Tech_T10074,9,Evening
T10075,Tech_T10075,7,Day
T10076,Tech_T10076,9,Evening
T10077,Tech_T10077,6,Evening
T10078,Tech_T10078,7,Day
T10079,Tech_T10079,3,Mixed
T10080,Tech_T10080,3,Mixed
T10081,Tech_T10081,3,Evening
T10082,Tech_T10082,5,Day
T10083,Tech_T10083,5,Mixed
T10084,Tech_T10084,5,Mixed
T10085,Tech_T10085,4,Day
T10086,Tech_T10086,3,Mixed
T10087,Tech_T10087,6,Evening
T10088,Tech_T10088,2,Mixed
T10089,Tech_T10089,9,Mixed
T10090,Tech_T10090,8,Day
T10091,Tech_T10091,7,Mixed
T10092,Tech_T10092,5,Evening
T10093,Tech_T10093,9,Mixed
T10094,Tech_T10094,7,Day
T10095,Tech_T10095,6,Mixed
T10096,Tech_T10096,7,Mixed
T10097,Tech_T10097,8,Day
T10098,Tech_T10098,10,Evening
T10099,Tech_T10099,4,Evening
T10100,Tech_T10100,2,Mixed
T10101,Tech_T10101,7,Mixed
T10102,Tech_T10102,9,Day
T10103,Tech_T10103,7,Evening
T10104,Tech_T10104,9,Evening
T10105,Tech_T10105,7,Mixed
T10106,Tech_T10106,3,Evening
T10107,Tech_T10107,7,Evening
T10108,Tech_T10108,8,Mixed
T10109,Tech_T10109,7,Mixed
T10110,Tech_T10110,5,Day
T10111,Tech_T10111,2,Evening
T10112,Tech_T10112,10,Evening
T10113,Tech_T10113,3,Mixed
T10114,Tech_T10114,8,Evening
T10115,Tech_T10115,9,Evening
T10116,Tech_T10116,8,Evening
T10117,Tech_T10117,9,Day
T10118,Tech_T10118,10,Day
T10119,Tech_T10119,8,Evening
T10120,Tech_T10120,4,Mixed
T10121,Tech_T10121,9,Day
T10122,Tech_T10122,4,Evening
T10123,Tech_T10123,7,Day
T10124,Tech_T10124,2,Day
T10125,Tech_T10125,3,Mixed
T10126,Tech_T10126,9,Mixed
T10127,Tech_T10127,3,Day
T10128,Tech_T10128,4,Mixed
T10129,Tech_T10129,2,Mixed
T10130,Tech_T10130,1,Evening
T10131,Tech_T10131,2,Day
T10132,Tech_T10132,3,Mixed
T10133,Tech_T10133,7,Day
T10134,Tech_T10134,4,Evening
T10135,Tech_T10135,2,Day
T10136,Tech_T10136,5,Day
T10137,Tech_T10137,10,Day
T10138,Tech_T10138,4,Mixed
T10139,Tech_T10139,10,Day
T10140,Tech_T10140,3,Day
T10141,Tech_T10141,5,Day
T10142,Tech_T10142,1,Mixed
T10143,Tech_T10143,9,Day
T10144,Tech_T10144,3,Mixed
T10145,Tech_T10145,7,Mixed
T10146,Tech_T10146,10,Mixed
T10147,Tech_T10147,2,Evening
T10148,Tech_T10148,1,Day
T10149,Tech_T10149,1,Day
T10150,Tech_T10150,5,Evening
T10151,Tech_T10151,5,Mixed
T10152,Tech_T10152,9,Day
T10153,Tech_T10153,2,Mixed
T10154,Tech_T10154,8,Evening
T10155,Tech_T10155,1,Mixed
T10156,Tech_T10156,5,Mixed
T10157,Tech_T10157,5,Mixed
T10158,Tech_T10158,2,Day
T10159,Tech_T10159,5,Mixed
T10160,Tech_T10160,1,Evening
T10161,Tech_T10161,9,Mixed
T10162,Tech_T10162,1,Day
T10163,Tech_T10163,3,Day
T10164,Tech_T10164,9,Evening
T10165,Tech_T10165,10,Evening
T10166,Tech_T10166,9,Day
T10167,Tech_T10167,6,Evening
T10168,Tech_T10168,1,Day
T10169,Tech_T10169,8,Day
T10170,Tech_T10170,1,Day
T10171,Tech_T10171,5,Mixed
T10172,Tech_T10172,3,Mixed
T10173,Tech_T10173,2,Day
T10174,Tech_T10174,6,Evening
T10175,Tech_T10175,8,Mixed
T10176,Tech_T10176,9,Day
T10177,Tech_T10177,2,Day
T10178,Tech_T10178,5,Mixed
T10179,Tech_T10179,7,Evening
T10180,Tech_T10180,3,Evening
T10181,Tech_T10181,1,Mixed
T10182,Tech_T10182,7,Mixed
T10183,Tech_T10183,9,Mixed
T10184,Tech_T10184,7,Day
T10185,Tech_T10185,5,Mixed
T10186,Tech_T10186,5,Day
T10187,Tech_T10187,2,Day
T10188,Tech_T10188,2,Day
T10189,Tech_T10189,10,Mixed
T10190,Tech_T10190,3,Evening
T10191,Tech_T10191,7,Evening
T10192,Tech_T10192,10,Day
T10193,Tech_T10193,4,Day
T10194,Tech_T10194,9,Day
T10195,Tech_T10195,10,Mixed
T10196,Tech_T10196,7,Mixed
T10197,Tech_T10197,1,Mixed
T10198,Tech_T10198,1,Mixed
T10199,Tech_T10199,4,Mixed
T10200,Tech_T10200,8,Mixed
T10201,Tech_T10201,8,Evening
T10202,Tech_T10202,3,Day
T10203,Tech_T10203,1,Day
T10204,Tech_T10204,8,Day
T10205,Tech_T10205,3,Mixed
T10206,Tech_T10206,4,Mixed
T10207,Tech_T10207,4,Mixed
T10208,Tech_T10208,3,Evening
T10209,Tech_T10209,2,Day
T10210,Tech_T10210,10,Mixed
T10211,Tech_T10211,9,Day
T10212,Tech_T10212,4,Day
T10213,Tech_T10213,10,Mixed
T10214,Tech_T10214,9,Mixed
T10215,Tech_T10215,6,Mixed
T10216,Tech_T10216,10,Mixed
T10217,Tech_T10217,3,Mixed
T10218,Tech_T10218,2,Evening
T10219,Tech_T10219,2,Day
T10220,Tech_T10220,8,Mixed
T10221,Tech_T10221,7,Mixed
T10222,Tech_T10222,10,Day
T10223,Tech_T10223,10,Evening
T10224,Tech_T10224,2,Evening
T10225,Tech_T10225,10,Day
T10226,Tech_T10226,5,Day
T10227,Tech_T10227,1,Mixed
T10228,Tech_T10228,7,Mixed
T10229,Tech_T10229,2,Day
T10230,Tech_T10230,3,Day
T10231,Tech_T10231,3,Mixed
T10232,Tech_T10232,7,Day
T10233,Tech_T10233,2,Evening
T10234,Tech_T10234,1,Mixed
T10235,Tech_T10235,7,Evening
T10236,Tech_T10236,3,Mixed
T10237,Tech_T10237,2,Day
T10238,Tech_T10238,9,Evening
T10239,Tech_T10239,9,Mixed
T10240,Tech_T10240,6,Evening
T10241,Tech_T10241,7,Day
T10242,Tech_T10242,9,Day
T10243,Tech_T10243,8,Evening
T10244,Tech_T10244,8,Day
T10245,Tech_T10245,10,Evening
T10246,Tech_T10246,8,Evening
T10247,Tech_T10247,3,Evening
T10248,Tech_T10248,4,Mixed
T10249,Tech_T10249,7,Evening
T10250,Tech_T10250,1,Evening
T10251,Tech_T10251,10,Day
T10252,Tech_T10252,6,Day
T10253,Tech_T10253,10,Evening
T10254,Tech_T10254,3,Mixed
T10255,Tech_T10255,7,Evening
T10256,Tech_T10256,2,Evening
T10257,Tech_T10257,5,Evening
T10258,Tech_T10258,2,Evening
T10259,Tech_T10259,1,Day
T10260,Tech_T10260,2,Evening
T10261,Tech_T10261,9,Mixed
T10262,Tech_T10262,9,Evening
T10263,Tech_T10263,10,Mixed
T10264,Tech_T10264,9,Evening
T10265,Tech_T10265,4,Evening
T10266,Tech_T10266,8,Mixed
T10267,Tech_T10267,3,Mixed
T10268,Tech_T10268,4,Day
T10269,Tech_T10269,4,Mixed
T10270,Tech_T10270,2,Evening
T10271,Tech_T10271,2,Evening
T10272,Tech_T10272,4,Day
T10273,Tech_T10273,4,Evening
T10274,Tech_T10274,10,Evening
T10275,Tech_T10275,2,Mixed
T10276,Tech_T10276,3,Day
T10277,Tech_T10277,10,Evening
T10278,Tech_T10278,2,Mixed
T10279,Tech_T10279,5,Day
T10280,Tech_T10280,8,Day
T10281,Tech_T10281,6,Mixed
T10282,Tech_T10282,10,Day
T10283,Tech_T10283,9,Day
T10284,Tech_T10284,6,Evening
T10285,Tech_T10285,10,Evening
T10286,Tech_T10286,10,Day
T10287,Tech_T10287,5,Day
T10288,Tech_T10288,4,Day
T10289,Tech_T10289,5,Evening
T10290,Tech_T10290,1,Evening
T10291,Tech_T10291,9,Evening
T10292,Tech_T10292,1,Mixed
T10293,Tech_T10293,10,Mixed
T10294,Tech_T10294,10,Day
T10295,Tech_T10295,2,Mixed
T10296,Tech_T10296,1,Day
T10297,Tech_T10297,1,Mixed
T10298,Tech_T10298,7,Evening
T10299,Tech_T10299,7,Evening
T10300,Tech_T10300,1,Mixed
T10301,Tech_T10301,2,Evening
T10302,Tech_T10302,1,Evening
T10303,Tech_T10303,5,Evening
T10304,Tech_T10304,3,Day
T10305,Tech_T10305,5,Evening
T10306,Tech_T10306,6,Day
T10307,Tech_T10307,5,Day
T10308,Tech_T10308,5,Evening
T10309,Tech_T10309,2,Day
T10310,Tech_T10310,3,Evening
T10311,Tech_T10311,6,Evening
T10312,Tech_T10312,10,Evening
T10313,Tech_T10313,3,Mixed
T10314,Tech_T10314,1,Evening
T10315,Tech_T10315,2,Day
T10316,Tech_T10316,6,Mixed
T10317,Tech_T10317,4,Mixed
T10318,Tech_T10318,2,Mixed
T10319,Tech_T10319,1,Day
T10320,Tech_T10320,1,Day
T10321,Tech_T10321,10,Evening
T10322,Tech_T10322,4,Mixed
T10323,Tech_T10323,8,Day
T10324,Tech_T10324,1,Day
T10325,Tech_T10325,6,Evening
T10326,Tech_T10326,6,Day
T10327,Tech_T10327,5,Mixed
T10328,Tech_T10328,2,Day
T10329,Tech_T10329,5,Mixed
T10330,Tech_T10330,10,Mixed
T10331,Tech_T10331,9,Evening
T10332,Tech_T10332,1,Mixed
T10333,Tech_T10333,5,Mixed
T10334,Tech_T10334,9,Mixed
T10335,Tech_T10335,7,Mixed
T10336,Tech_T10336,2,Evening
T10337,Tech_T10337,3,Evening
T10338,Tech_T10338,5,Mixed
T10339,Tech_T10339,6,Mixed
T10340,Tech_T10340,1,Day
T10341,Tech_T10341,6,Mixed
T10342,Tech_T10342,1,Mixed
T10343,Tech_T10343,7,Mixed
T10344,Tech_T10344,2,Mixed
T10345,Tech_T10345,7,Evening
T10346,Tech_T10346,1,Day
T10347,Tech_T10347,1,Evening
T10348,Tech_T10348,5,Evening
T10349,Tech_T10349,2,Mixed
T10350,Tech_T10350,9,Mixed
T10351,Tech_T10351,7,Day
T10352,Tech_T10352,4,Mixed
T10353,Tech_T10353,1,Day
T10354,Tech_T10354,8,Day
T10355,Tech_T10355,2,Mixed
T10356,Tech_T10356,8,Day
T10357,Tech_T10357,8,Day
T10358,Tech_T10358,9,Day
T10359,Tech_T10359,10,Day
T10360,Tech_T10360,4,Day
T10361,Tech_T10361,7,Mixed
T10362,Tech_T10362,6,Day
T10363,Tech_T10363,1,Mixed
T10364,Tech_T10364,1,Mixed
T10365,Tech_T10365,3,Evening
T10366,Tech_T10366,1,Mixed
T10367,Tech_T10367,6,Day
T10368,Tech_T10368,6,Mixed
T10369,Tech_T10369,8,Evening
T10370,Tech_T10370,2,Mixed
T10371,Tech_T10371,9,Mixed
T10372,Tech_T10372,9,Day
T10373,Tech_T10373,9,Mixed
T10374,Tech_T10374,4,Evening
T10375,Tech_T10375,4,Evening
T10376,Tech_T10376,4,Day
T10377,Tech_T10377,8,Mixed
T10378,Tech_T10378,9,Evening
T10379,Tech_T10379,1,Mixed
T10380,Tech_T10380,9,Evening
T10381,Tech_T10381,1,Mixed
T10382,Tech_T10382,6,Mixed
T10383,Tech_T10383,1,Evening
T10384,Tech_T10384,4,Day
T10385,Tech_T10385,2,Evening
T10386,Tech_T10386,4,Evening
T10387,Tech_T10387,7,Evening
T10388,Tech_T10388,3,Day
T10389,Tech_T10389,5,Evening
T10390,Tech_T10390,8,Evening
T10391,Tech_T10391,7,Evening
T10392,Tech_T10392,10,Day
T10393,Tech_T10393,7,Evening
T10394,Tech_T10394,3,Mixed
T10395,Tech_T10395,5,Day
T10396,Tech_T10396,1,Mixed
T10397,Tech_T10397,3,Evening
T10398,Tech_T10398,7,Day
T10399,Tech_T10399,3,Day
T10400,Tech_T10400,5,Evening
T10401,Tech_T10401,1,Evening
T10402,Tech_T10402,2,Day
T10403,Tech_T10403,1,Mixed
T10404,Tech_T10404,2,Day
T10405,Tech_T10405,5,Mixed
T10406,Tech_T10406,8,Mixed
T10407,Tech_T10407,9,Mixed
T10408,Tech_T10408,4,Day
T10409,Tech_T10409,6,Day
T10410,Tech_T10410,7,Day
T10411,Tech_T10411,3,Mixed
T10412,Tech_T10412,6,Evening
T10413,Tech_T10413,1,Evening
T10414,Tech_T10414,6,Day
T10415,Tech_T10415,5,Day
T10416,Tech_T10416,2,Mixed
T10417,Tech_T10417,3,Evening
T10418,Tech_T10418,3,Mixed
T10419,Tech_T10419,4,Mixed
T10420,Tech_T10420,3,Mixed
T10421,Tech_T10421,6,Day
T10422,Tech_T10422,4,Day
T10423,Tech_T10423,10,Mixed
T10424,Tech_T10424,7,Evening
T10425,Tech_T10425,10,Evening
T10426,Tech_T10426,6,Mixed
T10427,Tech_T10427,2,Day
T10428,Tech_T10428,6,Evening
T10429,Tech_T10429,9,Mixed
T10430,Tech_T10430,7,Day
T10431,Tech_T10431,3,Day
T10432,Tech_T10432,10,Evening
T10433,Tech_T10433,2,Mixed
T10434,Tech_T10434,4,Evening
T10435,Tech_T10435,3,Mixed
T10436,Tech_T10436,8,Evening
T10437,Tech_T10437,4,Day
T10438,Tech_T10438,6,Evening
T10439,Tech_T10439,5,Evening
T10440,Tech_T10440,1,Mixed
T10441,Tech_T10441,3,Day
T10442,Tech_T10442,5,Mixed
T10443,Tech_T10443,4,Day
T10444,Tech_T10444,8,Mixed
T10445,Tech_T10445,8,Evening
T10446,Tech_T10446,5,Mixed
T10447,Tech_T10447,10,Mixed
T10448,Tech_T10448,6,Day
T10449,Tech_T10449,9,Mixed
T10450,Tech_T10450,8,Mixed
T10451,Tech_T10451,3,Mixed
T10452,Tech_T10452,4,Mixed
T10453,Tech_T10453,4,Mixed
T10454,Tech_T10454,8,Mixed
T10455,Tech_T10455,9,Day
T10456,Tech_T10456,9,Evening
T10457,Tech_T10457,2,Day
T10458,Tech_T10458,7,Mixed
T10459,Tech_T10459,4,Day
T10460,Tech_T10460,3,Day
T10461,Tech_T10461,3,Mixed
T10462,Tech_T10462,6,Day
T10463,Tech_T10463,1,Evening
T10464,Tech_T10464,6,Day
T10465,Tech_T10465,8,Day
T10466,Tech_T10466,7,Mixed
T10467,Tech_T10467,9,Evening
T10468,Tech_T10468,1,Mixed
T10469,Tech_T10469,5,Day
T10470,Tech_T10470,9,Evening
T10471,Tech_T10471,5,Evening
T10472,Tech_T10472,4,Evening
T10473,Tech_T10473,10,Evening
T10474,Tech_T10474,3,Mixed
T10475,Tech_T10475,1,Mixed
T10476,Tech_T10476,9,Evening
T10477,Tech_T10477,9,Mixed
T10478,Tech_T10478,2,Evening
T10479,Tech_T10479,10,Day
T10480,Tech_T10480,4,Mixed
T10481,Tech_T10481,8,Evening
T10482,Tech_T10482,3,Evening
T10483,Tech_T10483,4,Evening
T10484,Tech_T10484,6,Day
T10485,Tech_T10485,8,Day
T10486,Tech_T10486,7,Day
T10487,Tech_T10487,2,Mixed
T10488,Tech_T10488,8,Day
T10489,Tech_T10489,3,Day
T10490,Tech_T10490,1,Day
T10491,Tech_T10491,6,Day
T10492,Tech_T10492,9,Day
T10493,Tech_T10493,8,Day
T10494,Tech_T10494,4,Day
T10495,Tech_T10495,4,Evening
T10496,Tech_T10496,10,Evening
T10497,Tech_T10497,2,Mixed
T10498,Tech_T10498,3,Evening
T10499,Tech_T10499,6,Mixed
T10500,Tech_T10500,6,Evening
T10501,Tech_T10501,5,Evening
T10502,Tech_T10502,2,Day
T10503,Tech_T10503,10,Evening
T10504,Tech_T10504,7,Mixed
T10505,Tech_T10505,3,Evening
T10506,Tech_T10506,6,Mixed
T10507,Tech_T10507,3,Mixed
T10508,Tech_T10508,7,Evening
T10509,Tech_T10509,8,Evening
T10510,Tech_T10510,9,Mixed
T10511,Tech_T10511,8,Day
T10512,Tech_T10512,1,Day
T10513,Tech_T10513,7,Mixed
T10514,Tech_T10514,2,Day
T10515,Tech_T10515,6,Mixed
T10516,Tech_T10516,5,Day
T10517,Tech_T10517,8,Evening
T10518,Tech_T10518,8,Evening
T10519,Tech_T10519,10,Mixed
T10520,Tech_T10520,4,Day
T10521,Tech_T10521,6,Day
T10522,Tech_T10522,8,Mixed
T10523,Tech_T10523,3,Day
T10524,Tech_T10524,2,Day
T10525,Tech_T10525,1,Evening
T10526,Tech_T10526,1,Evening
T10527,Tech_T10527,10,Evening
T10528,Tech_T10528,7,Day
T10529,Tech_T10529,2,Day
T10530,Tech_T10530,3,Mixed
T10531,Tech_T10531,5,Day
T10532,Tech_T10532,4,Day
T10533,Tech_T10533,9,Day
T10534,Tech_T10534,10,Mixed
T10535,Tech_T10535,3,Evening
T10536,Tech_T10536,7,Evening
T10537,Tech_T10537,4,Day
T10538,Tech_T10538,8,Mixed
T10539,Tech_T10539,4,Day
T10540,Tech_T10540,1,Mixed
T10541,Tech_T10541,3,Mixed
T10542,Tech_T10542,10,Day
T10543,Tech_T10543,4,Mixed
T10544,Tech_T10544,7,Day
T10545,Tech_T10545,6,Mixed
T10546,Tech_T10546,3,Day
T10547,Tech_T10547,7,Day
T10548,Tech_T10548,9,Day
T10549,Tech_T10549,10,Evening
T10550,Tech_T10550,9,Mixed
T10551,Tech_T10551,3,Day
T10552,Tech_T10552,6,Evening
T10553,Tech_T10553,7,Evening
T10554,Tech_T10554,9,Day
T10555,Tech_T10555,9,Mixed
T10556,Tech_T10556,8,Evening
T10557,Tech_T10557,4,Evening
T10558,Tech_T10558,10,Day
T10559,Tech_T10559,4,Mixed
T10560,Tech_T10560,6,Mixed
T10561,Tech_T10561,6,Evening
T10562,Tech_T10562,6,Mixed
T10563,Tech_T10563,3,Mixed
T10564,Tech_T10564,1,Evening
T10565,Tech_T10565,8,Day
T10566,Tech_T10566,2,Mixed
T10567,Tech_T10567,5,Day
T10568,Tech_T10568,5,Evening
T10569,Tech_T10569,8,Evening
T10570,Tech_T10570,4,Day
T10571,Tech_T10571,1,Day
T10572,Tech_T10572,10,Mixed
T10573,Tech_T10573,3,Evening
T10574,Tech_T10574,4,Mixed
T10575,Tech_T10575,8,Evening
T10576,Tech_T10576,7,Day
T10577,Tech_T10577,5,Evening
T10578,Tech_T10578,2,Mixed
T10579,Tech_T10579,3,Mixed
T10580,Tech_T10580,2,Evening
T10581,Tech_T10581,1,Day
T10582,Tech_T10582,2,Mixed
T10583,Tech_T10583,6,Day
T10584,Tech_T10584,2,Evening
T10585,Tech_T10585,10,Day
T10586,Tech_T10586,7,Day
T10587,Tech_T10587,2,Day
T10588,Tech_T10588,9,Mixed
T10589,Tech_T10589,7,Day
T10590,Tech_T10590,2,Mixed
T10591,Tech_T10591,10,Evening
T10592,Tech_T10592,10,Mixed
T10593,Tech_T10593,3,Day
T10594,Tech_T10594,7,Day
T10595,Tech_T10595,4,Evening
T10596,Tech_T10596,8,Mixed
T10597,Tech_T10597,1,Mixed
T10598,Tech_T10598,6,Evening
T10599,Tech_T10599,9,Day
T10600,Tech_T10600,3,Mixed
T10601,Tech_T10601,7,Evening
T10602,Tech_T10602,5,Day
T10603,Tech_T10603,4,Day
T10604,Tech_T10604,9,Mixed
T10605,Tech_T10605,8,Evening
T10606,Tech_T10606,4,Day
T10607,Tech_T10607,2,Mixed
T10608,Tech_T10608,6,Day
T10609,Tech_T10609,7,Day
T10610,Tech_T10610,6,Mixed
T10611,Tech_T10611,10,Evening
T10612,Tech_T10612,1,Mixed
T10613,Tech_T10613,10,Evening
T10614,Tech_T10614,2,Evening
T10615,Tech_T10615,6,Day
T10616,Tech_T10616,3,Day
T10617,Tech_T10617,9,Mixed
T10618,Tech_T10618,6,Evening
T10619,Tech_T10619,7,Day
T10620,Tech_T10620,4,Mixed
T10621,Tech_T10621,1,Evening
T10622,Tech_T10622,6,Mixed
T10623,Tech_T10623,2,Day
T10624,Tech_T10624,5,Day
T10625,Tech_T10625,6,Day
T10626,Tech_T10626,9,Day
T10627,Tech_T10627,9,Mixed
T10628,Tech_T10628,7,Mixed
T10629,Tech_T10629,1,Mixed
T10630,Tech_T10630,8,Mixed
T10631,Tech_T10631,1,Mixed
T10632,Tech_T10632,9,Day
T10633,Tech_T10633,7,Evening
T10634,Tech_T10634,4,Day
T10635,Tech_T10635,9,Mixed
T10636,Tech_T10636,3,Mixed
T10637,Tech_T10637,2,Day
T10638,Tech_T10638,3,Evening
T10639,Tech_T10639,2,Day
T10640,Tech_T10640,9,Mixed
T10641,Tech_T10641,2,Day
T10642,Tech_T10642,10,Evening
T10643,Tech_T10643,6,Day
T10644,Tech_T10644,9,Evening
T10645,Tech_T10645,2,Evening
T10646,Tech_T10646,9,Mixed
T10647,Tech_T10647,7,Evening
T10648,Tech_T10648,4,Evening
T10649,Tech_T10649,9,Day
T10650,Tech_T10650,9,Day
T10651,Tech_T10651,2,Mixed
T10652,Tech_T10652,9,Day
T10653,Tech_T10653,4,Day
T10654,Tech_T10654,5,Mixed
T10655,Tech_T10655,2,Mixed
T10656,Tech_T10656,4,Evening
T10657,Tech_T10657,8,Day
T10658,Tech_T10658,3,Day
T10659,Tech_T10659,3,Mixed
T10660,Tech_T10660,7,Evening
T10661,Tech_T10661,4,Evening
T10662,Tech_T10662,3,Mixed
T10663,Tech_T10663,6,Mixed
T10664,Tech_T10664,8,Day
T10665,Tech_T10665,7,Evening
T10666,Tech_T10666,9,Evening
T10667,Tech_T10667,5,Day
T10668,Tech_T10668,7,Evening
T10669,Tech_T10669,7,Day
T10670,Tech_T10670,8,Evening
T10671,Tech_T10671,1,Day
T10672,Tech_T10672,5,Day
T10673,Tech_T10673,6,Day
T10674,Tech_T10674,3,Evening
T10675,Tech_T10675,8,Mixed
T10676,Tech_T10676,6,Day
T10677,Tech_T10677,6,Mixed
T10678,Tech_T10678,4,Mixed
T10679,Tech_T10679,3,Evening
T10680,Tech_T10680,8,Evening
T10681,Tech_T10681,1,Evening
T10682,Tech_T10682,5,Mixed
T10683,Tech_T10683,3,Day
T10684,Tech_T10684,2,Day
T10685,Tech_T10685,4,Day
T10686,Tech_T10686,7,Day
T10687,Tech_T10687,4,Day
T10688,Tech_T10688,8,Evening
T10689,Tech_T10689,2,Day
T10690,Tech_T10690,1,Mixed
T10691,Tech_T10691,3,Mixed
T10692,Tech_T10692,10,Day
T10693,Tech_T10693,4,Mixed
T10694,Tech_T10694,1,Day
T10695,Tech_T10695,7,Day
T10696,Tech_T10696,7,Day
T10697,Tech_T10697,10,Mixed
T10698,Tech_T10698,10,Mixed
T10699,Tech_T10699,5,Day
T10700,Tech_T10700,6,Day
T10701,Tech_T10701,9,Day
T10702,Tech_T10702,8,Day
T10703,Tech_T10703,8,Mixed
T10704,Tech_T10704,1,Day
T10705,Tech_T10705,5,Mixed
T10706,Tech_T10706,10,Evening
T10707,Tech_T10707,6,Mixed
T10708,Tech_T10708,1,Day
T10709,Tech_T10709,2,Mixed
T10710,Tech_T10710,7,Mixed
T10711,Tech_T10711,7,Evening
T10712,Tech_T10712,3,Evening
T10713,Tech_T10713,5,Evening
T10714,Tech_T10714,5,Evening
T10715,Tech_T10715,7,Evening
T10716,Tech_T10716,9,Day
T10717,Tech_T10717,4,Mixed
T10718,Tech_T10718,4,Day
T10719,Tech_T10719,6,Evening
T10720,Tech_T10720,8,Mixed
T10721,Tech_T10721,5,Day
T10722,Tech_T10722,6,Day
T10723,Tech_T10723,9,Evening
T10724,Tech_T10724,1,Day
T10725,Tech_T10725,7,Day
T10726,Tech_T10726,2,Evening
T10727,Tech_T10727,1,Day
T10728,Tech_T10728,3,Mixed
T10729,Tech_T10729,3,Day
T10730,Tech_T10730,2,Evening
T10731,Tech_T10731,6,Mixed
T10732,Tech_T10732,7,Mixed
T10733,Tech_T10733,7,Mixed
T10734,Tech_T10734,2,Day
T10735,Tech_T10735,5,Mixed
T10736,Tech_T10736,7,Mixed
T10737,Tech_T10737,7,Mixed
T10738,Tech_T10738,8,Day
T10739,Tech_T10739,1,Day
T10740,Tech_T10740,3,Day
T10741,Tech_T10741,3,Mixed
T10742,Tech_T10742,8,Day
T10743,Tech_T10743,8,Day
T10744,Tech_T10744,7,Mixed
T10745,Tech_T10745,5,Evening
T10746,Tech_T10746,6,Mixed
T10747,Tech_T10747,3,Evening
T10748,Tech_T10748,4,Day
T10749,Tech_T10749,2,Day
T10750,Tech_T10750,7,Day
T10751,Tech_T10751,1,Mixed
T10752,Tech_T10752,3,Evening
T10753,Tech_T10753,10,Day
T10754,Tech_T10754,9,Evening
T10755,Tech_T10755,7,Evening
T10756,Tech_T10756,1,Evening
T10757,Tech_T10757,6,Evening
T10758,Tech_T10758,8,Evening
T10759,Tech_T10759,5,Day
T10760,Tech_T10760,5,Evening
T10761,Tech_T10761,8,Day
T10762,Tech_T10762,2,Day
T10763,Tech_T10763,1,Day
T10764,Tech_T10764,4,Mixed
T10765,Tech_T10765,4,Evening
T10766,Tech_T10766,6,Day
T10767,Tech_T10767,6,Evening
T10768,Tech_T10768,8,Day
T10769,Tech_T10769,5,Day
T10770,Tech_T10770,4,Mixed
T10771,Tech_T10771,1,Evening
T10772,Tech_T10772,7,Evening
T10773,Tech_T10773,2,Mixed
T10774,Tech_T10774,7,Day
T10775,Tech_T10775,6,Day
T10776,Tech_T10776,1,Mixed
T10777,Tech_T10777,2,Day
T10778,Tech_T10778,5,Day
T10779,Tech_T10779,7,Day
T10780,Tech_T10780,1,Mixed
T10781,Tech_T10781,7,Mixed
T10782,Tech_T10782,1,Day
T10783,Tech_T10783,4,Day
T10784,Tech_T10784,3,Day
T10785,Tech_T10785,4,Mixed
T10786,Tech_T10786,9,Evening
T10787,Tech_T10787,7,Evening
T10788,Tech_T10788,1,Mixed
T10789,Tech_T10789,10,Mixed
T10790,Tech_T10790,9,Evening
T10791,Tech_T10791,1,Mixed
T10792,Tech_T10792,10,Evening
T10793,Tech_T10793,6,Evening
T10794,Tech_T10794,9,Day
T10795,Tech_T10795,6,Day
T10796,Tech_T10796,10,Day
T10797,Tech_T10797,1,Day
T10798,Tech_T10798,1,Evening
T10799,Tech_T10799,1,Day
T10800,Tech_T10800,4,Day
T10801,Tech_T10801,4,Mixed
T10802,Tech_T10802,7,Evening
T10803,Tech_T10803,4,Day
T10804,Tech_T10804,5,Mixed
T10805,Tech_T10805,2,Evening
T10806,Tech_T10806,4,Day
T10807,Tech_T10807,4,Evening
T10808,Tech_T10808,10,Evening
T10809,Tech_T10809,6,Evening
T10810,Tech_T10810,10,Evening
T10811,Tech_T10811,4,Day
T10812,Tech_T10812,2,Day
T10813,Tech_T10813,9,Evening
T10814,Tech_T10814,8,Day
T10815,Tech_T10815,9,Day
T10816,Tech_T10816,7,Evening
T10817,Tech_T10817,8,Day
T10818,Tech_T10818,5,Mixed
T10819,Tech_T10819,5,Day
T10820,Tech_T10820,3,Mixed
T10821,Tech_T10821,9,Evening
T10822,Tech_T10822,10,Day
T10823,Tech_T10823,3,Day
T10824,Tech_T10824,1,Day
T10825,Tech_T10825,1,Day
T10826,Tech_T10826,2,Evening
T10827,Tech_T10827,3,Mixed
T10828,Tech_T10828,8,Mixed
T10829,Tech_T10829,9,Evening
T10830,Tech_T10830,2,Evening
T10831,Tech_T10831,3,Day
T10832,Tech_T10832,7,Day
T10833,Tech_T10833,1,Evening
T10834,Tech_T10834,8,Evening
T10835,Tech_T10835,4,Evening
T10836,Tech_T10836,2,Mixed
T10837,Tech_T10837,1,Evening
T10838,Tech_T10838,5,Day
T10839,Tech_T10839,9,Mixed
T10840,Tech_T10840,2,Mixed
T10841,Tech_T10841,7,Mixed
T10842,Tech_T10842,9,Mixed
T10843,Tech_T10843,8,Day
T10844,Tech_T10844,8,Day
T10845,Tech_T10845,2,Evening
T10846,Tech_T10846,6,Mixed
T10847,Tech_T10847,7,Mixed
T10848,Tech_T10848,2,Mixed
T10849,Tech_T10849,8,Evening
T10850,Tech_T10850,9,Mixed
T10851,Tech_T10851,2,Evening
T10852,Tech_T10852,9,Day
T10853,Tech_T10853,10,Day
T10854,Tech_T10854,10,Mixed
T10855,Tech_T10855,4,Evening
T10856,Tech_T10856,5,Day
T10857,Tech_T10857,10,Mixed
T10858,Tech_T10858,9,Evening
T10859,Tech_T10859,2,Day
T10860,Tech_T10860,2,Evening
T10861,Tech_T10861,7,Evening
T10862,Tech_T10862,10,Mixed
T10863,Tech_T10863,6,Evening
T10864,Tech_T10864,9,Evening
T10865,Tech_T10865,10,Day
T10866,Tech_T10866,7,Day
T10867,Tech_T10867,6,Mixed
T10868,Tech_T10868,5,Evening
T10869,Tech_T10869,8,Day
T10870,Tech_T10870,8,Evening
T10871,Tech_T10871,3,Day
T10872,Tech_T10872,3,Evening
T10873,Tech_T10873,8,Day
T10874,Tech_T10874,10,Day
T10875,Tech_T10875,10,Mixed
T10876,Tech_T10876,5,Mixed
T10877,Tech_T10877,9,Mixed
T10878,Tech_T10878,8,Day
T10879,Tech_T10879,7,Evening
T10880,Tech_T10880,6,Mixed
T10881,Tech_T10881,3,Mixed
T10882,Tech_T10882,3,Mixed
T10883,Tech_T10883,1,Mixed
T10884,Tech_T10884,3,Day
T10885,Tech_T10885,3,Evening
T10886,Tech_T10886,1,Mixed
T10887,Tech_T10887,9,Day
T10888,Tech_T10888,2,Mixed
T10889,Tech_T10889,8,Mixed
T10890,Tech_T10890,4,Day
T10891,Tech_T10891,8,Mixed
T10892,Tech_T10892,2,Day
T10893,Tech_T10893,1,Evening
T10894,Tech_T10894,9,Mixed
T10895,Tech_T10895,10,Day
T10896,Tech_T10896,8,Mixed
T10897,Tech_T10897,2,Evening
T10898,Tech_T10898,2,Evening
T10899,Tech_T10899,4,Day
T10900,Tech_T10900,5,Day
T10901,Tech_T10901,6,Evening
T10902,Tech_T10902,10,Mixed
T10903,Tech_T10903,4,Evening
T10904,Tech_T10904,4,Mixed
T10905,Tech_T10905,4,Evening
T10906,Tech_T10906,5,Day
T10907,Tech_T10907,2,Day
T10908,Tech_T10908,6,Mixed
T10909,Tech_T10909,2,Day
T10910,Tech_T10910,1,Evening
T10911,Tech_T10911,9,Mixed
T10912,Tech_T10912,5,Day
T10913,Tech_T10913,6,Mixed
T10914,Tech_T10914,9,Day
T10915,Tech_T10915,2,Day
T10916,Tech_T10916,7,Mixed
T10917,Tech_T10917,9,Day
T10918,Tech_T10918,4,Day
T10919,Tech_T10919,5,Day
T10920,Tech_T10920,9,Mixed
T10921,Tech_T10921,6,Day
T10922,Tech_T10922,2,Mixed
T10923,Tech_T10923,4,Evening
T10924,Tech_T10924,10,Evening
T10925,Tech_T10925,7,Mixed
T10926,Tech_T10926,9,Evening
T10927,Tech_T10927,1,Mixed
T10928,Tech_T10928,6,Evening
T10929,Tech_T10929,7,Evening
T10930,Tech_T10930,10,Day
T10931,Tech_T10931,6,Evening
T10932,Tech_T10932,3,Mixed
T10933,Tech_T10933,10,Mixed
T10934,Tech_T10934,2,Evening
T10935,Tech_T10935,1,Day
T10936,Tech_T10936,10,Day
T10937,Tech_T10937,9,Day
T10938,Tech_T10938,7,Mixed
T10939,Tech_T10939,7,Mixed
T10940,Tech_T10940,8,Day
T10941,Tech_T10941,10,Day
T10942,Tech_T10942,9,Evening
T10943,Tech_T10943,9,Mixed
T10944,Tech_T10944,7,Mixed
T10945,Tech_T10945,6,Evening
T10946,Tech_T10946,10,Mixed
T10947,Tech_T10947,5,Day
T10948,Tech_T10948,8,Mixed
T10949,Tech_T10949,8,Day
T10950,Tech_T10950,4,Evening
T10951,Tech_T10951,5,Day
T10952,Tech_T10952,5,Mixed
T10953,Tech_T10953,10,Evening
T10954,Tech_T10954,2,Day
T10955,Tech_T10955,10,Evening
T10956,Tech_T10956,9,Mixed
T10957,Tech_T10957,5,Mixed
T10958,Tech_T10958,8,Evening
T10959,Tech_T10959,7,Day
T10960,Tech_T10960,8,Evening
T10961,Tech_T10961,10,Mixed
T10962,Tech_T10962,7,Evening
T10963,Tech_T10963,3,Day
T10964,Tech_T10964,5,Evening
T10965,Tech_T10965,7,Evening
T10966,Tech_T10966,5,Mixed
T10967,Tech_T10967,7,Mixed
T10968,Tech_T10968,5,Mixed
T10969,Tech_T10969,7,Evening
T10970,Tech_T10970,7,Evening
T10971,Tech_T10971,2,Mixed
T10972,Tech_T10972,7,Mixed
T10973,Tech_T10973,5,Mixed
T10974,Tech_T10974,7,Day
T10975,Tech_T10975,5,Evening
T10976,Tech_T10976,2,Evening
T10977,Tech_T10977,5,Mixed
T10978,Tech_T10978,5,Evening
T10979,Tech_T10979,2,Day
T10980,Tech_T10980,1,Evening
T10981,Tech_T10981,6,Evening
T10982,Tech_T10982,5,Day
T10983,Tech_T10983,10,Day
T10984,Tech_T10984,6,Evening
T10985,Tech_T10985,5,Mixed
T10986,Tech_T10986,6,Day
T10987,Tech_T10987,6,Day
T10988,Tech_T10988,1,Day
T10989,Tech_T10989,10,Evening
T10990,Tech_T10990,3,Mixed
T10991,Tech_T10991,10,Mixed
T10992,Tech_T10992,1,Evening
T10993,Tech_T10993,5,Mixed
T10994,Tech_T10994,4,Day
T10995,Tech_T10995,10,Mixed
T10996,Tech_T10996,2,Day
T10997,Tech_T10997,3,Mixed
T10998,Tech_T10998,3,Mixed
T10999,Tech_T10999,2,Mixed
T11000,Tech_T11000,5,Evening
T11001,Tech_T11001,3,Evening
T11002,Tech_T11002,2,Evening
T11003,Tech_T11003,3,Day
T11004,Tech_T11004,2,Mixed
T11005,Tech_T11005,4,Evening
T11006,Tech_T11006,1,Day
T11007,Tech_T11007,10,Day
T11008,Tech_T11008,1,Evening
T11009,Tech_T11009,7,Evening
T11010,Tech_T11010,2,Day
T11011,Tech_T11011,5,Day
T11012,Tech_T11012,3,Evening
T11013,Tech_T11013,6,Day
T11014,Tech_T11014,6,Day
T11015,Tech_T11015,2,Day
T11016,Tech_T11016,4,Evening
T11017,Tech_T11017,10,Evening
T11018,Tech_T11018,2,Mixed
T11019,Tech_T11019,3,Mixed
T11020,Tech_T11020,5,Day
T11021,Tech_T11021,9,Evening
T11022,Tech_T11022,4,Mixed
T11023,Tech_T11023,9,Day
T11024,Tech_T11024,1,Day
T11025,Tech_T11025,8,Day
T11026,Tech_T11026,8,Mixed
T11027,Tech_T11027,9,Day
T11028,Tech_T11028,6,Evening
T11029,Tech_T11029,9,Mixed
T11030,Tech_T11030,6,Mixed
T11031,Tech_T11031,8,Evening
T11032,Tech_T11032,8,Day
T11033,Tech_T11033,3,Day
T11034,Tech_T11034,3,Mixed
T11035,Tech_T11035,5,Day
T11036,Tech_T11036,1,Evening
T11037,Tech_T11037,2,Evening
T11038,Tech_T11038,3,Day
T11039,Tech_T11039,10,Day
T11040,Tech_T11040,10,Day
T11041,Tech_T11041,4,Evening
T11042,Tech_T11042,4,Evening
T11043,Tech_T11043,7,Evening
T11044,Tech_T11044,9,Evening
T11045,Tech_T11045,8,Evening
T11046,Tech_T11046,3,Mixed
T11047,Tech_T11047,5,Day
T11048,Tech_T11048,2,Evening
T11049,Tech_T11049,7,Day
T11050,Tech_T11050,8,Evening
T11051,Tech_T11051,5,Day
T11052,Tech_T11052,10,Day
T11053,Tech_T11053,4,Mixed
T11054,Tech_T11054,8,Mixed
T11055,Tech_T11055,2,Mixed
T11056,Tech_T11056,9,Mixed
T11057,Tech_T11057,6,Mixed
T11058,Tech_T11058,9,Mixed
T11059,Tech_T11059,5,Day
T11060,Tech_T11060,3,Day
T11061,Tech_T11061,9,Day
T11062,Tech_T11062,6,Mixed
T11063,Tech_T11063,7,Evening
T11064,Tech_T11064,7,Mixed
T11065,Tech_T11065,1,Mixed
T11066,Tech_T11066,2,Mixed
T11067,Tech_T11067,6,Day
T11068,Tech_T11068,9,Evening
T11069,Tech_T11069,4,Evening
T11070,Tech_T11070,3,Day
T11071,Tech_T11071,3,Day
T11072,Tech_T11072,8,Day
T11073,Tech_T11073,7,Day
T11074,Tech_T11074,4,Mixed
T11075,Tech_T11075,1,Mixed
T11076,Tech_T11076,2,Mixed
T11077,Tech_T11077,3,Day
T11078,Tech_T11078,1,Mixed
T11079,Tech_T11079,4,Day
T11080,Tech_T11080,10,Evening
T11081,Tech_T11081,2,Mixed
T11082,Tech_T11082,3,Evening
T11083,Tech_T11083,7,Evening
T11084,Tech_T11084,1,Day
T11085,Tech_T11085,2,Day
T11086,Tech_T11086,2,Mixed
T11087,Tech_T11087,6,Mixed
T11088,Tech_T11088,9,Evening
T11089,Tech_T11089,4,Evening
T11090,Tech_T11090,4,Day
T11091,Tech_T11091,4,Evening
T11092,Tech_T11092,7,Evening
T11093,Tech_T11093,3,Evening
T11094,Tech_T11094,2,Mixed
T11095,Tech_T11095,2,Mixed
T11096,Tech_T11096,4,Day
T11097,Tech_T11097,10,Day
T11098,Tech_T11098,10,Evening
T11099,Tech_T11099,6,Evening
T11100,Tech_T11100,6,Mixed
T11101,Tech_T11101,1,Day
T11102,Tech_T11102,6,Evening
T11103,Tech_T11103,7,Day
T11104,Tech_T11104,6,Evening
T11105,Tech_T11105,5,Evening
T11106,Tech_T11106,9,Evening
T11107,Tech_T11107,8,Evening
T11108,Tech_T11108,10,Mixed
T11109,Tech_T11109,10,Evening
T11110,Tech_T11110,3,Mixed
T11111,Tech_T11111,3,Mixed
T11112,Tech_T11112,3,Mixed
T11113,Tech_T11113,6,Mixed
T11114,Tech_T11114,1,Mixed
T11115,Tech_T11115,8,Day
T11116,Tech_T11116,8,Day
T11117,Tech_T11117,10,Evening
T11118,Tech_T11118,1,Evening
T11119,Tech_T11119,10,Day
T11120,Tech_T11120,8,Evening
T11121,Tech_T11121,10,Day
T11122,Tech_T11122,1,Day
T11123,Tech_T11123,4,Mixed
T11124,Tech_T11124,9,Day
T11125,Tech_T11125,9,Mixed
T11126,Tech_T11126,10,Evening
T11127,Tech_T11127,1,Day
T11128,Tech_T11128,5,Mixed
T11129,Tech_T11129,5,Day
T11130,Tech_T11130,2,Mixed
T11131,Tech_T11131,9,Evening
T11132,Tech_T11132,9,Mixed
T11133,Tech_T11133,5,Day
T11134,Tech_T11134,2,Mixed
T11135,Tech_T11135,9,Evening
T11136,Tech_T11136,8,Evening
T11137,Tech_T11137,7,Day
T11138,Tech_T11138,4,Evening
T11139,Tech_T11139,7,Mixed
T11140,Tech_T11140,2,Day
T11141,Tech_T11141,3,Day
T11142,Tech_T11142,6,Evening
T11143,Tech_T11143,2,Day
T11144,Tech_T11144,8,Evening
T11145,Tech_T11145,9,Day
T11146,Tech_T11146,3,Day
T11147,Tech_T11147,10,Day
T11148,Tech_T11148,8,Evening
T11149,Tech_T11149,5,Mixed
T11150,Tech_T11150,7,Mixed
T11151,Tech_T11151,3,Evening
T11152,Tech_T11152,4,Mixed
T11153,Tech_T11153,3,Evening
T11154,Tech_T11154,9,Day
T11155,Tech_T11155,6,Evening
T11156,Tech_T11156,10,Mixed
T11157,Tech_T11157,3,Mixed
T11158,Tech_T11158,1,Evening
T11159,Tech_T11159,1,Day
T11160,Tech_T11160,8,Evening
T11161,Tech_T11161,7,Evening
T11162,Tech_T11162,3,Day
T11163,Tech_T11163,8,Mixed
T11164,Tech_T11164,5,Day
T11165,Tech_T11165,9,Mixed
T11166,Tech_T11166,4,Day
T11167,Tech_T11167,1,Day
T11168,Tech_T11168,6,Evening
T11169,Tech_T11169,8,Day
T11170,Tech_T11170,5,Day
T11171,Tech_T11171,5,Mixed
T11172,Tech_T11172,8,Evening
T11173,Tech_T11173,9,Evening
T11174,Tech_T11174,7,Mixed
T11175,Tech_T11175,6,Evening
T11176,Tech_T11176,4,Mixed
T11177,Tech_T11177,8,Mixed
T11178,Tech_T11178,4,Day
T11179,Tech_T11179,1,Evening
T11180,Tech_T11180,9,Evening
T11181,Tech_T11181,5,Day
T11182,Tech_T11182,7,Day
T11183,Tech_T11183,2,Evening
T11184,Tech_T11184,3,Mixed
T11185,Tech_T11185,8,Day
T11186,Tech_T11186,3,Mixed
T11187,Tech_T11187,5,Day
T11188,Tech_T11188,3,Mixed
T11189,Tech_T11189,7,Evening
T11190,Tech_T11190,9,Evening
T11191,Tech_T11191,10,Day
T11192,Tech_T11192,5,Day
T11193,Tech_T11193,10,Day
T11194,Tech_T11194,4,Evening
T11195,Tech_T11195,4,Day
T11196,Tech_T11196,8,Day
T11197,Tech_T11197,7,Mixed
T11198,Tech_T11198,6,Day
T11199,Tech_T11199,4,Mixed
T11200,Tech_T11200,6,Mixed
T11201,Tech_T11201,1,Evening
T11202,Tech_T11202,5,Evening
T11203,Tech_T11203,10,Day
T11204,Tech_T11204,9,Day
T11205,Tech_T11205,7,Evening
T11206,Tech_T11206,5,Day
T11207,Tech_T11207,4,Mixed
T11208,Tech_T11208,10,Mixed
T11209,Tech_T11209,9,Mixed
T11210,Tech_T11210,4,Evening
T11211,Tech_T11211,10,Evening
T11212,Tech_T11212,10,Day
T11213,Tech_T11213,8,Evening
T11214,Tech_T11214,6,Mixed
T11215,Tech_T11215,6,Evening
T11216,Tech_T11216,7,Day
T11217,Tech_T11217,8,Day
T11218,Tech_T11218,8,Mixed
T11219,Tech_T11219,7,Mixed
T11220,Tech_T11220,2,Mixed
T11221,Tech_T11221,4,Day
T11222,Tech_T11222,4,Mixed
T11223,Tech_T11223,3,Day
T11224,Tech_T11224,3,Evening
T11225,Tech_T11225,8,Evening
T11226,Tech_T11226,6,Evening
T11227,Tech_T11227,4,Mixed
T11228,Tech_T11228,7,Mixed
T11229,Tech_T11229,10,Mixed
T11230,Tech_T11230,6,Day
T11231,Tech_T11231,5,Day
T11232,Tech_T11232,1,Evening
T11233,Tech_T11233,8,Mixed
T11234,Tech_T11234,5,Mixed
T11235,Tech_T11235,9,Evening
T11236,Tech_T11236,7,Evening
T11237,Tech_T11237,9,Evening
T11238,Tech_T11238,2,Day
T11239,Tech_T11239,8,Mixed
T11240,Tech_T11240,1,Day
T11241,Tech_T11241,8,Day
T11242,Tech_T11242,7,Mixed
T11243,Tech_T11243,5,Day
T11244,Tech_T11244,3,Evening
T11245,Tech_T11245,5,Mixed
T11246,Tech_T11246,3,Mixed
T11247,Tech_T11247,8,Mixed
T11248,Tech_T11248,2,Mixed
T11249,Tech_T11249,3,Mixed
T11250,Tech_T11250,8,Day
T11251,Tech_T11251,6,Mixed
T11252,Tech_T11252,1,Day
T11253,Tech_T11253,4,Mixed
T11254,Tech_T11254,2,Mixed
T11255,Tech_T11255,4,Evening
T11256,Tech_T11256,3,Day
T11257,Tech_T11257,1,Mixed
T11258,Tech_T11258,8,Day
T11259,Tech_T11259,5,Day
T11260,Tech_T11260,8,Mixed
T11261,Tech_T11261,1,Evening
T11262,Tech_T11262,4,Evening
T11263,Tech_T11263,1,Day
T11264,Tech_T11264,10,Day
T11265,Tech_T11265,4,Evening
T11266,Tech_T11266,5,Mixed
T11267,Tech_T11267,5,Evening
T11268,Tech_T11268,10,Evening
T11269,Tech_T11269,4,Evening
T11270,Tech_T11270,8,Mixed
T11271,Tech_T11271,8,Day
T11272,Tech_T11272,1,Evening
T11273,Tech_T11273,3,Mixed
T11274,Tech_T11274,10,Mixed
T11275,Tech_T11275,6,Evening
T11276,Tech_T11276,3,Evening
T11277,Tech_T11277,5,Mixed
T11278,Tech_T11278,1,Evening
T11279,Tech_T11279,4,Day
T11280,Tech_T11280,5,Day
T11281,Tech_T11281,10,Evening
T11282,Tech_T11282,5,Day
T11283,Tech_T11283,6,Day
T11284,Tech_T11284,4,Mixed
T11285,Tech_T11285,9,Mixed
T11286,Tech_T11286,3,Day
T11287,Tech_T11287,3,Day
T11288,Tech_T11288,4,Evening
T11289,Tech_T11289,1,Mixed
T11290,Tech_T11290,2,Mixed
T11291,Tech_T11291,4,Mixed
T11292,Tech_T11292,5,Day
T11293,Tech_T11293,3,Mixed
T11294,Tech_T11294,7,Evening
T11295,Tech_T11295,9,Mixed
T11296,Tech_T11296,6,Mixed
T11297,Tech_T11297,1,Day
T11298,Tech_T11298,7,Evening
T11299,Tech_T11299,4,Mixed
T11300,Tech_T11300,9,Mixed
T11301,Tech_T11301,5,Day
T11302,Tech_T11302,2,Mixed
T11303,Tech_T11303,5,Day
T11304,Tech_T11304,7,Evening
T11305,Tech_T11305,6,Day
T11306,Tech_T11306,2,Day
T11307,Tech_T11307,7,Evening
T11308,Tech_T11308,8,Day
T11309,Tech_T11309,2,Day
T11310,Tech_T11310,10,Day
T11311,Tech_T11311,2,Day
T11312,Tech_T11312,10,Evening
T11313,Tech_T11313,3,Day
T11314,Tech_T11314,2,Day
T11315,Tech_T11315,10,Day
T11316,Tech_T11316,10,Day
T11317,Tech_T11317,9,Day
T11318,Tech_T11318,10,Day
T11319,Tech_T11319,1,Day
T11320,Tech_T11320,5,Day
T11321,Tech_T11321,4,Evening
T11322,Tech_T11322,1,Day
T11323,Tech_T11323,1,Day
T11324,Tech_T11324,1,Mixed
T11325,Tech_T11325,3,Day
T11326,Tech_T11326,3,Mixed
T11327,Tech_T11327,3,Day
T11328,Tech_T11328,5,Mixed
T11329,Tech_T11329,3,Mixed
T11330,Tech_T11330,3,Evening
T11331,Tech_T11331,10,Mixed
T11332,Tech_T11332,8,Day
T11333,Tech_T11333,8,Mixed
T11334,Tech_T11334,10,Day
T11335,Tech_T11335,4,Evening
T11336,Tech_T11336,9,Evening
T11337,Tech_T11337,5,Evening
T11338,Tech_T11338,4,Day
T11339,Tech_T11339,4,Day
T11340,Tech_T11340,8,Mixed
T11341,Tech_T11341,8,Mixed
T11342,Tech_T11342,9,Day
T11343,Tech_T11343,10,Mixed
T11344,Tech_T11344,4,Evening
T11345,Tech_T11345,1,Day
T11346,Tech_T11346,5,Evening
T11347,Tech_T11347,9,Mixed
T11348,Tech_T11348,10,Mixed
T11349,Tech_T11349,2,Mixed
T11350,Tech_T11350,10,Mixed
T11351,Tech_T11351,2,Evening
T11352,Tech_T11352,6,Day
T11353,Tech_T11353,1,Evening
T11354,Tech_T11354,9,Mixed
T11355,Tech_T11355,8,Day
T11356,Tech_T11356,7,Day
T11357,Tech_T11357,3,Evening
T11358,Tech_T11358,5,Mixed
T11359,Tech_T11359,9,Evening
T11360,Tech_T11360,8,Day
T11361,Tech_T11361,2,Day
T11362,Tech_T11362,8,Evening
T11363,Tech_T11363,2,Evening
T11364,Tech_T11364,4,Evening
T11365,Tech_T11365,2,Evening
T11366,Tech_T11366,9,Mixed
T11367,Tech_T11367,3,Evening
T11368,Tech_T11368,2,Mixed
T11369,Tech_T11369,1,Mixed
T11370,Tech_T11370,9,Mixed
T11371,Tech_T11371,7,Evening
T11372,Tech_T11372,8,Mixed
T11373,Tech_T11373,4,Evening
T11374,Tech_T11374,10,Evening
T11375,Tech_T11375,10,Day
T11376,Tech_T11376,10,Mixed
T11377,Tech_T11377,2,Mixed
T11378,Tech_T11378,4,Day
T11379,Tech_T11379,8,Evening
T11380,Tech_T11380,9,Evening
T11381,Tech_T11381,6,Evening
T11382,Tech_T11382,6,Mixed
T11383,Tech_T11383,8,Mixed
T11384,Tech_T11384,5,Evening
T11385,Tech_T11385,8,Mixed
T11386,Tech_T11386,9,Mixed
T11387,Tech_T11387,10,Mixed
T11388,Tech_T11388,8,Evening
T11389,Tech_T11389,7,Evening
T11390,Tech_T11390,10,Day
T11391,Tech_T11391,2,Evening
T11392,Tech_T11392,6,Evening
T11393,Tech_T11393,4,Day
T11394,Tech_T11394,10,Mixed
T11395,Tech_T11395,1,Evening
T11396,Tech_T11396,5,Day
T11397,Tech_T11397,2,Day
T11398,Tech_T11398,4,Mixed
T11399,Tech_T11399,6,Day
T11400,Tech_T11400,5,Evening
T11401,Tech_T11401,2,Day
T11402,Tech_T11402,1,Day
T11403,Tech_T11403,7,Evening
T11404,Tech_T11404,5,Evening
T11405,Tech_T11405,3,Evening
T11406,Tech_T11406,4,Evening
T11407,Tech_T11407,1,Day
T11408,Tech_T11408,7,Evening
T11409,Tech_T11409,4,Day
T11410,Tech_T11410,2,Day
T11411,Tech_T11411,7,Day
T11412,Tech_T11412,4,Mixed
T11413,Tech_T11413,6,Evening
T11414,Tech_T11414,9,Day
T11415,Tech_T11415,10,Mixed
T11416,Tech_T11416,9,Evening
T11417,Tech_T11417,7,Mixed
T11418,Tech_T11418,7,Day
T11419,Tech_T11419,2,Mixed
T11420,Tech_T11420,2,Mixed
T11421,Tech_T11421,10,Evening
T11422,Tech_T11422,3,Evening
T11423,Tech_T11423,3,Evening
T11424,Tech_T11424,10,Mixed
T11425,Tech_T11425,5,Mixed
T11426,Tech_T11426,5,Day
T11427,Tech_T11427,2,Day
T11428,Tech_T11428,8,Evening
T11429,Tech_T11429,8,Evening
T11430,Tech_T11430,9,Day
T11431,Tech_T11431,7,Mixed
T11432,Tech_T11432,1,Evening
T11433,Tech_T11433,10,Day
T11434,Tech_T11434,5,Day
T11435,Tech_T11435,4,Evening
T11436,Tech_T11436,1,Mixed
T11437,Tech_T11437,2,Evening
T11438,Tech_T11438,3,Mixed
T11439,Tech_T11439,9,Evening
T11440,Tech_T11440,5,Day
T11441,Tech_T11441,8,Day
T11442,Tech_T11442,10,Mixed
T11443,Tech_T11443,10,Day
T11444,Tech_T11444,3,Day
T11445,Tech_T11445,8,Day
T11446,Tech_T11446,4,Evening
T11447,Tech_T11447,8,Day
T11448,Tech_T11448,7,Mixed
T11449,Tech_T11449,6,Mixed
T11450,Tech_T11450,8,Mixed
T11451,Tech_T11451,2,Mixed
T11452,Tech_T11452,4,Evening
T11453,Tech_T11453,4,Mixed
T11454,Tech_T11454,9,Evening
T11455,Tech_T11455,7,Day
T11456,Tech_T11456,7,Mixed
T11457,Tech_T11457,9,Day
T11458,Tech_T11458,9,Day
T11459,Tech_T11459,3,Mixed
T11460,Tech_T11460,7,Day
T11461,Tech_T11461,2,Day
T11462,Tech_T11462,7,Day
T11463,Tech_T11463,10,Mixed
T11464,Tech_T11464,6,Day
T11465,Tech_T11465,6,Evening
T11466,Tech_T11466,3,Evening
T11467,Tech_T11467,5,Day
T11468,Tech_T11468,5,Mixed
T11469,Tech_T11469,6,Evening
T11470,Tech_T11470,9,Day
T11471,Tech_T11471,1,Mixed
T11472,Tech_T11472,9,Mixed
T11473,Tech_T11473,3,Mixed
T11474,Tech_T11474,1,Day
T11475,Tech_T11475,10,Evening
T11476,Tech_T11476,3,Evening
T11477,Tech_T11477,5,Mixed
T11478,Tech_T11478,6,Evening
T11479,Tech_T11479,8,Day
T11480,Tech_T11480,7,Day
T11481,Tech_T11481,3,Evening
T11482,Tech_T11482,7,Evening
T11483,Tech_T11483,3,Evening
T11484,Tech_T11484,4,Evening
T11485,Tech_T11485,7,Evening
T11486,Tech_T11486,9,Day
T11487,Tech_T11487,8,Day
T11488,Tech_T11488,6,Evening
T11489,Tech_T11489,1,Evening
T11490,Tech_T11490,5,Day
T11491,Tech_T11491,6,Day
T11492,Tech_T11492,4,Day
T11493,Tech_T11493,10,Evening
T11494,Tech_T11494,9,Day
T11495,Tech_T11495,10,Mixed
T11496,Tech_T11496,8,Evening
T11497,Tech_T11497,2,Day
T11498,Tech_T11498,1,Day
T11499,Tech_T11499,7,Evening
T11500,Tech_T11500,4,Evening
T11501,Tech_T11501,6,Day
T11502,Tech_T11502,10,Mixed
T11503,Tech_T11503,6,Evening
T11504,Tech_T11504,9,Day
T11505,Tech_T11505,2,Evening
T11506,Tech_T11506,9,Mixed
T11507,Tech_T11507,7,Evening
T11508,Tech_T11508,9,Mixed
T11509,Tech_T11509,10,Day
T11510,Tech_T11510,2,Evening
T11511,Tech_T11511,7,Evening
T11512,Tech_T11512,3,Evening
T11513,Tech_T11513,8,Evening
T11514,Tech_T11514,8,Mixed
T11515,Tech_T11515,9,Mixed
T11516,Tech_T11516,8,Mixed
T11517,Tech_T11517,4,Mixed
T11518,Tech_T11518,10,Day
T11519,Tech_T11519,2,Mixed
T11520,Tech_T11520,7,Day
T11521,Tech_T11521,6,Evening
T11522,Tech_T11522,7,Evening
T11523,Tech_T11523,7,Evening
T11524,Tech_T11524,8,Day
T11525,Tech_T11525,8,Day
T11526,Tech_T11526,5,Evening
T11527,Tech_T11527,2,Evening
T11528,Tech_T11528,7,Day
T11529,Tech_T11529,6,Mixed
T11530,Tech_T11530,8,Mixed
T11531,Tech_T11531,2,Mixed
T11532,Tech_T11532,6,Day
T11533,Tech_T11533,7,Evening
T11534,Tech_T11534,5,Evening
T11535,Tech_T11535,6,Evening
T11536,Tech_T11536,4,Day
T11537,Tech_T11537,2,Mixed
T11538,Tech_T11538,1,Mixed
T11539,Tech_T11539,10,Evening
T11540,Tech_T11540,10,Day
T11541,Tech_T11541,6,Day
T11542,Tech_T11542,10,Day
T11543,Tech_T11543,1,Mixed
T11544,Tech_T11544,1,Evening
T11545,Tech_T11545,1,Day
T11546,Tech_T11546,8,Day
T11547,Tech_T11547,3,Mixed
T11548,Tech_T11548,8,Evening
T11549,Tech_T11549,2,Mixed
T11550,Tech_T11550,5,Mixed
T11551,Tech_T11551,9,Day
T11552,Tech_T11552,6,Mixed
T11553,Tech_T11553,9,Mixed
T11554,Tech_T11554,7,Evening
T11555,Tech_T11555,9,Day
T11556,Tech_T11556,5,Mixed
T11557,Tech_T11557,6,Mixed
T11558,Tech_T11558,9,Mixed
T11559,Tech_T11559,8,Day
T11560,Tech_T11560,7,Evening
T11561,Tech_T11561,8,Mixed
T11562,Tech_T11562,3,Day
T11563,Tech_T11563,9,Mixed
T11564,Tech_T11564,1,Mixed
T11565,Tech_T11565,6,Day
T11566,Tech_T11566,5,Day
T11567,Tech_T11567,9,Evening
T11568,Tech_T11568,7,Day
T11569,Tech_T11569,9,Mixed
T11570,Tech_T11570,2,Evening
T11571,Tech_T11571,1,Day
T11572,Tech_T11572,7,Day
T11573,Tech_T11573,4,Day
T11574,Tech_T11574,10,Day
T11575,Tech_T11575,9,Day
T11576,Tech_T11576,6,Day
T11577,Tech_T11577,3,Day
T11578,Tech_T11578,8,Evening
T11579,Tech_T11579,8,Mixed
T11580,Tech_T11580,2,Day
T11581,Tech_T11581,9,Day
T11582,Tech_T11582,5,Evening
T11583,Tech_T11583,2,Mixed
T11584,Tech_T11584,2,Mixed
T11585,Tech_T11585,6,Evening
T11586,Tech_T11586,7,Evening
T11587,Tech_T11587,10,Evening
T11588,Tech_T11588,9,Evening
T11589,Tech_T11589,7,Evening
T11590,Tech_T11590,5,Day
T11591,Tech_T11591,4,Evening
T11592,Tech_T11592,1,Day
T11593,Tech_T11593,9,Evening
T11594,Tech_T11594,6,Evening
T11595,Tech_T11595,3,Evening
T11596,Tech_T11596,7,Day
T11597,Tech_T11597,5,Mixed
T11598,Tech_T11598,2,Evening
T11599,Tech_T11599,10,Mixed
T11600,Tech_T11600,1,Day
T11601,Tech_T11601,1,Evening
T11602,Tech_T11602,3,Evening
T11603,Tech_T11603,10,Evening
T11604,Tech_T11604,7,Day
T11605,Tech_T11605,2,Day
T11606,Tech_T11606,4,Mixed
T11607,Tech_T11607,2,Day
T11608,Tech_T11608,10,Day
T11609,Tech_T11609,10,Day
T11610,Tech_T11610,10,Evening
T11611,Tech_T11611,2,Mixed
T11612,Tech_T11612,1,Day
T11613,Tech_T11613,9,Evening
T11614,Tech_T11614,7,Evening
T11615,Tech_T11615,3,Day
T11616,Tech_T11616,9,Evening
T11617,Tech_T11617,3,Mixed
T11618,Tech_T11618,3,Evening
T11619,Tech_T11619,9,Day
T11620,Tech_T11620,6,Mixed
T11621,Tech_T11621,7,Day
T11622,Tech_T11622,8,Mixed
T11623,Tech_T11623,9,Mixed
T11624,Tech_T11624,1,Day
T11625,Tech_T11625,4,Day
T11626,Tech_T11626,8,Mixed
T11627,Tech_T11627,3,Day
T11628,Tech_T11628,2,Mixed
T11629,Tech_T11629,6,Day
T11630,Tech_T11630,2,Mixed
T11631,Tech_T11631,7,Day
T11632,Tech_T11632,6,Mixed
T11633,Tech_T11633,5,Day
T11634,Tech_T11634,1,Mixed
T11635,Tech_T11635,4,Day
T11636,Tech_T11636,4,Mixed
T11637,Tech_T11637,3,Evening
T11638,Tech_T11638,2,Mixed
T11639,Tech_T11639,9,Evening
T11640,Tech_T11640,4,Mixed
T11641,Tech_T11641,4,Evening
T11642,Tech_T11642,10,Day
T11643,Tech_T11643,4,Day
T11644,Tech_T11644,7,Mixed
T11645,Tech_T11645,5,Evening
T11646,Tech_T11646,3,Day
T11647,Tech_T11647,1,Mixed
T11648,Tech_T11648,10,Evening
T11649,Tech_T11649,5,Mixed
T11650,Tech_T11650,7,Evening
T11651,Tech_T11651,6,Day
T11652,Tech_T11652,2,Evening
T11653,Tech_T11653,1,Evening
T11654,Tech_T11654,6,Mixed
T11655,Tech_T11655,1,Mixed
T11656,Tech_T11656,9,Day
T11657,Tech_T11657,8,Mixed
T11658,Tech_T11658,10,Evening
T11659,Tech_T11659,8,Evening
T11660,Tech_T11660,2,Day
T11661,Tech_T11661,1,Evening
T11662,Tech_T11662,3,Mixed
T11663,Tech_T11663,5,Mixed
T11664,Tech_T11664,4,Mixed
T11665,Tech_T11665,6,Mixed
T11666,Tech_T11666,6,Evening
T11667,Tech_T11667,5,Evening
T11668,Tech_T11668,3,Day
T11669,Tech_T11669,6,Evening
T11670,Tech_T11670,9,Day
T11671,Tech_T11671,8,Day
T11672,Tech_T11672,9,Day
T11673,Tech_T11673,10,Mixed
T11674,Tech_T11674,8,Mixed
T11675,Tech_T11675,4,Mixed
T11676,Tech_T11676,10,Mixed
T11677,Tech_T11677,10,Evening
T11678,Tech_T11678,4,Evening
T11679,Tech_T11679,4,Day
T11680,Tech_T11680,8,Evening
T11681,Tech_T11681,4,Mixed
T11682,Tech_T11682,6,Mixed
T11683,Tech_T11683,5,Mixed
T11684,Tech_T11684,2,Mixed
T11685,Tech_T11685,10,Day
T11686,Tech_T11686,2,Day
T11687,Tech_T11687,2,Evening
T11688,Tech_T11688,4,Mixed
T11689,Tech_T11689,10,Mixed
T11690,Tech_T11690,9,Evening
T11691,Tech_T11691,5,Mixed
T11692,Tech_T11692,3,Mixed
T11693,Tech_T11693,3,Day
T11694,Tech_T11694,6,Day
T11695,Tech_T11695,10,Day
T11696,Tech_T11696,5,Mixed
T11697,Tech_T11697,5,Mixed
T11698,Tech_T11698,9,Day
T11699,Tech_T11699,4,Mixed
T11700,Tech_T11700,7,Day
T11701,Tech_T11701,1,Day
T11702,Tech_T11702,3,Day
T11703,Tech_T11703,4,Mixed
T11704,Tech_T11704,7,Mixed
T11705,Tech_T11705,3,Mixed
T11706,Tech_T11706,6,Day
T11707,Tech_T11707,7,Day
T11708,Tech_T11708,5,Evening
T11709,Tech_T11709,8,Day
T11710,Tech_T11710,6,Day
T11711,Tech_T11711,7,Mixed
T11712,Tech_T11712,8,Evening
T11713,Tech_T11713,9,Mixed
T11714,Tech_T11714,6,Mixed
T11715,Tech_T11715,6,Day
T11716,Tech_T11716,7,Evening
T11717,Tech_T11717,5,Evening
T11718,Tech_T11718,1,Evening
T11719,Tech_T11719,5,Day
T11720,Tech_T11720,9,Evening
T11721,Tech_T11721,10,Mixed
T11722,Tech_T11722,3,Day
T11723,Tech_T11723,2,Day
T11724,Tech_T11724,10,Mixed
T11725,Tech_T11725,5,Day
T11726,Tech_T11726,6,Evening
T11727,Tech_T11727,8,Evening
T11728,Tech_T11728,6,Mixed
T11729,Tech_T11729,8,Mixed
T11730,Tech_T11730,6,Mixed
T11731,Tech_T11731,1,Evening
T11732,Tech_T11732,5,Mixed
T11733,Tech_T11733,7,Mixed
T11734,Tech_T11734,6,Day
T11735,Tech_T11735,3,Mixed
T11736,Tech_T11736,10,Evening
T11737,Tech_T11737,6,Day
T11738,Tech_T11738,6,Evening
T11739,Tech_T11739,4,Day
T11740,Tech_T11740,2,Mixed
T11741,Tech_T11741,8,Day
T11742,Tech_T11742,7,Mixed
T11743,Tech_T11743,4,Day
T11744,Tech_T11744,1,Evening
T11745,Tech_T11745,5,Mixed
T11746,Tech_T11746,8,Evening
T11747,Tech_T11747,2,Mixed
T11748,Tech_T11748,2,Mixed
T11749,Tech_T11749,3,Mixed
T11750,Tech_T11750,5,Mixed
T11751,Tech_T11751,8,Evening
T11752,Tech_T11752,10,Evening
T11753,Tech_T11753,3,Mixed
T11754,Tech_T11754,7,Evening
T11755,Tech_T11755,5,Mixed
T11756,Tech_T11756,6,Mixed
T11757,Tech_T11757,10,Day
T11758,Tech_T11758,8,Mixed
T11759,Tech_T11759,1,Day
T11760,Tech_T11760,9,Evening
T11761,Tech_T11761,8,Day
T11762,Tech_T11762,3,Mixed
T11763,Tech_T11763,3,Evening
T11764,Tech_T11764,9,Day
T11765,Tech_T11765,10,Evening
T11766,Tech_T11766,1,Mixed
T11767,Tech_T11767,10,Evening
T11768,Tech_T11768,4,Day
T11769,Tech_T11769,1,Evening
T11770,Tech_T11770,1,Day
T11771,Tech_T11771,1,Mixed
T11772,Tech_T11772,4,Mixed
T11773,Tech_T11773,1,Day
T11774,Tech_T11774,1,Mixed
T11775,Tech_T11775,7,Mixed
T11776,Tech_T11776,9,Evening
T11777,Tech_T11777,6,Evening
T11778,Tech_T11778,10,Mixed
T11779,Tech_T11779,5,Evening
T11780,Tech_T11780,4,Evening
T11781,Tech_T11781,8,Mixed
T11782,Tech_T11782,3,Mixed
T11783,Tech_T11783,2,Mixed
T11784,Tech_T11784,7,Mixed
T11785,Tech_T11785,3,Mixed
T11786,Tech_T11786,3,Day
T11787,Tech_T11787,2,Mixed
T11788,Tech_T11788,8,Mixed
T11789,Tech_T11789,5,Day
T11790,Tech_T11790,9,Mixed
T11791,Tech_T11791,6,Mixed
T11792,Tech_T11792,10,Day
T11793,Tech_T11793,6,Evening
T11794,Tech_T11794,3,Day
T11795,Tech_T11795,8,Evening
T11796,Tech_T11796,6,Mixed
T11797,Tech_T11797,3,Evening
T11798,Tech_T11798,8,Day
T11799,Tech_T11799,6,Mixed
T11800,Tech_T11800,3,Mixed
T11801,Tech_T11801,3,Evening
T11802,Tech_T11802,7,Mixed
T11803,Tech_T11803,5,Mixed
T11804,Tech_T11804,7,Mixed
T11805,Tech_T11805,7,Evening
T11806,Tech_T11806,9,Day
T11807,Tech_T11807,8,Day
T11808,Tech_T11808,8,Day
T11809,Tech_T11809,5,Day
T11810,Tech_T11810,3,Evening
T11811,Tech_T11811,7,Mixed
T11812,Tech_T11812,3,Mixed
T11813,Tech_T11813,10,Mixed
T11814,Tech_T11814,1,Mixed
T11815,Tech_T11815,9,Day
T11816,Tech_T11816,10,Evening
T11817,Tech_T11817,7,Evening
T11818,Tech_T11818,8,Evening
T11819,Tech_T11819,1,Mixed
T11820,Tech_T11820,6,Day
T11821,Tech_T11821,5,Evening
T11822,Tech_T11822,10,Evening
T11823,Tech_T11823,9,Evening
T11824,Tech_T11824,4,Evening
T11825,Tech_T11825,3,Day
T11826,Tech_T11826,4,Evening
T11827,Tech_T11827,8,Day
T11828,Tech_T11828,9,Mixed
T11829,Tech_T11829,8,Mixed
T11830,Tech_T11830,8,Mixed
T11831,Tech_T11831,10,Evening
T11832,Tech_T11832,10,Mixed
T11833,Tech_T11833,8,Evening
T11834,Tech_T11834,7,Mixed
T11835,Tech_T11835,7,Evening
T11836,Tech_T11836,2,Mixed
T11837,Tech_T11837,9,Evening
T11838,Tech_T11838,1,Mixed
T11839,Tech_T11839,10,Mixed
T11840,Tech_T11840,5,Day
T11841,Tech_T11841,5,Mixed
T11842,Tech_T11842,9,Evening
T11843,Tech_T11843,6,Day
T11844,Tech_T11844,8,Day
T11845,Tech_T11845,5,Mixed
T11846,Tech_T11846,9,Mixed
T11847,Tech_T11847,4,Mixed
T11848,Tech_T11848,4,Mixed
T11849,Tech_T11849,4,Evening
T11850,Tech_T11850,6,Evening
T11851,Tech_T11851,2,Mixed
T11852,Tech_T11852,7,Mixed
T11853,Tech_T11853,8,Mixed
T11854,Tech_T11854,5,Mixed
T11855,Tech_T11855,9,Day
T11856,Tech_T11856,10,Mixed
T11857,Tech_T11857,9,Evening
T11858,Tech_T11858,3,Day
T11859,Tech_T11859,6,Day
T11860,Tech_T11860,1,Evening
T11861,Tech_T11861,10,Mixed
T11862,Tech_T11862,2,Mixed
T11863,Tech_T11863,10,Evening
T11864,Tech_T11864,8,Evening
T11865,Tech_T11865,2,Day
T11866,Tech_T11866,6,Mixed
T11867,Tech_T11867,4,Day
T11868,Tech_T11868,8,Day
T11869,Tech_T11869,8,Evening
T11870,Tech_T11870,10,Day
T11871,Tech_T11871,4,Mixed
T11872,Tech_T11872,1,Evening
T11873,Tech_T11873,5,Day
T11874,Tech_T11874,3,Day
T11875,Tech_T11875,8,Evening
T11876,Tech_T11876,1,Mixed
T11877,Tech_T11877,3,Mixed
T11878,Tech_T11878,3,Day
T11879,Tech_T11879,2,Mixed
T11880,Tech_T11880,9,Evening
T11881,Tech_T11881,10,Evening
T11882,Tech_T11882,6,Evening
T11883,Tech_T11883,10,Day
T11884,Tech_T11884,6,Day
T11885,Tech_T11885,6,Evening
T11886,Tech_T11886,8,Mixed
T11887,Tech_T11887,4,Evening
T11888,Tech_T11888,10,Evening
T11889,Tech_T11889,10,Mixed
T11890,Tech_T11890,7,Day
T11891,Tech_T11891,1,Mixed
T11892,Tech_T11892,9,Mixed
T11893,Tech_T11893,10,Evening
T11894,Tech_T11894,4,Day
T11895,Tech_T11895,2,Mixed
T11896,Tech_T11896,3,Day
T11897,Tech_T11897,9,Evening
T11898,Tech_T11898,3,Mixed
T11899,Tech_T11899,7,Evening
T11900,Tech_T11900,6,Day
T11901,Tech_T11901,7,Mixed
T11902,Tech_T11902,1,Day
T11903,Tech_T11903,8,Day
T11904,Tech_T11904,8,Evening
T11905,Tech_T11905,10,Mixed
T11906,Tech_T11906,4,Evening
T11907,Tech_T11907,10,Evening
T11908,Tech_T11908,1,Mixed
T11909,Tech_T11909,6,Day
T11910,Tech_T11910,9,Day
T11911,Tech_T11911,2,Evening
T11912,Tech_T11912,4,Day
T11913,Tech_T11913,9,Evening
T11914,Tech_T11914,6,Evening
T11915,Tech_T11915,5,Mixed
T11916,Tech_T11916,1,Day
T11917,Tech_T11917,10,Day
T11918,Tech_T11918,2,Day
T11919,Tech_T11919,2,Day
T11920,Tech_T11920,8,Day
T11921,Tech_T11921,2,Day
T11922,Tech_T11922,8,Mixed
T11923,Tech_T11923,3,Mixed
T11924,Tech_T11924,7,Evening
T11925,Tech_T11925,5,Mixed
T11926,Tech_T11926,6,Day
T11927,Tech_T11927,7,Evening
T11928,Tech_T11928,3,Day
T11929,Tech_T11929,2,Mixed
T11930,Tech_T11930,4,Day
T11931,Tech_T11931,5,Mixed
T11932,Tech_T11932,9,Mixed
T11933,Tech_T11933,4,Day
T11934,Tech_T11934,5,Mixed
T11935,Tech_T11935,8,Evening
T11936,Tech_T11936,3,Day
T11937,Tech_T11937,2,Day
T11938,Tech_T11938,9,Day
T11939,Tech_T11939,8,Mixed
T11940,Tech_T11940,4,Mixed
T11941,Tech_T11941,6,Day
T11942,Tech_T11942,10,Evening
T11943,Tech_T11943,1,Mixed
T11944,Tech_T11944,8,Evening
T11945,Tech_T11945,9,Evening
T11946,Tech_T11946,6,Day
T11947,Tech_T11947,8,Evening
T11948,Tech_T11948,5,Day
T11949,Tech_T11949,3,Day
T11950,Tech_T11950,5,Evening
T11951,Tech_T11951,1,Mixed
T11952,Tech_T11952,7,Mixed
T11953,Tech_T11953,3,Mixed
T11954,Tech_T11954,3,Mixed
T11955,Tech_T11955,4,Evening
T11956,Tech_T11956,8,Mixed
T11957,Tech_T11957,9,Evening
T11958,Tech_T11958,3,Day
T11959,Tech_T11959,5,Mixed
T11960,Tech_T11960,9,Mixed
T11961,Tech_T11961,4,Mixed
T11962,Tech_T11962,7,Day
T11963,Tech_T11963,5,Evening
T11964,Tech_T11964,8,Evening
T11965,Tech_T11965,6,Day
T11966,Tech_T11966,5,Mixed
T11967,Tech_T11967,2,Day
T11968,Tech_T11968,10,Evening
T11969,Tech_T11969,7,Day
T11970,Tech_T11970,3,Evening
T11971,Tech_T11971,8,Evening
T11972,Tech_T11972,10,Mixed
T11973,Tech_T11973,3,Mixed
T11974,Tech_T11974,10,Day
T11975,Tech_T11975,6,Evening
T11976,Tech_T11976,1,Mixed
T11977,Tech_T11977,4,Day
T11978,Tech_T11978,3,Day
T11979,Tech_T11979,6,Evening
T11980,Tech_T11980,8,Evening
T11981,Tech_T11981,5,Day
T11982,Tech_T11982,3,Evening
T11983,Tech_T11983,1,Mixed
T11984,Tech_T11984,5,Evening
T11985,Tech_T11985,4,Mixed
T11986,Tech_T11986,10,Mixed
T11987,Tech_T11987,4,Mixed
T11988,Tech_T11988,10,Day
T11989,Tech_T11989,4,Mixed
T11990,Tech_T11990,2,Day
T11991,Tech_T11991,10,Day
T11992,Tech_T11992,4,Day
T11993,Tech_T11993,3,Evening
T11994,Tech_T11994,9,Evening
T11995,Tech_T11995,6,Mixed
T11996,Tech_T11996,10,Mixed
T11997,Tech_T11997,8,Day
T11998,Tech_T11998,9,Day
T11999,Tech_T11999,1,Evening
T12000,Tech_T12000,5,Mixed
T12001,Tech_T12001,2,Day
T12002,Tech_T12002,9,Evening
T12003,Tech_T12003,3,Evening
T12004,Tech_T12004,4,Mixed
T12005,Tech_T12005,10,Evening
T12006,Tech_T12006,3,Evening
T12007,Tech_T12007,8,Mixed
T12008,Tech_T12008,5,Mixed
T12009,Tech_T12009,5,Evening
T12010,Tech_T12010,7,Mixed
T12011,Tech_T12011,10,Day
T12012,Tech_T12012,1,Mixed
T12013,Tech_T12013,9,Day
T12014,Tech_T12014,6,Day
T12015,Tech_T12015,3,Day
T12016,Tech_T12016,10,Evening
T12017,Tech_T12017,3,Evening
T12018,Tech_T12018,3,Evening
T12019,Tech_T12019,7,Day
T12020,Tech_T12020,8,Evening
T12021,Tech_T12021,3,Mixed
T12022,Tech_T12022,7,Mixed
T12023,Tech_T12023,8,Evening
T12024,Tech_T12024,5,Evening
T12025,Tech_T12025,9,Day
T12026,Tech_T12026,5,Mixed
T12027,Tech_T12027,1,Day
T12028,Tech_T12028,6,Mixed
T12029,Tech_T12029,1,Day
T12030,Tech_T12030,8,Mixed
T12031,Tech_T12031,10,Evening
T12032,Tech_T12032,2,Evening
T12033,Tech_T12033,3,Mixed
T12034,Tech_T12034,4,Evening
T12035,Tech_T12035,3,Mixed
T12036,Tech_T12036,8,Mixed
T12037,Tech_T12037,6,Mixed
T12038,Tech_T12038,2,Evening
T12039,Tech_T12039,1,Mixed
T12040,Tech_T12040,3,Evening
T12041,Tech_T12041,4,Evening
T12042,Tech_T12042,10,Mixed
T12043,Tech_T12043,6,Day
T12044,Tech_T12044,4,Mixed
T12045,Tech_T12045,6,Mixed
T12046,Tech_T12046,4,Evening
T12047,Tech_T12047,2,Mixed
T12048,Tech_T12048,8,Mixed
T12049,Tech_T12049,9,Day
T12050,Tech_T12050,5,Evening
T12051,Tech_T12051,9,Evening
T12052,Tech_T12052,4,Evening
T12053,Tech_T12053,3,Evening
T12054,Tech_T12054,3,Evening
T12055,Tech_T12055,9,Day
T12056,Tech_T12056,3,Mixed
T12057,Tech_T12057,6,Day
T12058,Tech_T12058,7,Day
T12059,Tech_T12059,10,Day
T12060,Tech_T12060,10,Mixed
T12061,Tech_T12061,2,Evening
T12062,Tech_T12062,8,Day
T12063,Tech_T12063,8,Evening
T12064,Tech_T12064,6,Mixed
T12065,Tech_T12065,4,Evening
T12066,Tech_T12066,4,Evening
T12067,Tech_T12067,8,Evening
T12068,Tech_T12068,1,Evening
T12069,Tech_T12069,8,Evening
T12070,Tech_T12070,2,Mixed
T12071,Tech_T12071,9,Evening
T12072,Tech_T12072,3,Mixed
T12073,Tech_T12073,1,Mixed
T12074,Tech_T12074,5,Evening
T12075,Tech_T12075,10,Day
T12076,Tech_T12076,2,Mixed
T12077,Tech_T12077,7,Mixed
T12078,Tech_T12078,3,Evening
T12079,Tech_T12079,7,Evening
T12080,Tech_T12080,10,Evening
T12081,Tech_T12081,10,Day
T12082,Tech_T12082,1,Evening
T12083,Tech_T12083,10,Evening
T12084,Tech_T12084,10,Mixed
T12085,Tech_T12085,5,Day
T12086,Tech_T12086,1,Evening
T12087,Tech_T12087,4,Day
T12088,Tech_T12088,2,Evening
T12089,Tech_T12089,8,Mixed
T12090,Tech_T12090,9,Mixed
T12091,Tech_T12091,5,Day
T12092,Tech_T12092,9,Day
T12093,Tech_T12093,2,Day
T12094,Tech_T12094,9,Day
T12095,Tech_T12095,6,Mixed
T12096,Tech_T12096,6,Evening
T12097,Tech_T12097,9,Evening
T12098,Tech_T12098,5,Mixed
T12099,Tech_T12099,4,Mixed
T12100,Tech_T12100,5,Day
T12101,Tech_T12101,4,Evening
T12102,Tech_T12102,3,Evening
T12103,Tech_T12103,7,Day
T12104,Tech_T12104,7,Evening
T12105,Tech_T12105,1,Evening
T12106,Tech_T12106,10,Day
T12107,Tech_T12107,3,Mixed
T12108,Tech_T12108,4,Mixed
T12109,Tech_T12109,9,Evening
T12110,Tech_T12110,2,Evening
T12111,Tech_T12111,7,Mixed
T12112,Tech_T12112,7,Evening
T12113,Tech_T12113,4,Evening
T12114,Tech_T12114,7,Evening
T12115,Tech_T12115,10,Mixed
T12116,Tech_T12116,9,Evening
T12117,Tech_T12117,9,Evening
T12118,Tech_T12118,2,Mixed
T12119,Tech_T12119,10,Evening
T12120,Tech_T12120,4,Mixed
T12121,Tech_T12121,3,Evening
T12122,Tech_T12122,5,Evening
T12123,Tech_T12123,9,Day
T12124,Tech_T12124,2,Evening
T12125,Tech_T12125,9,Day
T12126,Tech_T12126,6,Day
T12127,Tech_T12127,6,Evening
T12128,Tech_T12128,10,Day
T12129,Tech_T12129,5,Day
T12130,Tech_T12130,1,Evening
T12131,Tech_T12131,9,Evening
T12132,Tech_T12132,3,Mixed
T12133,Tech_T12133,4,Mixed
T12134,Tech_T12134,7,Day
T12135,Tech_T12135,9,Evening
T12136,Tech_T12136,9,Evening
T12137,Tech_T12137,9,Mixed
T12138,Tech_T12138,2,Day
T12139,Tech_T12139,8,Evening
T12140,Tech_T12140,8,Evening
T12141,Tech_T12141,2,Evening
T12142,Tech_T12142,4,Mixed
T12143,Tech_T12143,1,Evening
T12144,Tech_T12144,6,Evening
T12145,Tech_T12145,10,Mixed
T12146,Tech_T12146,8,Mixed
T12147,Tech_T12147,5,Evening
T12148,Tech_T12148,6,Evening
T12149,Tech_T12149,8,Evening
T12150,Tech_T12150,1,Day
T12151,Tech_T12151,10,Mixed
T12152,Tech_T12152,4,Mixed
T12153,Tech_T12153,1,Mixed
T12154,Tech_T12154,8,Day
T12155,Tech_T12155,4,Evening
T12156,Tech_T12156,10,Mixed
T12157,Tech_T12157,2,Evening
T12158,Tech_T12158,9,Day
T12159,Tech_T12159,7,Evening
T12160,Tech_T12160,9,Mixed
T12161,Tech_T12161,2,Day
T12162,Tech_T12162,10,Day
T12163,Tech_T12163,5,Day
T12164,Tech_T12164,4,Mixed
T12165,Tech_T12165,3,Mixed
T12166,Tech_T12166,2,Mixed
T12167,Tech_T12167,5,Evening
T12168,Tech_T12168,8,Mixed
T12169,Tech_T12169,3,Evening
T12170,Tech_T12170,5,Mixed
T12171,Tech_T12171,3,Day
T12172,Tech_T12172,9,Evening
T12173,Tech_T12173,7,Mixed
T12174,Tech_T12174,8,Evening
T12175,Tech_T12175,7,Evening
T12176,Tech_T12176,3,Evening
T12177,Tech_T12177,7,Day
T12178,Tech_T12178,9,Day
T12179,Tech_T12179,9,Day
T12180,Tech_T12180,10,Day
T12181,Tech_T12181,10,Mixed
T12182,Tech_T12182,8,Mixed
T12183,Tech_T12183,1,Evening
T12184,Tech_T12184,9,Evening
T12185,Tech_T12185,8,Evening
T12186,Tech_T12186,6,Evening
T12187,Tech_T12187,3,Day
T12188,Tech_T12188,10,Evening
T12189,Tech_T12189,3,Day
T12190,Tech_T12190,8,Mixed
T12191,Tech_T12191,2,Day
T12192,Tech_T12192,6,Mixed
T12193,Tech_T12193,5,Day
T12194,Tech_T12194,2,Mixed
T12195,Tech_T12195,10,Evening
T12196,Tech_T12196,1,Mixed
T12197,Tech_T12197,1,Mixed
T12198,Tech_T12198,2,Mixed
T12199,Tech_T12199,10,Evening
T12200,Tech_T12200,5,Mixed
T12201,Tech_T12201,10,Day
T12202,Tech_T12202,2,Mixed
T12203,Tech_T12203,9,Mixed
T12204,Tech_T12204,5,Day
T12205,Tech_T12205,9,Mixed
T12206,Tech_T12206,2,Mixed
T12207,Tech_T12207,10,Day
T12208,Tech_T12208,8,Day
T12209,Tech_T12209,4,Mixed
T12210,Tech_T12210,2,Day
T12211,Tech_T12211,4,Mixed
T12212,Tech_T12212,5,Mixed
T12213,Tech_T12213,5,Evening
T12214,Tech_T12214,6,Evening
T12215,Tech_T12215,7,Day
T12216,Tech_T12216,1,Evening
T12217,Tech_T12217,10,Mixed
T12218,Tech_T12218,2,Evening
T12219,Tech_T12219,1,Day
T12220,Tech_T12220,3,Day
T12221,Tech_T12221,3,Mixed
T12222,Tech_T12222,9,Evening
T12223,Tech_T12223,2,Day
T12224,Tech_T12224,5,Day
T12225,Tech_T12225,3,Day
T12226,Tech_T12226,7,Mixed
T12227,Tech_T12227,3,Evening
T12228,Tech_T12228,1,Day
T12229,Tech_T12229,6,Day
T12230,Tech_T12230,5,Mixed
T12231,Tech_T12231,3,Day
T12232,Tech_T12232,9,Mixed
T12233,Tech_T12233,7,Mixed
T12234,Tech_T12234,2,Mixed
T12235,Tech_T12235,3,Day
T12236,Tech_T12236,1,Mixed
T12237,Tech_T12237,6,Day
T12238,Tech_T12238,8,Evening
T12239,Tech_T12239,3,Evening
T12240,Tech_T12240,7,Day
T12241,Tech_T12241,8,Day
T12242,Tech_T12242,2,Evening
T12243,Tech_T12243,6,Mixed
T12244,Tech_T12244,6,Day
T12245,Tech_T12245,4,Day
T12246,Tech_T12246,8,Evening
T12247,Tech_T12247,3,Day
T12248,Tech_T12248,2,Mixed
T12249,Tech_T12249,6,Mixed
T12250,Tech_T12250,5,Mixed
T12251,Tech_T12251,3,Mixed
T12252,Tech_T12252,9,Evening
T12253,Tech_T12253,6,Mixed
T12254,Tech_T12254,2,Mixed
T12255,Tech_T12255,2,Mixed
T12256,Tech_T12256,10,Evening
T12257,Tech_T12257,3,Mixed
T12258,Tech_T12258,6,Mixed
T12259,Tech_T12259,4,Mixed
T12260,Tech_T12260,9,Evening
T12261,Tech_T12261,4,Mixed
T12262,Tech_T12262,4,Mixed
T12263,Tech_T12263,8,Day
T12264,Tech_T12264,4,Mixed
T12265,Tech_T12265,1,Evening
T12266,Tech_T12266,5,Evening
T12267,Tech_T12267,4,Day
T12268,Tech_T12268,6,Evening
T12269,Tech_T12269,7,Day
T12270,Tech_T12270,4,Day
T12271,Tech_T12271,1,Mixed
T12272,Tech_T12272,5,Mixed
T12273,Tech_T12273,7,Evening
T12274,Tech_T12274,8,Mixed
T12275,Tech_T12275,5,Mixed
T12276,Tech_T12276,5,Evening
T12277,Tech_T12277,10,Evening
T12278,Tech_T12278,6,Mixed
T12279,Tech_T12279,10,Evening
T12280,Tech_T12280,1,Day
T12281,Tech_T12281,10,Evening
T12282,Tech_T12282,8,Day
T12283,Tech_T12283,8,Mixed
T12284,Tech_T12284,9,Mixed
T12285,Tech_T12285,2,Mixed
T12286,Tech_T12286,6,Mixed
T12287,Tech_T12287,2,Mixed
T12288,Tech_T12288,4,Mixed
T12289,Tech_T12289,2,Evening
T12290,Tech_T12290,7,Day
T12291,Tech_T12291,2,Mixed
T12292,Tech_T12292,7,Day
T12293,Tech_T12293,10,Evening
T12294,Tech_T12294,9,Mixed
T12295,Tech_T12295,10,Mixed
T12296,Tech_T12296,2,Mixed
T12297,Tech_T12297,2,Day
T12298,Tech_T12298,9,Day
T12299,Tech_T12299,7,Day
T12300,Tech_T12300,4,Evening
T12301,Tech_T12301,5,Mixed
T12302,Tech_T12302,10,Mixed
T12303,Tech_T12303,3,Evening
T12304,Tech_T12304,3,Day
T12305,Tech_T12305,1,Mixed
T12306,Tech_T12306,5,Evening
T12307,Tech_T12307,7,Evening
T12308,Tech_T12308,9,Day
T12309,Tech_T12309,1,Day
T12310,Tech_T12310,7,Mixed
T12311,Tech_T12311,10,Evening
T12312,Tech_T12312,7,Mixed
T12313,Tech_T12313,2,Mixed
T12314,Tech_T12314,8,Day
T12315,Tech_T12315,6,Mixed
T12316,Tech_T12316,3,Mixed
T12317,Tech_T12317,2,Evening
T12318,Tech_T12318,2,Evening
T12319,Tech_T12319,9,Mixed
T12320,Tech_T12320,3,Evening
T12321,Tech_T12321,2,Mixed
T12322,Tech_T12322,7,Evening
T12323,Tech_T12323,9,Mixed
T12324,Tech_T12324,1,Evening
T12325,Tech_T12325,1,Day
T12326,Tech_T12326,9,Mixed
T12327,Tech_T12327,3,Mixed
T12328,Tech_T12328,7,Day
T12329,Tech_T12329,9,Day
T12330,Tech_T12330,9,Evening
T12331,Tech_T12331,7,Mixed
T12332,Tech_T12332,1,Day
T12333,Tech_T12333,10,Day
T12334,Tech_T12334,3,Evening
T12335,Tech_T12335,10,Mixed
T12336,Tech_T12336,3,Day
T12337,Tech_T12337,5,Evening
T12338,Tech_T12338,9,Day
T12339,Tech_T12339,8,Evening
T12340,Tech_T12340,5,Day
T12341,Tech_T12341,8,Mixed
T12342,Tech_T12342,4,Day
T12343,Tech_T12343,8,Day
T12344,Tech_T12344,8,Mixed
T12345,Tech_T12345,9,Mixed
T12346,Tech_T12346,5,Evening
T12347,Tech_T12347,3,Evening
T12348,Tech_T12348,4,Mixed
T12349,Tech_T12349,9,Evening
T12350,Tech_T12350,5,Day
T12351,Tech_T12351,10,Day
T12352,Tech_T12352,6,Evening
T12353,Tech_T12353,10,Mixed
T12354,Tech_T12354,6,Day
T12355,Tech_T12355,4,Mixed
T12356,Tech_T12356,5,Evening
T12357,Tech_T12357,9,Evening
T12358,Tech_T12358,10,Mixed
T12359,Tech_T12359,5,Day
T12360,Tech_T12360,2,Evening
T12361,Tech_T12361,1,Evening
T12362,Tech_T12362,2,Evening
T12363,Tech_T12363,10,Day
T12364,Tech_T12364,4,Mixed
T12365,Tech_T12365,7,Evening
T12366,Tech_T12366,9,Day
T12367,Tech_T12367,2,Day
T12368,Tech_T12368,3,Mixed
T12369,Tech_T12369,5,Mixed
T12370,Tech_T12370,3,Evening
T12371,Tech_T12371,9,Day
T12372,Tech_T12372,4,Mixed
T12373,Tech_T12373,6,Day
T12374,Tech_T12374,1,Day
T12375,Tech_T12375,5,Evening
T12376,Tech_T12376,1,Mixed
T12377,Tech_T12377,10,Mixed
T12378,Tech_T12378,9,Evening
T12379,Tech_T12379,4,Day
T12380,Tech_T12380,6,Mixed
T12381,Tech_T12381,3,Day
T12382,Tech_T12382,10,Day
T12383,Tech_T12383,6,Day
T12384,Tech_T12384,3,Evening
T12385,Tech_T12385,1,Evening
T12386,Tech_T12386,9,Mixed
T12387,Tech_T12387,7,Mixed
T12388,Tech_T12388,1,Mixed
T12389,Tech_T12389,9,Mixed
T12390,Tech_T12390,4,Evening
T12391,Tech_T12391,9,Day
T12392,Tech_T12392,2,Day
T12393,Tech_T12393,4,Evening
T12394,Tech_T12394,4,Day
T12395,Tech_T12395,6,Evening
T12396,Tech_T12396,6,Mixed
T12397,Tech_T12397,6,Day
T12398,Tech_T12398,6,Day
T12399,Tech_T12399,8,Mixed
T12400,Tech_T12400,1,Evening
T12401,Tech_T12401,8,Mixed
T12402,Tech_T12402,6,Evening
T12403,Tech_T12403,8,Mixed
T12404,Tech_T12404,8,Mixed
T12405,Tech_T12405,8,Day
T12406,Tech_T12406,2,Day
T12407,Tech_T12407,4,Evening
T12408,Tech_T12408,2,Day
T12409,Tech_T12409,2,Mixed
T12410,Tech_T12410,10,Mixed
T12411,Tech_T12411,5,Day
T12412,Tech_T12412,6,Day
T12413,Tech_T12413,4,Mixed
T12414,Tech_T12414,5,Day
T12415,Tech_T12415,7,Day
T12416,Tech_T12416,10,Evening
T12417,Tech_T12417,6,Day
T12418,Tech_T12418,7,Evening
T12419,Tech_T12419,7,Day
T12420,Tech_T12420,2,Day
T12421,Tech_T12421,8,Day
T12422,Tech_T12422,6,Mixed
T12423,Tech_T12423,1,Day
T12424,Tech_T12424,3,Mixed
T12425,Tech_T12425,5,Evening
T12426,Tech_T12426,1,Evening
T12427,Tech_T12427,6,Day
T12428,Tech_T12428,9,Mixed
T12429,Tech_T12429,3,Mixed
T12430,Tech_T12430,3,Mixed
T12431,Tech_T12431,4,Day
T12432,Tech_T12432,6,Evening
T12433,Tech_T12433,6,Evening
T12434,Tech_T12434,2,Mixed
T12435,Tech_T12435,9,Evening
T12436,Tech_T12436,1,Day
T12437,Tech_T12437,1,Evening
T12438,Tech_T12438,5,Evening
T12439,Tech_T12439,3,Mixed
T12440,Tech_T12440,5,Evening
T12441,Tech_T12441,2,Mixed
T12442,Tech_T12442,2,Mixed
T12443,Tech_T12443,10,Mixed
T12444,Tech_T12444,6,Mixed
T12445,Tech_T12445,10,Evening
T12446,Tech_T12446,2,Mixed
T12447,Tech_T12447,6,Evening
T12448,Tech_T12448,9,Evening
T12449,Tech_T12449,7,Evening
T12450,Tech_T12450,3,Mixed
T12451,Tech_T12451,4,Mixed
T12452,Tech_T12452,4,Evening
T12453,Tech_T12453,5,Mixed
T12454,Tech_T12454,10,Evening
T12455,Tech_T12455,8,Evening
T12456,Tech_T12456,9,Day
T12457,Tech_T12457,5,Mixed
T12458,Tech_T12458,4,Mixed
T12459,Tech_T12459,8,Day
T12460,Tech_T12460,7,Day
T12461,Tech_T12461,3,Mixed
T12462,Tech_T12462,9,Mixed
T12463,Tech_T12463,1,Evening
T12464,Tech_T12464,1,Evening
T12465,Tech_T12465,6,Day
T12466,Tech_T12466,7,Evening
T12467,Tech_T12467,6,Day
T12468,Tech_T12468,6,Mixed
T12469,Tech_T12469,8,Day
T12470,Tech_T12470,3,Evening
T12471,Tech_T12471,4,Evening
T12472,Tech_T12472,10,Mixed
T12473,Tech_T12473,1,Evening
T12474,Tech_T12474,4,Mixed
T12475,Tech_T12475,6,Mixed
T12476,Tech_T12476,3,Day
T12477,Tech_T12477,9,Day
T12478,Tech_T12478,2,Day
T12479,Tech_T12479,3,Evening
T12480,Tech_T12480,9,Day
T12481,Tech_T12481,10,Evening
T12482,Tech_T12482,8,Mixed
T12483,Tech_T12483,6,Day
T12484,Tech_T12484,4,Day
T12485,Tech_T12485,3,Evening
T12486,Tech_T12486,5,Evening
T12487,Tech_T12487,8,Mixed
T12488,Tech_T12488,7,Mixed
T12489,Tech_T12489,4,Mixed
T12490,Tech_T12490,3,Evening
T12491,Tech_T12491,5,Day
T12492,Tech_T12492,2,Day
T12493,Tech_T12493,1,Mixed
T12494,Tech_T12494,2,Day
T12495,Tech_T12495,6,Day
T12496,Tech_T12496,2,Evening
T12497,Tech_T12497,10,Day
T12498,Tech_T12498,7,Evening
T12499,Tech_T12499,8,Day
T12500,Tech_T12500,1,Evening
T12501,Tech_T12501,10,Evening
T12502,Tech_T12502,9,Evening
T12503,Tech_T12503,2,Evening
T12504,Tech_T12504,3,Day
T12505,Tech_T12505,8,Day
T12506,Tech_T12506,4,Mixed
T12507,Tech_T12507,6,Evening
T12508,Tech_T12508,8,Mixed
T12509,Tech_T12509,1,Evening
T12510,Tech_T12510,8,Evening
T12511,Tech_T12511,6,Day
T12512,Tech_T12512,5,Evening
T12513,Tech_T12513,2,Mixed
T12514,Tech_T12514,1,Evening
T12515,Tech_T12515,9,Evening
T12516,Tech_T12516,8,Day
T12517,Tech_T12517,6,Evening
T12518,Tech_T12518,4,Evening
T12519,Tech_T12519,6,Evening
T12520,Tech_T12520,5,Mixed
T12521,Tech_T12521,6,Evening
T12522,Tech_T12522,7,Day
T12523,Tech_T12523,5,Evening
T12524,Tech_T12524,3,Mixed
T12525,Tech_T12525,5,Mixed
T12526,Tech_T12526,9,Mixed
T12527,Tech_T12527,6,Day
T12528,Tech_T12528,4,Evening
T12529,Tech_T12529,4,Evening
T12530,Tech_T12530,3,Evening
T12531,Tech_T12531,8,Mixed
T12532,Tech_T12532,9,Mixed
T12533,Tech_T12533,2,Evening
T12534,Tech_T12534,3,Evening
T12535,Tech_T12535,2,Evening
T12536,Tech_T12536,1,Mixed
T12537,Tech_T12537,10,Day
T12538,Tech_T12538,10,Evening
T12539,Tech_T12539,10,Evening
T12540,Tech_T12540,8,Mixed
T12541,Tech_T12541,2,Evening
T12542,Tech_T12542,3,Mixed
T12543,Tech_T12543,6,Evening
T12544,Tech_T12544,2,Mixed
T12545,Tech_T12545,2,Day
T12546,Tech_T12546,4,Day
T12547,Tech_T12547,2,Day
T12548,Tech_T12548,9,Mixed
T12549,Tech_T12549,8,Mixed
T12550,Tech_T12550,3,Day
T12551,Tech_T12551,10,Evening
T12552,Tech_T12552,7,Mixed
T12553,Tech_T12553,10,Evening
T12554,Tech_T12554,3,Day
T12555,Tech_T12555,8,Mixed
T12556,Tech_T12556,3,Mixed
T12557,Tech_T12557,1,Day
T12558,Tech_T12558,7,Mixed
T12559,Tech_T12559,9,Mixed
T12560,Tech_T12560,10,Evening
T12561,Tech_T12561,9,Day
T12562,Tech_T12562,6,Evening
T12563,Tech_T12563,10,Evening
T12564,Tech_T12564,2,Evening
T12565,Tech_T12565,7,Day
T12566,Tech_T12566,10,Evening
T12567,Tech_T12567,3,Mixed
T12568,Tech_T12568,8,Day
T12569,Tech_T12569,2,Evening
T12570,Tech_T12570,6,Evening
T12571,Tech_T12571,4,Evening
T12572,Tech_T12572,5,Day
T12573,Tech_T12573,8,Evening
T12574,Tech_T12574,6,Day
T12575,Tech_T12575,2,Evening
T12576,Tech_T12576,1,Evening
T12577,Tech_T12577,8,Mixed
T12578,Tech_T12578,3,Day
T12579,Tech_T12579,8,Mixed
T12580,Tech_T12580,10,Evening
T12581,Tech_T12581,3,Day
T12582,Tech_T12582,4,Mixed
T12583,Tech_T12583,8,Evening
T12584,Tech_T12584,8,Evening
T12585,Tech_T12585,10,Evening
T12586,Tech_T12586,1,Mixed
T12587,Tech_T12587,3,Evening
T12588,Tech_T12588,9,Evening
T12589,Tech_T12589,7,Mixed
T12590,Tech_T12590,2,Evening
T12591,Tech_T12591,1,Evening
T12592,Tech_T12592,1,Mixed
T12593,Tech_T12593,5,Day
T12594,Tech_T12594,4,Evening
T12595,Tech_T12595,1,Mixed
T12596,Tech_T12596,9,Evening
T12597,Tech_T12597,10,Mixed
T12598,Tech_T12598,10,Day
T12599,Tech_T12599,9,Mixed
T12600,Tech_T12600,7,Mixed
T12601,Tech_T12601,10,Day
T12602,Tech_T12602,8,Mixed
T12603,Tech_T12603,5,Day
T12604,Tech_T12604,3,Evening
T12605,Tech_T12605,1,Mixed
T12606,Tech_T12606,3,Day
T12607,Tech_T12607,3,Mixed
T12608,Tech_T12608,4,Mixed
T12609,Tech_T12609,1,Day
T12610,Tech_T12610,2,Mixed
T12611,Tech_T12611,6,Evening
T12612,Tech_T12612,3,Evening
T12613,Tech_T12613,7,Day
T12614,Tech_T12614,7,Day
T12615,Tech_T12615,10,Day
T12616,Tech_T12616,6,Evening
T12617,Tech_T12617,8,Evening
T12618,Tech_T12618,8,Day
T12619,Tech_T12619,7,Evening
T12620,Tech_T12620,10,Day
T12621,Tech_T12621,9,Evening
T12622,Tech_T12622,5,Mixed
T12623,Tech_T12623,4,Day
T12624,Tech_T12624,2,Day
T12625,Tech_T12625,5,Day
T12626,Tech_T12626,2,Evening
T12627,Tech_T12627,3,Evening
T12628,Tech_T12628,2,Day
T12629,Tech_T12629,2,Mixed
T12630,Tech_T12630,3,Day
T12631,Tech_T12631,9,Day
T12632,Tech_T12632,4,Evening
T12633,Tech_T12633,1,Mixed
T12634,Tech_T12634,2,Mixed
T12635,Tech_T12635,4,Mixed
T12636,Tech_T12636,9,Evening
T12637,Tech_T12637,8,Day
T12638,Tech_T12638,7,Mixed
T12639,Tech_T12639,6,Day
T12640,Tech_T12640,4,Evening
T12641,Tech_T12641,6,Evening
T12642,Tech_T12642,10,Mixed
T12643,Tech_T12643,1,Mixed
T12644,Tech_T12644,1,Mixed
T12645,Tech_T12645,3,Day
T12646,Tech_T12646,9,Evening
T12647,Tech_T12647,6,Day
T12648,Tech_T12648,5,Mixed
T12649,Tech_T12649,8,Day
T12650,Tech_T12650,4,Day
T12651,Tech_T12651,7,Mixed
T12652,Tech_T12652,1,Evening
T12653,Tech_T12653,9,Day
T12654,Tech_T12654,9,Day
T12655,Tech_T12655,5,Mixed
T12656,Tech_T12656,8,Day
T12657,Tech_T12657,9,Mixed
T12658,Tech_T12658,6,Mixed
T12659,Tech_T12659,6,Mixed
T12660,Tech_T12660,1,Evening
T12661,Tech_T12661,5,Evening
T12662,Tech_T12662,4,Mixed
T12663,Tech_T12663,6,Evening
T12664,Tech_T12664,3,Day
T12665,Tech_T12665,6,Evening
T12666,Tech_T12666,9,Day
T12667,Tech_T12667,6,Day
T12668,Tech_T12668,8,Evening
T12669,Tech_T12669,3,Evening
T12670,Tech_T12670,3,Day
T12671,Tech_T12671,1,Day
T12672,Tech_T12672,4,Evening
T12673,Tech_T12673,8,Evening
T12674,Tech_T12674,3,Evening
T12675,Tech_T12675,2,Mixed
T12676,Tech_T12676,6,Day
T12677,Tech_T12677,9,Mixed
T12678,Tech_T12678,1,Day
T12679,Tech_T12679,7,Evening
T12680,Tech_T12680,4,Mixed
T12681,Tech_T12681,9,Evening
T12682,Tech_T12682,7,Evening
T12683,Tech_T12683,3,Day
T12684,Tech_T12684,10,Day
T12685,Tech_T12685,2,Mixed
T12686,Tech_T12686,5,Mixed
T12687,Tech_T12687,4,Day
T12688,Tech_T12688,6,Evening
T12689,Tech_T12689,3,Evening
T12690,Tech_T12690,8,Evening
T12691,Tech_T12691,7,Evening
T12692,Tech_T12692,1,Evening
T12693,Tech_T12693,9,Day
T12694,Tech_T12694,8,Evening
T12695,Tech_T12695,2,Evening
T12696,Tech_T12696,8,Day
T12697,Tech_T12697,9,Day
T12698,Tech_T12698,4,Evening
T12699,Tech_T12699,7,Day
T12700,Tech_T12700,9,Evening
T12701,Tech_T12701,7,Day
T12702,Tech_T12702,5,Evening
T12703,Tech_T12703,6,Day
T12704,Tech_T12704,8,Mixed
T12705,Tech_T12705,8,Mixed
T12706,Tech_T12706,7,Mixed
T12707,Tech_T12707,6,Day
T12708,Tech_T12708,3,Day
T12709,Tech_T12709,5,Evening
T12710,Tech_T12710,6,Mixed
T12711,Tech_T12711,4,Evening
T12712,Tech_T12712,3,Mixed
T12713,Tech_T12713,9,Day
T12714,Tech_T12714,2,Mixed
T12715,Tech_T12715,7,Day
T12716,Tech_T12716,1,Mixed
T12717,Tech_T12717,6,Evening
T12718,Tech_T12718,7,Evening
T12719,Tech_T12719,7,Day
T12720,Tech_T12720,7,Mixed
T12721,Tech_T12721,1,Day
T12722,Tech_T12722,1,Evening
T12723,Tech_T12723,6,Day
T12724,Tech_T12724,10,Day
T12725,Tech_T12725,10,Evening
T12726,Tech_T12726,1,Mixed
T12727,Tech_T12727,7,Evening
T12728,Tech_T12728,7,Evening
T12729,Tech_T12729,5,Evening
T12730,Tech_T12730,9,Evening
T12731,Tech_T12731,9,Day
T12732,Tech_T12732,2,Mixed
T12733,Tech_T12733,5,Day
T12734,Tech_T12734,3,Mixed
T12735,Tech_T12735,3,Evening
T12736,Tech_T12736,5,Mixed
T12737,Tech_T12737,4,Mixed
T12738,Tech_T12738,4,Mixed
T12739,Tech_T12739,6,Mixed
T12740,Tech_T12740,4,Mixed
T12741,Tech_T12741,5,Evening
T12742,Tech_T12742,4,Mixed
T12743,Tech_T12743,7,Day
T12744,Tech_T12744,8,Mixed
T12745,Tech_T12745,5,Mixed
T12746,Tech_T12746,3,Day
T12747,Tech_T12747,10,Mixed
T12748,Tech_T12748,1,Evening
T12749,Tech_T12749,9,Day
T12750,Tech_T12750,3,Mixed
T12751,Tech_T12751,2,Evening
T12752,Tech_T12752,3,Evening
T12753,Tech_T12753,9,Evening
T12754,Tech_T12754,3,Mixed
T12755,Tech_T12755,2,Day
T12756,Tech_T12756,5,Mixed
T12757,Tech_T12757,8,Evening
T12758,Tech_T12758,5,Evening
T12759,Tech_T12759,3,Evening
T12760,Tech_T12760,8,Evening
T12761,Tech_T12761,5,Day
T12762,Tech_T12762,8,Day
T12763,Tech_T12763,2,Mixed
T12764,Tech_T12764,6,Evening
T12765,Tech_T12765,7,Mixed
T12766,Tech_T12766,7,Evening
T12767,Tech_T12767,6,Mixed
T12768,Tech_T12768,6,Evening
T12769,Tech_T12769,9,Evening
T12770,Tech_T12770,1,Day
T12771,Tech_T12771,8,Day
T12772,Tech_T12772,4,Mixed
T12773,Tech_T12773,2,Mixed
T12774,Tech_T12774,6,Day
T12775,Tech_T12775,6,Evening
T12776,Tech_T12776,4,Mixed
T12777,Tech_T12777,2,Mixed
T12778,Tech_T12778,4,Day
T12779,Tech_T12779,2,Evening
T12780,Tech_T12780,7,Evening
T12781,Tech_T12781,10,Evening
T12782,Tech_T12782,6,Evening
T12783,Tech_T12783,6,Day
T12784,Tech_T12784,9,Evening
T12785,Tech_T12785,6,Evening
T12786,Tech_T12786,10,Day
T12787,Tech_T12787,6,Evening
T12788,Tech_T12788,2,Evening
T12789,Tech_T12789,7,Mixed
T12790,Tech_T12790,3,Evening
T12791,Tech_T12791,5,Evening
T12792,Tech_T12792,8,Day
T12793,Tech_T12793,8,Day
T12794,Tech_T12794,3,Mixed
T12795,Tech_T12795,10,Day
T12796,Tech_T12796,4,Evening
T12797,Tech_T12797,1,Day
T12798,Tech_T12798,3,Mixed
T12799,Tech_T12799,9,Day
T12800,Tech_T12800,6,Mixed
T12801,Tech_T12801,1,Evening
T12802,Tech_T12802,2,Mixed
T12803,Tech_T12803,1,Evening
T12804,Tech_T12804,9,Mixed
T12805,Tech_T12805,4,Mixed
T12806,Tech_T12806,9,Mixed
T12807,Tech_T12807,6,Evening
T12808,Tech_T12808,10,Day
T12809,Tech_T12809,7,Mixed
T12810,Tech_T12810,10,Mixed
T12811,Tech_T12811,10,Day
T12812,Tech_T12812,4,Evening
T12813,Tech_T12813,1,Mixed
T12814,Tech_T12814,9,Mixed
T12815,Tech_T12815,9,Evening
T12816,Tech_T12816,2,Mixed
T12817,Tech_T12817,5,Day
T12818,Tech_T12818,5,Evening
T12819,Tech_T12819,6,Day
T12820,Tech_T12820,8,Mixed
T12821,Tech_T12821,10,Evening
T12822,Tech_T12822,3,Evening
T12823,Tech_T12823,2,Day
T12824,Tech_T12824,2,Evening
T12825,Tech_T12825,6,Day
T12826,Tech_T12826,4,Evening
T12827,Tech_T12827,1,Day
T12828,Tech_T12828,1,Evening
T12829,Tech_T12829,6,Day
T12830,Tech_T12830,10,Day
T12831,Tech_T12831,5,Evening
T12832,Tech_T12832,7,Day
T12833,Tech_T12833,9,Evening
T12834,Tech_T12834,10,Evening
T12835,Tech_T12835,2,Day
T12836,Tech_T12836,8,Day
T12837,Tech_T12837,4,Evening
T12838,Tech_T12838,3,Day
T12839,Tech_T12839,1,Day
T12840,Tech_T12840,1,Day
T12841,Tech_T12841,2,Evening
T12842,Tech_T12842,10,Mixed
T12843,Tech_T12843,1,Evening
T12844,Tech_T12844,3,Mixed
T12845,Tech_T12845,9,Mixed
T12846,Tech_T12846,3,Evening
T12847,Tech_T12847,7,Mixed
T12848,Tech_T12848,5,Mixed
T12849,Tech_T12849,3,Mixed
T12850,Tech_T12850,4,Day
T12851,Tech_T12851,1,Mixed
T12852,Tech_T12852,2,Day
T12853,Tech_T12853,3,Mixed
T12854,Tech_T12854,6,Mixed
T12855,Tech_T12855,9,Day
T12856,Tech_T12856,7,Mixed
T12857,Tech_T12857,4,Mixed
T12858,Tech_T12858,10,Evening
T12859,Tech_T12859,9,Day
T12860,Tech_T12860,9,Day
T12861,Tech_T12861,4,Mixed
T12862,Tech_T12862,5,Day
T12863,Tech_T12863,9,Day
T12864,Tech_T12864,4,Mixed
T12865,Tech_T12865,4,Day
T12866,Tech_T12866,5,Evening
T12867,Tech_T12867,4,Evening
T12868,Tech_T12868,10,Evening
T12869,Tech_T12869,2,Evening
T12870,Tech_T12870,9,Day
T12871,Tech_T12871,10,Day
T12872,Tech_T12872,10,Mixed
T12873,Tech_T12873,3,Evening
T12874,Tech_T12874,3,Day
T12875,Tech_T12875,5,Day
T12876,Tech_T12876,6,Evening
T12877,Tech_T12877,7,Mixed
T12878,Tech_T12878,6,Mixed
T12879,Tech_T12879,9,Evening
T12880,Tech_T12880,2,Evening
T12881,Tech_T12881,6,Mixed
T12882,Tech_T12882,9,Evening
T12883,Tech_T12883,2,Mixed
T12884,Tech_T12884,9,Day
T12885,Tech_T12885,8,Mixed
T12886,Tech_T12886,7,Day
T12887,Tech_T12887,10,Day
T12888,Tech_T12888,5,Evening
T12889,Tech_T12889,4,Evening
T12890,Tech_T12890,9,Mixed
T12891,Tech_T12891,10,Mixed
T12892,Tech_T12892,1,Evening
T12893,Tech_T12893,7,Day
T12894,Tech_T12894,2,Evening
T12895,Tech_T12895,4,Mixed
T12896,Tech_T12896,6,Day
T12897,Tech_T12897,7,Mixed
T12898,Tech_T12898,3,Evening
T12899,Tech_T12899,4,Evening
T12900,Tech_T12900,3,Mixed
T12901,Tech_T12901,6,Day
T12902,Tech_T12902,6,Day
T12903,Tech_T12903,1,Evening
T12904,Tech_T12904,8,Mixed
T12905,Tech_T12905,4,Day
T12906,Tech_T12906,7,Evening
T12907,Tech_T12907,7,Day
T12908,Tech_T12908,2,Evening
T12909,Tech_T12909,2,Evening
T12910,Tech_T12910,4,Evening
T12911,Tech_T12911,7,Day
T12912,Tech_T12912,1,Evening
T12913,Tech_T12913,4,Day
T12914,Tech_T12914,4,Mixed
T12915,Tech_T12915,2,Day
T12916,Tech_T12916,1,Evening
T12917,Tech_T12917,9,Day
T12918,Tech_T12918,6,Day
T12919,Tech_T12919,5,Mixed
T12920,Tech_T12920,2,Mixed
T12921,Tech_T12921,3,Evening
T12922,Tech_T12922,10,Evening
T12923,Tech_T12923,8,Evening
T12924,Tech_T12924,8,Day
T12925,Tech_T12925,5,Evening
T12926,Tech_T12926,3,Day
T12927,Tech_T12927,6,Day
T12928,Tech_T12928,9,Day
T12929,Tech_T12929,8,Evening
T12930,Tech_T12930,3,Day
T12931,Tech_T12931,1,Mixed
T12932,Tech_T12932,6,Evening
T12933,Tech_T12933,7,Evening
T12934,Tech_T12934,2,Day
T12935,Tech_T12935,7,Day
T12936,Tech_T12936,7,Day
T12937,Tech_T12937,9,Day
T12938,Tech_T12938,4,Mixed
T12939,Tech_T12939,8,Evening
T12940,Tech_T12940,4,Mixed
T12941,Tech_T12941,9,Mixed
T12942,Tech_T12942,10,Day
T12943,Tech_T12943,8,Evening
T12944,Tech_T12944,9,Mixed
T12945,Tech_T12945,1,Mixed
T12946,Tech_T12946,6,Mixed
T12947,Tech_T12947,10,Evening
T12948,Tech_T12948,6,Day
T12949,Tech_T12949,4,Mixed
T12950,Tech_T12950,6,Mixed
T12951,Tech_T12951,7,Evening
T12952,Tech_T12952,6,Evening
T12953,Tech_T12953,8,Day
T12954,Tech_T12954,10,Mixed
T12955,Tech_T12955,10,Evening
T12956,Tech_T12956,7,Day
T12957,Tech_T12957,2,Mixed
T12958,Tech_T12958,2,Day
T12959,Tech_T12959,1,Day
T12960,Tech_T12960,7,Mixed
T12961,Tech_T12961,10,Day
T12962,Tech_T12962,2,Evening
T12963,Tech_T12963,3,Evening
T12964,Tech_T12964,5,Day
T12965,Tech_T12965,7,Day
T12966,Tech_T12966,7,Evening
T12967,Tech_T12967,8,Mixed
T12968,Tech_T12968,8,Evening
T12969,Tech_T12969,7,Day
T12970,Tech_T12970,5,Evening
T12971,Tech_T12971,9,Evening
T12972,Tech_T12972,10,Mixed
T12973,Tech_T12973,1,Evening
T12974,Tech_T12974,7,Evening
T12975,Tech_T12975,5,Mixed
T12976,Tech_T12976,4,Day
T12977,Tech_T12977,6,Day
T12978,Tech_T12978,9,Evening
T12979,Tech_T12979,9,Evening
T12980,Tech_T12980,8,Evening
T12981,Tech_T12981,8,Evening
T12982,Tech_T12982,2,Mixed
T12983,Tech_T12983,7,Day
T12984,Tech_T12984,5,Mixed
T12985,Tech_T12985,6,Day
T12986,Tech_T12986,9,Mixed
T12987,Tech_T12987,2,Day
T12988,Tech_T12988,4,Day
T12989,Tech_T12989,4,Day
T12990,Tech_T12990,4,Day
T12991,Tech_T12991,4,Mixed
T12992,Tech_T12992,1,Day
T12993,Tech_T12993,4,Mixed
T12994,Tech_T12994,6,Mixed
T12995,Tech_T12995,1,Day
T12996,Tech_T12996,2,Day
T12997,Tech_T12997,10,Day
T12998,Tech_T12998,3,Mixed
T12999,Tech_T12999,8,Evening
T13000,Tech_T13000,4,Mixed
T13001,Tech_T13001,1,Day
T13002,Tech_T13002,1,Mixed
T13003,Tech_T13003,3,Evening
T13004,Tech_T13004,10,Evening
T13005,Tech_T13005,6,Mixed
T13006,Tech_T13006,6,Mixed
T13007,Tech_T13007,10,Evening
T13008,Tech_T13008,9,Day
T13009,Tech_T13009,8,Evening
T13010,Tech_T13010,3,Day
T13011,Tech_T13011,10,Mixed
T13012,Tech_T13012,8,Evening
T13013,Tech_T13013,10,Mixed
T13014,Tech_T13014,4,Evening
T13015,Tech_T13015,8,Day
T13016,Tech_T13016,9,Evening
T13017,Tech_T13017,6,Evening
T13018,Tech_T13018,6,Evening
T13019,Tech_T13019,4,Mixed
T13020,Tech_T13020,4,Mixed
T13021,Tech_T13021,5,Day
T13022,Tech_T13022,2,Day
T13023,Tech_T13023,8,Day
T13024,Tech_T13024,9,Day
T13025,Tech_T13025,3,Day
T13026,Tech_T13026,6,Day
T13027,Tech_T13027,6,Mixed
T13028,Tech_T13028,5,Day
T13029,Tech_T13029,7,Evening
T13030,Tech_T13030,8,Day
T13031,Tech_T13031,5,Day
T13032,Tech_T13032,1,Day
T13033,Tech_T13033,9,Day
T13034,Tech_T13034,9,Evening
T13035,Tech_T13035,9,Mixed
T13036,Tech_T13036,4,Day
T13037,Tech_T13037,10,Evening
T13038,Tech_T13038,3,Evening
T13039,Tech_T13039,6,Mixed
T13040,Tech_T13040,2,Evening
T13041,Tech_T13041,6,Evening
T13042,Tech_T13042,4,Evening
T13043,Tech_T13043,10,Mixed
T13044,Tech_T13044,8,Day
T13045,Tech_T13045,7,Evening
T13046,Tech_T13046,8,Mixed
T13047,Tech_T13047,2,Evening
T13048,Tech_T13048,6,Evening
T13049,Tech_T13049,9,Mixed
T13050,Tech_T13050,7,Mixed
T13051,Tech_T13051,3,Day
T13052,Tech_T13052,8,Evening
T13053,Tech_T13053,7,Mixed
T13054,Tech_T13054,3,Evening
T13055,Tech_T13055,6,Mixed
T13056,Tech_T13056,4,Evening
T13057,Tech_T13057,9,Day
T13058,Tech_T13058,2,Day
T13059,Tech_T13059,3,Mixed
T13060,Tech_T13060,4,Evening
T13061,Tech_T13061,7,Day
T13062,Tech_T13062,7,Day
T13063,Tech_T13063,8,Day
T13064,Tech_T13064,7,Mixed
T13065,Tech_T13065,4,Mixed
T13066,Tech_T13066,5,Evening
T13067,Tech_T13067,6,Day
T13068,Tech_T13068,3,Mixed
T13069,Tech_T13069,5,Evening
T13070,Tech_T13070,5,Mixed
T13071,Tech_T13071,7,Mixed
T13072,Tech_T13072,7,Mixed
T13073,Tech_T13073,5,Mixed
T13074,Tech_T13074,1,Day
T13075,Tech_T13075,5,Mixed
T13076,Tech_T13076,6,Day
T13077,Tech_T13077,10,Day
T13078,Tech_T13078,2,Evening
T13079,Tech_T13079,10,Day
T13080,Tech_T13080,2,Day
T13081,Tech_T13081,9,Day
T13082,Tech_T13082,4,Evening
T13083,Tech_T13083,10,Day
T13084,Tech_T13084,5,Day
T13085,Tech_T13085,5,Evening
T13086,Tech_T13086,6,Day
T13087,Tech_T13087,6,Mixed
T13088,Tech_T13088,3,Evening
T13089,Tech_T13089,9,Day
T13090,Tech_T13090,5,Day
T13091,Tech_T13091,3,Evening
T13092,Tech_T13092,2,Evening
T13093,Tech_T13093,1,Evening
T13094,Tech_T13094,6,Mixed
T13095,Tech_T13095,8,Mixed
T13096,Tech_T13096,5,Mixed
T13097,Tech_T13097,3,Day
T13098,Tech_T13098,5,Day
T13099,Tech_T13099,8,Day
T13100,Tech_T13100,7,Evening
T13101,Tech_T13101,7,Mixed
T13102,Tech_T13102,5,Mixed
T13103,Tech_T13103,2,Day
T13104,Tech_T13104,3,Mixed
T13105,Tech_T13105,9,Mixed
T13106,Tech_T13106,2,Mixed
T13107,Tech_T13107,4,Evening
T13108,Tech_T13108,10,Evening
T13109,Tech_T13109,2,Evening
T13110,Tech_T13110,5,Evening
T13111,Tech_T13111,4,Day
T13112,Tech_T13112,4,Evening
T13113,Tech_T13113,2,Day
T13114,Tech_T13114,5,Day
T13115,Tech_T13115,5,Evening
T13116,Tech_T13116,6,Mixed
T13117,Tech_T13117,7,Mixed
T13118,Tech_T13118,8,Day
T13119,Tech_T13119,4,Mixed
T13120,Tech_T13120,3,Mixed
T13121,Tech_T13121,8,Day
T13122,Tech_T13122,9,Evening
T13123,Tech_T13123,2,Mixed
T13124,Tech_T13124,7,Day
T13125,Tech_T13125,1,Mixed
T13126,Tech_T13126,3,Mixed
T13127,Tech_T13127,1,Day
T13128,Tech_T13128,5,Day
T13129,Tech_T13129,6,Mixed
T13130,Tech_T13130,8,Mixed
T13131,Tech_T13131,9,Evening
T13132,Tech_T13132,3,Day
T13133,Tech_T13133,3,Day
T13134,Tech_T13134,3,Day
T13135,Tech_T13135,1,Mixed
T13136,Tech_T13136,10,Day
T13137,Tech_T13137,6,Day
T13138,Tech_T13138,2,Mixed
T13139,Tech_T13139,8,Evening
T13140,Tech_T13140,10,Evening
T13141,Tech_T13141,2,Day
T13142,Tech_T13142,4,Mixed
T13143,Tech_T13143,8,Evening
T13144,Tech_T13144,10,Evening
T13145,Tech_T13145,4,Evening
T13146,Tech_T13146,2,Evening
T13147,Tech_T13147,8,Mixed
T13148,Tech_T13148,4,Evening
T13149,Tech_T13149,10,Day
T13150,Tech_T13150,7,Evening
T13151,Tech_T13151,2,Day
T13152,Tech_T13152,7,Mixed
T13153,Tech_T13153,8,Mixed
T13154,Tech_T13154,7,Mixed
T13155,Tech_T13155,6,Day
T13156,Tech_T13156,9,Mixed
T13157,Tech_T13157,9,Day
T13158,Tech_T13158,1,Day
T13159,Tech_T13159,5,Mixed
T13160,Tech_T13160,9,Day
T13161,Tech_T13161,8,Mixed
T13162,Tech_T13162,4,Mixed
T13163,Tech_T13163,5,Day
T13164,Tech_T13164,7,Day
T13165,Tech_T13165,6,Mixed
T13166,Tech_T13166,4,Mixed
T13167,Tech_T13167,6,Mixed
T13168,Tech_T13168,6,Mixed
T13169,Tech_T13169,7,Day
T13170,Tech_T13170,8,Evening
T13171,Tech_T13171,5,Mixed
T13172,Tech_T13172,3,Mixed
T13173,Tech_T13173,4,Day
T13174,Tech_T13174,8,Day
T13175,Tech_T13175,10,Mixed
T13176,Tech_T13176,7,Evening
T13177,Tech_T13177,10,Day
T13178,Tech_T13178,5,Day
T13179,Tech_T13179,5,Mixed
T13180,Tech_T13180,5,Mixed
T13181,Tech_T13181,10,Evening
T13182,Tech_T13182,3,Evening
T13183,Tech_T13183,6,Evening
T13184,Tech_T13184,3,Mixed
T13185,Tech_T13185,4,Mixed
T13186,Tech_T13186,5,Day
T13187,Tech_T13187,4,Day
T13188,Tech_T13188,3,Mixed
T13189,Tech_T13189,8,Day
T13190,Tech_T13190,2,Mixed
T13191,Tech_T13191,5,Evening
T13192,Tech_T13192,3,Mixed
T13193,Tech_T13193,7,Day
T13194,Tech_T13194,10,Mixed
T13195,Tech_T13195,8,Day
T13196,Tech_T13196,2,Evening
T13197,Tech_T13197,4,Mixed
T13198,Tech_T13198,5,Day
T13199,Tech_T13199,1,Evening
T13200,Tech_T13200,7,Evening
T13201,Tech_T13201,7,Evening
T13202,Tech_T13202,9,Evening
T13203,Tech_T13203,2,Mixed
T13204,Tech_T13204,5,Day
T13205,Tech_T13205,4,Mixed
T13206,Tech_T13206,7,Mixed
T13207,Tech_T13207,9,Day
T13208,Tech_T13208,1,Mixed
T13209,Tech_T13209,8,Evening
T13210,Tech_T13210,7,Mixed
T13211,Tech_T13211,1,Day
T13212,Tech_T13212,10,Evening
T13213,Tech_T13213,9,Day
T13214,Tech_T13214,8,Mixed
T13215,Tech_T13215,9,Mixed
T13216,Tech_T13216,8,Day
T13217,Tech_T13217,3,Evening
T13218,Tech_T13218,6,Evening
T13219,Tech_T13219,7,Evening
T13220,Tech_T13220,8,Mixed
T13221,Tech_T13221,5,Day
T13222,Tech_T13222,4,Mixed
T13223,Tech_T13223,9,Evening
T13224,Tech_T13224,6,Mixed
T13225,Tech_T13225,4,Mixed
T13226,Tech_T13226,7,Evening
T13227,Tech_T13227,2,Day
T13228,Tech_T13228,7,Day
T13229,Tech_T13229,4,Day
T13230,Tech_T13230,7,Mixed
T13231,Tech_T13231,2,Evening
T13232,Tech_T13232,1,Day
T13233,Tech_T13233,4,Evening
T13234,Tech_T13234,10,Mixed
T13235,Tech_T13235,8,Mixed
T13236,Tech_T13236,9,Mixed
T13237,Tech_T13237,7,Day
T13238,Tech_T13238,3,Evening
T13239,Tech_T13239,4,Evening
T13240,Tech_T13240,3,Mixed
T13241,Tech_T13241,3,Mixed
T13242,Tech_T13242,7,Day
T13243,Tech_T13243,9,Day
T13244,Tech_T13244,7,Evening
T13245,Tech_T13245,6,Mixed
T13246,Tech_T13246,8,Day
T13247,Tech_T13247,3,Day
T13248,Tech_T13248,1,Evening
T13249,Tech_T13249,8,Mixed
T13250,Tech_T13250,2,Mixed
T13251,Tech_T13251,9,Evening
T13252,Tech_T13252,8,Mixed
T13253,Tech_T13253,7,Day
T13254,Tech_T13254,4,Mixed
T13255,Tech_T13255,8,Evening
T13256,Tech_T13256,4,Day
T13257,Tech_T13257,6,Evening
T13258,Tech_T13258,5,Evening
T13259,Tech_T13259,2,Day
T13260,Tech_T13260,9,Day
T13261,Tech_T13261,9,Evening
T13262,Tech_T13262,4,Mixed
T13263,Tech_T13263,2,Evening
T13264,Tech_T13264,1,Evening
T13265,Tech_T13265,1,Mixed
T13266,Tech_T13266,3,Day
T13267,Tech_T13267,9,Evening
T13268,Tech_T13268,2,Day
T13269,Tech_T13269,2,Evening
T13270,Tech_T13270,9,Mixed
T13271,Tech_T13271,6,Day
T13272,Tech_T13272,3,Mixed
T13273,Tech_T13273,7,Mixed
T13274,Tech_T13274,4,Day
T13275,Tech_T13275,8,Mixed
T13276,Tech_T13276,9,Mixed
T13277,Tech_T13277,4,Day
T13278,Tech_T13278,10,Evening
T13279,Tech_T13279,3,Evening
T13280,Tech_T13280,8,Evening
T13281,Tech_T13281,3,Mixed
T13282,Tech_T13282,5,Mixed
T13283,Tech_T13283,3,Day
T13284,Tech_T13284,9,Evening
T13285,Tech_T13285,2,Evening
T13286,Tech_T13286,5,Day
T13287,Tech_T13287,4,Mixed
T13288,Tech_T13288,6,Day
T13289,Tech_T13289,10,Evening
T13290,Tech_T13290,1,Evening
T13291,Tech_T13291,4,Mixed
T13292,Tech_T13292,2,Evening
T13293,Tech_T13293,6,Mixed
T13294,Tech_T13294,10,Mixed
T13295,Tech_T13295,9,Day
T13296,Tech_T13296,9,Day
T13297,Tech_T13297,6,Mixed
T13298,Tech_T13298,8,Day
T13299,Tech_T13299,9,Mixed
T13300,Tech_T13300,8,Day
T13301,Tech_T13301,2,Evening
T13302,Tech_T13302,2,Day
T13303,Tech_T13303,5,Evening
T13304,Tech_T13304,1,Day
T13305,Tech_T13305,3,Mixed
T13306,Tech_T13306,6,Day
T13307,Tech_T13307,5,Evening
T13308,Tech_T13308,3,Evening
T13309,Tech_T13309,10,Evening
T13310,Tech_T13310,10,Mixed
T13311,Tech_T13311,4,Mixed
T13312,Tech_T13312,2,Evening
T13313,Tech_T13313,7,Evening
T13314,Tech_T13314,8,Evening
T13315,Tech_T13315,7,Evening
T13316,Tech_T13316,3,Day
T13317,Tech_T13317,7,Evening
T13318,Tech_T13318,7,Mixed
T13319,Tech_T13319,1,Mixed
T13320,Tech_T13320,3,Evening
T13321,Tech_T13321,9,Evening
T13322,Tech_T13322,5,Evening
T13323,Tech_T13323,5,Evening
T13324,Tech_T13324,2,Evening
T13325,Tech_T13325,9,Day
T13326,Tech_T13326,3,Evening
T13327,Tech_T13327,7,Day
T13328,Tech_T13328,8,Evening
T13329,Tech_T13329,2,Evening
T13330,Tech_T13330,1,Mixed
T13331,Tech_T13331,3,Evening
T13332,Tech_T13332,4,Day
T13333,Tech_T13333,10,Day
T13334,Tech_T13334,10,Evening
T13335,Tech_T13335,9,Mixed
T13336,Tech_T13336,3,Evening
T13337,Tech_T13337,3,Day
T13338,Tech_T13338,4,Evening
T13339,Tech_T13339,7,Mixed
T13340,Tech_T13340,1,Day
T13341,Tech_T13341,4,Mixed
T13342,Tech_T13342,3,Evening
T13343,Tech_T13343,8,Day
T13344,Tech_T13344,7,Mixed
T13345,Tech_T13345,7,Evening
T13346,Tech_T13346,2,Day
T13347,Tech_T13347,1,Evening
T13348,Tech_T13348,3,Evening
T13349,Tech_T13349,2,Day
T13350,Tech_T13350,10,Mixed
T13351,Tech_T13351,8,Mixed
T13352,Tech_T13352,8,Day
T13353,Tech_T13353,2,Mixed
T13354,Tech_T13354,2,Day
T13355,Tech_T13355,7,Evening
T13356,Tech_T13356,8,Evening
T13357,Tech_T13357,4,Day
T13358,Tech_T13358,6,Day
T13359,Tech_T13359,5,Evening
T13360,Tech_T13360,5,Mixed
T13361,Tech_T13361,10,Day
T13362,Tech_T13362,4,Mixed
T13363,Tech_T13363,8,Day
T13364,Tech_T13364,4,Mixed
T13365,Tech_T13365,10,Evening
T13366,Tech_T13366,3,Evening
T13367,Tech_T13367,1,Mixed
T13368,Tech_T13368,2,Evening
T13369,Tech_T13369,3,Mixed
T13370,Tech_T13370,8,Day
T13371,Tech_T13371,6,Mixed
T13372,Tech_T13372,7,Evening
T13373,Tech_T13373,7,Mixed
T13374,Tech_T13374,7,Day
T13375,Tech_T13375,6,Mixed
T13376,Tech_T13376,7,Mixed
T13377,Tech_T13377,10,Mixed
T13378,Tech_T13378,1,Evening
T13379,Tech_T13379,7,Evening
T13380,Tech_T13380,10,Evening
T13381,Tech_T13381,10,Mixed
T13382,Tech_T13382,2,Evening
T13383,Tech_T13383,10,Evening
T13384,Tech_T13384,4,Day
T13385,Tech_T13385,4,Mixed
T13386,Tech_T13386,7,Day
T13387,Tech_T13387,2,Evening
T13388,Tech_T13388,3,Mixed
T13389,Tech_T13389,9,Evening
T13390,Tech_T13390,3,Day
T13391,Tech_T13391,2,Evening
T13392,Tech_T13392,7,Mixed
T13393,Tech_T13393,1,Evening
T13394,Tech_T13394,4,Evening
T13395,Tech_T13395,4,Evening
T13396,Tech_T13396,4,Mixed
T13397,Tech_T13397,5,Mixed
T13398,Tech_T13398,1,Day
T13399,Tech_T13399,3,Day
T13400,Tech_T13400,10,Day
T13401,Tech_T13401,1,Evening
T13402,Tech_T13402,2,Mixed
T13403,Tech_T13403,9,Evening
T13404,Tech_T13404,10,Evening
T13405,Tech_T13405,10,Mixed
T13406,Tech_T13406,10,Mixed
T13407,Tech_T13407,4,Mixed
T13408,Tech_T13408,3,Day
T13409,Tech_T13409,6,Mixed
T13410,Tech_T13410,9,Day
T13411,Tech_T13411,7,Mixed
T13412,Tech_T13412,5,Evening
T13413,Tech_T13413,3,Mixed
T13414,Tech_T13414,6,Evening
T13415,Tech_T13415,10,Mixed
T13416,Tech_T13416,7,Mixed
T13417,Tech_T13417,5,Day
T13418,Tech_T13418,5,Evening
T13419,Tech_T13419,4,Evening
T13420,Tech_T13420,1,Day
T13421,Tech_T13421,4,Day
T13422,Tech_T13422,3,Evening
T13423,Tech_T13423,5,Day
T13424,Tech_T13424,4,Evening
T13425,Tech_T13425,6,Mixed
T13426,Tech_T13426,10,Evening
T13427,Tech_T13427,10,Mixed
T13428,Tech_T13428,1,Mixed
T13429,Tech_T13429,5,Mixed
T13430,Tech_T13430,8,Evening
T13431,Tech_T13431,8,Mixed
T13432,Tech_T13432,7,Mixed
T13433,Tech_T13433,5,Day
T13434,Tech_T13434,4,Day
T13435,Tech_T13435,6,Day
T13436,Tech_T13436,3,Day
T13437,Tech_T13437,8,Mixed
T13438,Tech_T13438,6,Day
T13439,Tech_T13439,3,Mixed
T13440,Tech_T13440,9,Day
T13441,Tech_T13441,9,Day
T13442,Tech_T13442,6,Evening
T13443,Tech_T13443,9,Evening
T13444,Tech_T13444,9,Evening
T13445,Tech_T13445,9,Mixed
T13446,Tech_T13446,9,Day
T13447,Tech_T13447,2,Mixed
T13448,Tech_T13448,10,Mixed
T13449,Tech_T13449,5,Evening
T13450,Tech_T13450,4,Evening
T13451,Tech_T13451,1,Mixed
T13452,Tech_T13452,6,Mixed
T13453,Tech_T13453,7,Mixed
T13454,Tech_T13454,8,Mixed
T13455,Tech_T13455,8,Mixed
T13456,Tech_T13456,5,Evening
T13457,Tech_T13457,4,Mixed
T13458,Tech_T13458,6,Day
T13459,Tech_T13459,6,Evening
T13460,Tech_T13460,7,Day
T13461,Tech_T13461,7,Day
T13462,Tech_T13462,7,Evening
T13463,Tech_T13463,7,Day
T13464,Tech_T13464,2,Mixed
T13465,Tech_T13465,6,Day
T13466,Tech_T13466,2,Day
T13467,Tech_T13467,4,Evening
T13468,Tech_T13468,6,Day
T13469,Tech_T13469,2,Day
T13470,Tech_T13470,9,Evening
T13471,Tech_T13471,4,Day
T13472,Tech_T13472,9,Mixed
T13473,Tech_T13473,1,Evening
T13474,Tech_T13474,4,Mixed
T13475,Tech_T13475,7,Mixed
T13476,Tech_T13476,5,Mixed
T13477,Tech_T13477,4,Evening
T13478,Tech_T13478,4,Day
T13479,Tech_T13479,8,Day
T13480,Tech_T13480,3,Day
T13481,Tech_T13481,4,Mixed
T13482,Tech_T13482,4,Evening
T13483,Tech_T13483,10,Day
T13484,Tech_T13484,5,Day
T13485,Tech_T13485,1,Evening
T13486,Tech_T13486,9,Evening
T13487,Tech_T13487,1,Evening
T13488,Tech_T13488,2,Mixed
T13489,Tech_T13489,1,Evening
T13490,Tech_T13490,6,Mixed
T13491,Tech_T13491,8,Day
T13492,Tech_T13492,7,Mixed
T13493,Tech_T13493,1,Evening
T13494,Tech_T13494,6,Mixed
T13495,Tech_T13495,3,Evening
T13496,Tech_T13496,10,Day
T13497,Tech_T13497,3,Evening
T13498,Tech_T13498,7,Mixed
T13499,Tech_T13499,3,Day
T13500,Tech_T13500,6,Evening
T13501,Tech_T13501,5,Mixed
T13502,Tech_T13502,3,Mixed
T13503,Tech_T13503,4,Mixed
T13504,Tech_T13504,1,Mixed
T13505,Tech_T13505,8,Evening
T13506,Tech_T13506,5,Evening
T13507,Tech_T13507,6,Evening
T13508,Tech_T13508,3,Evening
T13509,Tech_T13509,2,Evening
T13510,Tech_T13510,3,Day
T13511,Tech_T13511,6,Mixed
T13512,Tech_T13512,2,Mixed
T13513,Tech_T13513,1,Mixed
T13514,Tech_T13514,3,Mixed
T13515,Tech_T13515,5,Evening
T13516,Tech_T13516,10,Mixed
T13517,Tech_T13517,9,Mixed
T13518,Tech_T13518,3,Day
T13519,Tech_T13519,5,Mixed
T13520,Tech_T13520,10,Mixed
T13521,Tech_T13521,5,Day
T13522,Tech_T13522,10,Evening
T13523,Tech_T13523,2,Mixed
T13524,Tech_T13524,1,Mixed
T13525,Tech_T13525,1,Day
T13526,Tech_T13526,4,Day
T13527,Tech_T13527,2,Mixed
T13528,Tech_T13528,9,Mixed
T13529,Tech_T13529,6,Evening
T13530,Tech_T13530,7,Mixed
T13531,Tech_T13531,5,Evening
T13532,Tech_T13532,1,Mixed
T13533,Tech_T13533,7,Mixed
T13534,Tech_T13534,7,Day
T13535,Tech_T13535,7,Day
T13536,Tech_T13536,8,Evening
T13537,Tech_T13537,5,Mixed
T13538,Tech_T13538,4,Day
T13539,Tech_T13539,2,Mixed
T13540,Tech_T13540,2,Mixed
T13541,Tech_T13541,5,Evening
T13542,Tech_T13542,3,Mixed
T13543,Tech_T13543,3,Day
T13544,Tech_T13544,9,Evening
T13545,Tech_T13545,8,Day
T13546,Tech_T13546,3,Mixed
T13547,Tech_T13547,3,Evening
T13548,Tech_T13548,6,Mixed
T13549,Tech_T13549,5,Day
T13550,Tech_T13550,10,Evening
T13551,Tech_T13551,2,Day
T13552,Tech_T13552,3,Evening
T13553,Tech_T13553,3,Day
T13554,Tech_T13554,9,Day
T13555,Tech_T13555,6,Evening
T13556,Tech_T13556,4,Mixed
T13557,Tech_T13557,8,Evening
T13558,Tech_T13558,5,Mixed
T13559,Tech_T13559,9,Evening
T13560,Tech_T13560,1,Day
T13561,Tech_T13561,4,Evening
T13562,Tech_T13562,9,Evening
T13563,Tech_T13563,1,Day
T13564,Tech_T13564,2,Evening
T13565,Tech_T13565,1,Day
T13566,Tech_T13566,5,Evening
T13567,Tech_T13567,9,Mixed
T13568,Tech_T13568,7,Day
T13569,Tech_T13569,9,Evening
T13570,Tech_T13570,4,Day
T13571,Tech_T13571,4,Day
T13572,Tech_T13572,1,Mixed
T13573,Tech_T13573,2,Day
T13574,Tech_T13574,7,Day
T13575,Tech_T13575,1,Day
T13576,Tech_T13576,4,Mixed
T13577,Tech_T13577,10,Evening
T13578,Tech_T13578,4,Evening
T13579,Tech_T13579,1,Mixed
T13580,Tech_T13580,1,Evening
T13581,Tech_T13581,3,Day
T13582,Tech_T13582,9,Day
T13583,Tech_T13583,3,Day
T13584,Tech_T13584,5,Mixed
T13585,Tech_T13585,6,Day
T13586,Tech_T13586,9,Mixed
T13587,Tech_T13587,3,Day
T13588,Tech_T13588,10,Evening
T13589,Tech_T13589,7,Mixed
T13590,Tech_T13590,7,Evening
T13591,Tech_T13591,3,Mixed
T13592,Tech_T13592,6,Evening
T13593,Tech_T13593,10,Mixed
T13594,Tech_T13594,2,Mixed
T13595,Tech_T13595,7,Mixed
T13596,Tech_T13596,1,Evening
T13597,Tech_T13597,6,Evening
T13598,Tech_T13598,9,Mixed
T13599,Tech_T13599,9,Evening
T13600,Tech_T13600,3,Mixed
T13601,Tech_T13601,3,Day
T13602,Tech_T13602,1,Day
T13603,Tech_T13603,6,Day
T13604,Tech_T13604,9,Day
T13605,Tech_T13605,6,Day
T13606,Tech_T13606,3,Mixed
T13607,Tech_T13607,3,Mixed
T13608,Tech_T13608,1,Day
T13609,Tech_T13609,5,Evening
T13610,Tech_T13610,10,Evening
T13611,Tech_T13611,10,Mixed
T13612,Tech_T13612,4,Mixed
T13613,Tech_T13613,7,Mixed
T13614,Tech_T13614,8,Mixed
T13615,Tech_T13615,5,Mixed
T13616,Tech_T13616,10,Day
T13617,Tech_T13617,5,Day
T13618,Tech_T13618,10,Evening
T13619,Tech_T13619,3,Evening
T13620,Tech_T13620,6,Evening
T13621,Tech_T13621,1,Evening
T13622,Tech_T13622,2,Day
T13623,Tech_T13623,5,Day
T13624,Tech_T13624,4,Mixed
T13625,Tech_T13625,7,Day
T13626,Tech_T13626,2,Mixed
T13627,Tech_T13627,4,Mixed
T13628,Tech_T13628,3,Mixed
T13629,Tech_T13629,9,Day
T13630,Tech_T13630,6,Day
T13631,Tech_T13631,9,Day
T13632,Tech_T13632,7,Evening
T13633,Tech_T13633,2,Day
T13634,Tech_T13634,3,Evening
T13635,Tech_T13635,8,Day
T13636,Tech_T13636,5,Mixed
T13637,Tech_T13637,2,Day
T13638,Tech_T13638,2,Evening
T13639,Tech_T13639,1,Evening
T13640,Tech_T13640,9,Evening
T13641,Tech_T13641,7,Evening
T13642,Tech_T13642,1,Evening
T13643,Tech_T13643,8,Evening
T13644,Tech_T13644,6,Evening
T13645,Tech_T13645,1,Day
T13646,Tech_T13646,3,Mixed
T13647,Tech_T13647,10,Evening
T13648,Tech_T13648,3,Mixed
T13649,Tech_T13649,8,Mixed
T13650,Tech_T13650,2,Mixed
T13651,Tech_T13651,3,Mixed
T13652,Tech_T13652,9,Day
T13653,Tech_T13653,10,Evening
T13654,Tech_T13654,2,Mixed
T13655,Tech_T13655,9,Mixed
T13656,Tech_T13656,4,Day
T13657,Tech_T13657,2,Day
T13658,Tech_T13658,3,Day
T13659,Tech_T13659,5,Evening
T13660,Tech_T13660,10,Day
T13661,Tech_T13661,9,Day
T13662,Tech_T13662,5,Evening
T13663,Tech_T13663,6,Mixed
T13664,Tech_T13664,5,Day
T13665,Tech_T13665,9,Day
T13666,Tech_T13666,2,Day
T13667,Tech_T13667,6,Day
T13668,Tech_T13668,8,Day
T13669,Tech_T13669,6,Mixed
T13670,Tech_T13670,1,Day
T13671,Tech_T13671,7,Mixed
T13672,Tech_T13672,7,Day
T13673,Tech_T13673,5,Evening
T13674,Tech_T13674,10,Evening
T13675,Tech_T13675,6,Mixed
T13676,Tech_T13676,5,Mixed
T13677,Tech_T13677,2,Evening
T13678,Tech_T13678,10,Day
T13679,Tech_T13679,10,Mixed
T13680,Tech_T13680,3,Day
T13681,Tech_T13681,7,Evening
T13682,Tech_T13682,8,Mixed
T13683,Tech_T13683,5,Day
T13684,Tech_T13684,2,Evening
T13685,Tech_T13685,6,Mixed
T13686,Tech_T13686,3,Mixed
T13687,Tech_T13687,3,Mixed
T13688,Tech_T13688,7,Day
T13689,Tech_T13689,5,Day
T13690,Tech_T13690,9,Evening
T13691,Tech_T13691,4,Evening
T13692,Tech_T13692,6,Evening
T13693,Tech_T13693,2,Day
T13694,Tech_T13694,6,Mixed
T13695,Tech_T13695,8,Evening
T13696,Tech_T13696,2,Day
T13697,Tech_T13697,8,Mixed
T13698,Tech_T13698,2,Mixed
T13699,Tech_T13699,2,Evening
T13700,Tech_T13700,7,Evening
T13701,Tech_T13701,10,Evening
T13702,Tech_T13702,6,Evening
T13703,Tech_T13703,10,Evening
T13704,Tech_T13704,8,Day
T13705,Tech_T13705,6,Mixed
T13706,Tech_T13706,10,Mixed
T13707,Tech_T13707,5,Mixed
T13708,Tech_T13708,3,Day
T13709,Tech_T13709,3,Mixed
T13710,Tech_T13710,10,Day
T13711,Tech_T13711,5,Mixed
T13712,Tech_T13712,10,Mixed
T13713,Tech_T13713,10,Mixed
T13714,Tech_T13714,7,Evening
T13715,Tech_T13715,8,Day
T13716,Tech_T13716,4,Mixed
T13717,Tech_T13717,9,Day
T13718,Tech_T13718,4,Mixed
T13719,Tech_T13719,10,Day
T13720,Tech_T13720,9,Evening
T13721,Tech_T13721,3,Evening
T13722,Tech_T13722,6,Evening
T13723,Tech_T13723,1,Mixed
T13724,Tech_T13724,8,Day
T13725,Tech_T13725,3,Evening
T13726,Tech_T13726,5,Day
T13727,Tech_T13727,3,Mixed
T13728,Tech_T13728,1,Mixed
T13729,Tech_T13729,8,Day
T13730,Tech_T13730,1,Day
T13731,Tech_T13731,3,Mixed
T13732,Tech_T13732,8,Evening
T13733,Tech_T13733,3,Mixed
T13734,Tech_T13734,2,Mixed
T13735,Tech_T13735,7,Evening
T13736,Tech_T13736,2,Evening
T13737,Tech_T13737,2,Mixed
T13738,Tech_T13738,5,Mixed
T13739,Tech_T13739,6,Mixed
T13740,Tech_T13740,9,Mixed
T13741,Tech_T13741,4,Day
T13742,Tech_T13742,10,Day
T13743,Tech_T13743,6,Day
T13744,Tech_T13744,1,Day
T13745,Tech_T13745,8,Mixed
T13746,Tech_T13746,4,Evening
T13747,Tech_T13747,9,Evening
T13748,Tech_T13748,7,Mixed
T13749,Tech_T13749,4,Mixed
T13750,Tech_T13750,7,Mixed
T13751,Tech_T13751,7,Day
T13752,Tech_T13752,3,Evening
T13753,Tech_T13753,8,Mixed
T13754,Tech_T13754,4,Evening
T13755,Tech_T13755,9,Mixed
T13756,Tech_T13756,1,Evening
T13757,Tech_T13757,6,Mixed
T13758,Tech_T13758,6,Evening
T13759,Tech_T13759,1,Evening
T13760,Tech_T13760,4,Day
T13761,Tech_T13761,10,Mixed
T13762,Tech_T13762,2,Evening
T13763,Tech_T13763,7,Mixed
T13764,Tech_T13764,2,Mixed
T13765,Tech_T13765,9,Evening
T13766,Tech_T13766,1,Day
T13767,Tech_T13767,3,Evening
T13768,Tech_T13768,2,Day
T13769,Tech_T13769,10,Day
T13770,Tech_T13770,6,Day
T13771,Tech_T13771,5,Day
T13772,Tech_T13772,5,Day
T13773,Tech_T13773,8,Day
T13774,Tech_T13774,1,Evening
T13775,Tech_T13775,2,Day
T13776,Tech_T13776,10,Mixed
T13777,Tech_T13777,10,Evening
T13778,Tech_T13778,9,Day
T13779,Tech_T13779,3,Mixed
T13780,Tech_T13780,3,Mixed
T13781,Tech_T13781,7,Mixed
T13782,Tech_T13782,5,Mixed
T13783,Tech_T13783,9,Mixed
T13784,Tech_T13784,2,Day
T13785,Tech_T13785,2,Evening
T13786,Tech_T13786,7,Evening
T13787,Tech_T13787,10,Mixed
T13788,Tech_T13788,3,Mixed
T13789,Tech_T13789,6,Evening
T13790,Tech_T13790,5,Evening
T13791,Tech_T13791,8,Day
T13792,Tech_T13792,6,Day
T13793,Tech_T13793,7,Mixed
T13794,Tech_T13794,5,Day
T13795,Tech_T13795,4,Evening
T13796,Tech_T13796,4,Day
T13797,Tech_T13797,8,Evening
T13798,Tech_T13798,7,Mixed
T13799,Tech_T13799,9,Mixed
T13800,Tech_T13800,10,Day
T13801,Tech_T13801,1,Day
T13802,Tech_T13802,8,Evening
T13803,Tech_T13803,10,Day
T13804,Tech_T13804,1,Day
T13805,Tech_T13805,8,Evening
T13806,Tech_T13806,3,Evening
T13807,Tech_T13807,3,Day
T13808,Tech_T13808,2,Day
T13809,Tech_T13809,6,Evening
T13810,Tech_T13810,6,Mixed
T13811,Tech_T13811,8,Day
T13812,Tech_T13812,7,Evening
T13813,Tech_T13813,4,Evening
T13814,Tech_T13814,6,Day
T13815,Tech_T13815,10,Evening
T13816,Tech_T13816,2,Mixed
T13817,Tech_T13817,1,Mixed
T13818,Tech_T13818,6,Day
T13819,Tech_T13819,8,Day
T13820,Tech_T13820,8,Mixed
T13821,Tech_T13821,7,Evening
T13822,Tech_T13822,10,Mixed
T13823,Tech_T13823,6,Day
T13824,Tech_T13824,5,Evening
T13825,Tech_T13825,10,Day
T13826,Tech_T13826,2,Day
T13827,Tech_T13827,1,Evening
T13828,Tech_T13828,3,Day
T13829,Tech_T13829,1,Day
T13830,Tech_T13830,3,Evening
T13831,Tech_T13831,9,Mixed
T13832,Tech_T13832,2,Day
T13833,Tech_T13833,8,Day
T13834,Tech_T13834,6,Mixed
T13835,Tech_T13835,1,Mixed
T13836,Tech_T13836,1,Day
T13837,Tech_T13837,10,Evening
T13838,Tech_T13838,1,Mixed
T13839,Tech_T13839,4,Day
T13840,Tech_T13840,9,Mixed
T13841,Tech_T13841,6,Evening
T13842,Tech_T13842,8,Mixed
T13843,Tech_T13843,3,Day
T13844,Tech_T13844,2,Mixed
T13845,Tech_T13845,10,Mixed
T13846,Tech_T13846,6,Evening
T13847,Tech_T13847,8,Evening
T13848,Tech_T13848,4,Evening
T13849,Tech_T13849,4,Mixed
T13850,Tech_T13850,2,Mixed
T13851,Tech_T13851,1,Evening
T13852,Tech_T13852,1,Mixed
T13853,Tech_T13853,5,Mixed
T13854,Tech_T13854,1,Evening
T13855,Tech_T13855,5,Evening
T13856,Tech_T13856,10,Evening
T13857,Tech_T13857,10,Evening
T13858,Tech_T13858,3,Day
T13859,Tech_T13859,5,Evening
T13860,Tech_T13860,4,Evening
T13861,Tech_T13861,6,Mixed
T13862,Tech_T13862,5,Mixed
T13863,Tech_T13863,6,Day
T13864,Tech_T13864,10,Day
T13865,Tech_T13865,6,Mixed
T13866,Tech_T13866,5,Mixed
T13867,Tech_T13867,4,Mixed
T13868,Tech_T13868,3,Evening
T13869,Tech_T13869,6,Evening
T13870,Tech_T13870,1,Day
T13871,Tech_T13871,3,Evening
T13872,Tech_T13872,2,Mixed
T13873,Tech_T13873,8,Day
T13874,Tech_T13874,7,Mixed
T13875,Tech_T13875,5,Mixed
T13876,Tech_T13876,9,Evening
T13877,Tech_T13877,2,Mixed
T13878,Tech_T13878,8,Day
T13879,Tech_T13879,4,Day
T13880,Tech_T13880,10,Mixed
T13881,Tech_T13881,8,Mixed
T13882,Tech_T13882,7,Evening
T13883,Tech_T13883,4,Evening
T13884,Tech_T13884,5,Evening
T13885,Tech_T13885,7,Mixed
T13886,Tech_T13886,4,Evening
T13887,Tech_T13887,1,Day
T13888,Tech_T13888,6,Day
T13889,Tech_T13889,8,Evening
T13890,Tech_T13890,8,Mixed
T13891,Tech_T13891,4,Evening
T13892,Tech_T13892,8,Mixed
T13893,Tech_T13893,2,Day
T13894,Tech_T13894,8,Evening
T13895,Tech_T13895,8,Mixed
T13896,Tech_T13896,9,Mixed
T13897,Tech_T13897,8,Day
T13898,Tech_T13898,7,Evening
T13899,Tech_T13899,3,Evening
T13900,Tech_T13900,4,Mixed
T13901,Tech_T13901,5,Evening
T13902,Tech_T13902,2,Day
T13903,Tech_T13903,4,Day
T13904,Tech_T13904,4,Evening
T13905,Tech_T13905,4,Evening
T13906,Tech_T13906,2,Mixed
T13907,Tech_T13907,6,Mixed
T13908,Tech_T13908,1,Mixed
T13909,Tech_T13909,6,Evening
T13910,Tech_T13910,4,Day
T13911,Tech_T13911,6,Mixed
T13912,Tech_T13912,6,Day
T13913,Tech_T13913,10,Evening
T13914,Tech_T13914,8,Day
T13915,Tech_T13915,10,Evening
T13916,Tech_T13916,2,Day
T13917,Tech_T13917,4,Day
T13918,Tech_T13918,2,Evening
T13919,Tech_T13919,9,Mixed
T13920,Tech_T13920,6,Day
T13921,Tech_T13921,9,Day
T13922,Tech_T13922,9,Mixed
T13923,Tech_T13923,3,Day
T13924,Tech_T13924,9,Evening
T13925,Tech_T13925,4,Evening
T13926,Tech_T13926,5,Evening
T13927,Tech_T13927,6,Evening
T13928,Tech_T13928,2,Mixed
T13929,Tech_T13929,6,Mixed
T13930,Tech_T13930,6,Day
T13931,Tech_T13931,6,Mixed
T13932,Tech_T13932,8,Day
T13933,Tech_T13933,9,Day
T13934,Tech_T13934,3,Day
T13935,Tech_T13935,5,Mixed
T13936,Tech_T13936,3,Day
T13937,Tech_T13937,1,Mixed
T13938,Tech_T13938,2,Evening
T13939,Tech_T13939,5,Mixed
T13940,Tech_T13940,10,Evening
T13941,Tech_T13941,8,Mixed
T13942,Tech_T13942,1,Evening
T13943,Tech_T13943,4,Evening
T13944,Tech_T13944,8,Mixed
T13945,Tech_T13945,4,Day
T13946,Tech_T13946,3,Mixed
T13947,Tech_T13947,8,Evening
T13948,Tech_T13948,9,Day
T13949,Tech_T13949,7,Day
T13950,Tech_T13950,4,Mixed
T13951,Tech_T13951,6,Mixed
T13952,Tech_T13952,4,Evening
T13953,Tech_T13953,3,Day
T13954,Tech_T13954,8,Evening
T13955,Tech_T13955,3,Evening
T13956,Tech_T13956,8,Evening
T13957,Tech_T13957,8,Mixed
T13958,Tech_T13958,2,Mixed
T13959,Tech_T13959,6,Evening
T13960,Tech_T13960,9,Evening
T13961,Tech_T13961,4,Mixed
T13962,Tech_T13962,6,Evening
T13963,Tech_T13963,7,Mixed
T13964,Tech_T13964,4,Day
T13965,Tech_T13965,3,Mixed
T13966,Tech_T13966,1,Evening
T13967,Tech_T13967,8,Evening
T13968,Tech_T13968,1,Day
T13969,Tech_T13969,10,Day
T13970,Tech_T13970,2,Evening
T13971,Tech_T13971,8,Day
T13972,Tech_T13972,8,Mixed
T13973,Tech_T13973,8,Evening
T13974,Tech_T13974,6,Evening
T13975,Tech_T13975,4,Evening
T13976,Tech_T13976,8,Mixed
T13977,Tech_T13977,8,Day
T13978,Tech_T13978,3,Evening
T13979,Tech_T13979,6,Mixed
T13980,Tech_T13980,8,Evening
T13981,Tech_T13981,6,Evening
T13982,Tech_T13982,9,Day
T13983,Tech_T13983,7,Day
T13984,Tech_T13984,2,Evening
T13985,Tech_T13985,8,Evening
T13986,Tech_T13986,9,Mixed
T13987,Tech_T13987,6,Mixed
T13988,Tech_T13988,6,Day
T13989,Tech_T13989,2,Day
T13990,Tech_T13990,7,Evening
T13991,Tech_T13991,6,Mixed
T13992,Tech_T13992,6,Mixed
T13993,Tech_T13993,9,Mixed
T13994,Tech_T13994,5,Evening
T13995,Tech_T13995,3,Evening
T13996,Tech_T13996,2,Day
T13997,Tech_T13997,7,Evening
T13998,Tech_T13998,10,Mixed
T13999,Tech_T13999,8,Mixed
T14000,Tech_T14000,7,Evening
T14001,Tech_T14001,6,Mixed
T14002,Tech_T14002,2,Evening
T14003,Tech_T14003,7,Mixed
T14004,Tech_T14004,9,Day
T14005,Tech_T14005,6,Mixed
T14006,Tech_T14006,1,Day
T14007,Tech_T14007,10,Evening
T14008,Tech_T14008,7,Evening
T14009,Tech_T14009,3,Day
T14010,Tech_T14010,4,Mixed
T14011,Tech_T14011,1,Day
T14012,Tech_T14012,9,Evening
T14013,Tech_T14013,5,Day
T14014,Tech_T14014,9,Day
T14015,Tech_T14015,9,Mixed
T14016,Tech_T14016,8,Mixed
T14017,Tech_T14017,1,Mixed
T14018,Tech_T14018,1,Day
T14019,Tech_T14019,1,Day
T14020,Tech_T14020,2,Mixed
T14021,Tech_T14021,4,Evening
T14022,Tech_T14022,8,Evening
T14023,Tech_T14023,9,Evening
T14024,Tech_T14024,7,Mixed
T14025,Tech_T14025,1,Mixed
T14026,Tech_T14026,6,Evening
T14027,Tech_T14027,2,Mixed
T14028,Tech_T14028,5,Evening
T14029,Tech_T14029,10,Day
T14030,Tech_T14030,7,Evening
T14031,Tech_T14031,10,Evening
T14032,Tech_T14032,9,Evening
T14033,Tech_T14033,4,Mixed
T14034,Tech_T14034,10,Day
T14035,Tech_T14035,2,Mixed
T14036,Tech_T14036,7,Day
T14037,Tech_T14037,2,Evening
T14038,Tech_T14038,6,Day
T14039,Tech_T14039,7,Mixed
T14040,Tech_T14040,4,Evening
T14041,Tech_T14041,3,Mixed
T14042,Tech_T14042,8,Mixed
T14043,Tech_T14043,3,Day
T14044,Tech_T14044,2,Day
T14045,Tech_T14045,10,Mixed
T14046,Tech_T14046,8,Evening
T14047,Tech_T14047,6,Evening
T14048,Tech_T14048,2,Evening
T14049,Tech_T14049,3,Evening
T14050,Tech_T14050,6,Evening
T14051,Tech_T14051,6,Mixed
T14052,Tech_T14052,6,Day
T14053,Tech_T14053,9,Day
T14054,Tech_T14054,10,Day
T14055,Tech_T14055,1,Mixed
T14056,Tech_T14056,2,Day
T14057,Tech_T14057,2,Day
T14058,Tech_T14058,9,Evening
T14059,Tech_T14059,9,Evening
T14060,Tech_T14060,9,Mixed
T14061,Tech_T14061,3,Mixed
T14062,Tech_T14062,4,Day
T14063,Tech_T14063,7,Day
T14064,Tech_T14064,6,Day
T14065,Tech_T14065,7,Day
T14066,Tech_T14066,4,Day
T14067,Tech_T14067,8,Evening
T14068,Tech_T14068,4,Mixed
T14069,Tech_T14069,5,Evening
T14070,Tech_T14070,7,Day
T14071,Tech_T14071,6,Day
T14072,Tech_T14072,3,Mixed
T14073,Tech_T14073,7,Evening
T14074,Tech_T14074,1,Day
T14075,Tech_T14075,10,Evening
T14076,Tech_T14076,7,Evening
T14077,Tech_T14077,5,Evening
T14078,Tech_T14078,3,Evening
T14079,Tech_T14079,4,Day
T14080,Tech_T14080,7,Evening
T14081,Tech_T14081,8,Evening
T14082,Tech_T14082,2,Evening
T14083,Tech_T14083,2,Day
T14084,Tech_T14084,10,Evening
T14085,Tech_T14085,1,Mixed
T14086,Tech_T14086,1,Evening
T14087,Tech_T14087,8,Evening
T14088,Tech_T14088,5,Mixed
T14089,Tech_T14089,9,Evening
T14090,Tech_T14090,4,Mixed
T14091,Tech_T14091,6,Evening
T14092,Tech_T14092,3,Day
T14093,Tech_T14093,5,Day
T14094,Tech_T14094,4,Evening
T14095,Tech_T14095,6,Day
T14096,Tech_T14096,1,Mixed
T14097,Tech_T14097,8,Mixed
T14098,Tech_T14098,3,Evening
T14099,Tech_T14099,7,Mixed
T14100,Tech_T14100,5,Day
T14101,Tech_T14101,1,Day
T14102,Tech_T14102,4,Evening
T14103,Tech_T14103,2,Day
T14104,Tech_T14104,4,Mixed
T14105,Tech_T14105,3,Day
T14106,Tech_T14106,7,Evening
T14107,Tech_T14107,6,Mixed
T14108,Tech_T14108,1,Mixed
T14109,Tech_T14109,4,Day
T14110,Tech_T14110,2,Day
T14111,Tech_T14111,2,Day
T14112,Tech_T14112,8,Day
T14113,Tech_T14113,4,Mixed
T14114,Tech_T14114,1,Mixed
T14115,Tech_T14115,10,Day
T14116,Tech_T14116,5,Day
T14117,Tech_T14117,7,Day
T14118,Tech_T14118,4,Day
T14119,Tech_T14119,4,Evening
T14120,Tech_T14120,10,Evening
T14121,Tech_T14121,5,Day
T14122,Tech_T14122,4,Day
T14123,Tech_T14123,10,Evening
T14124,Tech_T14124,2,Day
T14125,Tech_T14125,8,Evening
T14126,Tech_T14126,9,Evening
T14127,Tech_T14127,4,Mixed
T14128,Tech_T14128,7,Evening
T14129,Tech_T14129,5,Evening
T14130,Tech_T14130,9,Mixed
T14131,Tech_T14131,8,Day
T14132,Tech_T14132,10,Mixed
T14133,Tech_T14133,6,Mixed
T14134,Tech_T14134,10,Evening
T14135,Tech_T14135,7,Evening
T14136,Tech_T14136,8,Evening
T14137,Tech_T14137,7,Mixed
T14138,Tech_T14138,8,Evening
T14139,Tech_T14139,3,Evening
T14140,Tech_T14140,7,Mixed
T14141,Tech_T14141,5,Mixed
T14142,Tech_T14142,5,Evening
T14143,Tech_T14143,2,Mixed
T14144,Tech_T14144,9,Evening
T14145,Tech_T14145,5,Evening
T14146,Tech_T14146,1,Mixed
T14147,Tech_T14147,2,Day
T14148,Tech_T14148,5,Mixed
T14149,Tech_T14149,7,Evening
T14150,Tech_T14150,9,Day
T14151,Tech_T14151,5,Day
T14152,Tech_T14152,2,Mixed
T14153,Tech_T14153,2,Evening
T14154,Tech_T14154,10,Mixed
T14155,Tech_T14155,5,Evening
T14156,Tech_T14156,10,Mixed
T14157,Tech_T14157,5,Mixed
T14158,Tech_T14158,6,Day
T14159,Tech_T14159,1,Evening
T14160,Tech_T14160,1,Day
T14161,Tech_T14161,4,Evening
T14162,Tech_T14162,4,Day
T14163,Tech_T14163,7,Mixed
T14164,Tech_T14164,2,Mixed
T14165,Tech_T14165,2,Day
T14166,Tech_T14166,10,Mixed
T14167,Tech_T14167,1,Evening
T14168,Tech_T14168,9,Day
T14169,Tech_T14169,4,Evening
T14170,Tech_T14170,7,Day
T14171,Tech_T14171,3,Day
T14172,Tech_T14172,10,Day
T14173,Tech_T14173,8,Mixed
T14174,Tech_T14174,10,Day
T14175,Tech_T14175,1,Evening
T14176,Tech_T14176,10,Day
T14177,Tech_T14177,2,Mixed
T14178,Tech_T14178,10,Mixed
T14179,Tech_T14179,8,Mixed
T14180,Tech_T14180,9,Mixed
T14181,Tech_T14181,2,Evening
T14182,Tech_T14182,1,Day
T14183,Tech_T14183,7,Day
T14184,Tech_T14184,10,Day
T14185,Tech_T14185,4,Evening
T14186,Tech_T14186,8,Day
T14187,Tech_T14187,6,Mixed
T14188,Tech_T14188,10,Day
T14189,Tech_T14189,5,Mixed
T14190,Tech_T14190,10,Mixed
T14191,Tech_T14191,4,Day
T14192,Tech_T14192,5,Evening
T14193,Tech_T14193,2,Mixed
T14194,Tech_T14194,8,Mixed
T14195,Tech_T14195,10,Mixed
T14196,Tech_T14196,6,Day
T14197,Tech_T14197,1,Day
T14198,Tech_T14198,9,Evening
T14199,Tech_T14199,4,Mixed
T14200,Tech_T14200,7,Evening
T14201,Tech_T14201,3,Day
T14202,Tech_T14202,10,Evening
T14203,Tech_T14203,10,Evening
T14204,Tech_T14204,10,Day
T14205,Tech_T14205,4,Mixed
T14206,Tech_T14206,4,Day
T14207,Tech_T14207,5,Mixed
T14208,Tech_T14208,5,Day
T14209,Tech_T14209,10,Day
T14210,Tech_T14210,3,Evening
T14211,Tech_T14211,4,Evening
T14212,Tech_T14212,3,Day
T14213,Tech_T14213,1,Day
T14214,Tech_T14214,5,Mixed
T14215,Tech_T14215,3,Evening
T14216,Tech_T14216,6,Evening
T14217,Tech_T14217,7,Day
T14218,Tech_T14218,5,Evening
T14219,Tech_T14219,8,Mixed
T14220,Tech_T14220,2,Mixed
T14221,Tech_T14221,7,Day
T14222,Tech_T14222,4,Mixed
T14223,Tech_T14223,5,Mixed
T14224,Tech_T14224,7,Day
T14225,Tech_T14225,2,Day
T14226,Tech_T14226,6,Evening
T14227,Tech_T14227,4,Mixed
T14228,Tech_T14228,10,Day
T14229,Tech_T14229,1,Evening
T14230,Tech_T14230,1,Day
T14231,Tech_T14231,9,Evening
T14232,Tech_T14232,1,Mixed
T14233,Tech_T14233,10,Mixed
T14234,Tech_T14234,7,Mixed
T14235,Tech_T14235,1,Evening
T14236,Tech_T14236,8,Mixed
T14237,Tech_T14237,4,Mixed
T14238,Tech_T14238,3,Day
T14239,Tech_T14239,7,Mixed
T14240,Tech_T14240,10,Mixed
T14241,Tech_T14241,10,Mixed
T14242,Tech_T14242,8,Evening
T14243,Tech_T14243,9,Evening
T14244,Tech_T14244,5,Mixed
T14245,Tech_T14245,3,Evening
T14246,Tech_T14246,1,Evening
T14247,Tech_T14247,4,Mixed
T14248,Tech_T14248,2,Day
T14249,Tech_T14249,9,Day
T14250,Tech_T14250,10,Evening
T14251,Tech_T14251,4,Mixed
T14252,Tech_T14252,1,Mixed
T14253,Tech_T14253,5,Mixed
T14254,Tech_T14254,8,Evening
T14255,Tech_T14255,8,Mixed
T14256,Tech_T14256,2,Day
T14257,Tech_T14257,1,Mixed
T14258,Tech_T14258,6,Evening
T14259,Tech_T14259,7,Evening
T14260,Tech_T14260,5,Evening
T14261,Tech_T14261,2,Evening
T14262,Tech_T14262,7,Mixed
T14263,Tech_T14263,3,Mixed
T14264,Tech_T14264,3,Mixed
T14265,Tech_T14265,7,Evening
T14266,Tech_T14266,9,Day
T14267,Tech_T14267,3,Mixed
T14268,Tech_T14268,2,Day
T14269,Tech_T14269,6,Day
T14270,Tech_T14270,6,Evening
T14271,Tech_T14271,7,Day
T14272,Tech_T14272,5,Day
T14273,Tech_T14273,1,Day
T14274,Tech_T14274,7,Evening
T14275,Tech_T14275,6,Evening
T14276,Tech_T14276,10,Day
T14277,Tech_T14277,7,Evening
T14278,Tech_T14278,4,Day
T14279,Tech_T14279,3,Evening
T14280,Tech_T14280,7,Evening
T14281,Tech_T14281,9,Day
T14282,Tech_T14282,9,Mixed
T14283,Tech_T14283,4,Evening
T14284,Tech_T14284,2,Day
T14285,Tech_T14285,1,Mixed
T14286,Tech_T14286,8,Day
T14287,Tech_T14287,9,Mixed
T14288,Tech_T14288,7,Evening
T14289,Tech_T14289,10,Evening
T14290,Tech_T14290,10,Mixed
T14291,Tech_T14291,3,Mixed
T14292,Tech_T14292,4,Evening
T14293,Tech_T14293,3,Day
T14294,Tech_T14294,5,Day
T14295,Tech_T14295,4,Mixed
T14296,Tech_T14296,6,Day
T14297,Tech_T14297,3,Day
T14298,Tech_T14298,7,Mixed
T14299,Tech_T14299,2,Mixed
T14300,Tech_T14300,5,Mixed
T14301,Tech_T14301,9,Mixed
T14302,Tech_T14302,10,Mixed
T14303,Tech_T14303,8,Day
T14304,Tech_T14304,7,Day
T14305,Tech_T14305,3,Evening
T14306,Tech_T14306,3,Mixed
T14307,Tech_T14307,7,Evening
T14308,Tech_T14308,4,Evening
T14309,Tech_T14309,2,Mixed
T14310,Tech_T14310,8,Mixed
T14311,Tech_T14311,1,Evening
T14312,Tech_T14312,1,Mixed
T14313,Tech_T14313,2,Mixed
T14314,Tech_T14314,2,Mixed
T14315,Tech_T14315,2,Mixed
T14316,Tech_T14316,3,Mixed
T14317,Tech_T14317,3,Evening
T14318,Tech_T14318,8,Evening
T14319,Tech_T14319,6,Evening
T14320,Tech_T14320,5,Mixed
T14321,Tech_T14321,5,Day
T14322,Tech_T14322,2,Evening
T14323,Tech_T14323,9,Evening
T14324,Tech_T14324,5,Mixed
T14325,Tech_T14325,8,Mixed
T14326,Tech_T14326,3,Mixed
T14327,Tech_T14327,6,Mixed
T14328,Tech_T14328,8,Evening
T14329,Tech_T14329,7,Day
T14330,Tech_T14330,8,Evening
T14331,Tech_T14331,8,Day
T14332,Tech_T14332,7,Mixed
T14333,Tech_T14333,10,Evening
T14334,Tech_T14334,6,Day
T14335,Tech_T14335,9,Evening
T14336,Tech_T14336,10,Day
T14337,Tech_T14337,3,Evening
T14338,Tech_T14338,8,Mixed
T14339,Tech_T14339,2,Mixed
T14340,Tech_T14340,1,Mixed
T14341,Tech_T14341,7,Mixed
T14342,Tech_T14342,4,Day
T14343,Tech_T14343,8,Mixed
T14344,Tech_T14344,10,Evening
T14345,Tech_T14345,1,Mixed
T14346,Tech_T14346,3,Evening
T14347,Tech_T14347,3,Day
T14348,Tech_T14348,6,Evening
T14349,Tech_T14349,10,Day
T14350,Tech_T14350,10,Evening
T14351,Tech_T14351,2,Evening
T14352,Tech_T14352,5,Mixed
T14353,Tech_T14353,5,Mixed
T14354,Tech_T14354,1,Evening
T14355,Tech_T14355,10,Mixed
T14356,Tech_T14356,8,Day
T14357,Tech_T14357,6,Evening
T14358,Tech_T14358,6,Day
T14359,Tech_T14359,2,Day
T14360,Tech_T14360,10,Day
T14361,Tech_T14361,1,Evening
T14362,Tech_T14362,2,Day
T14363,Tech_T14363,2,Mixed
T14364,Tech_T14364,9,Mixed
T14365,Tech_T14365,9,Day
T14366,Tech_T14366,6,Mixed
T14367,Tech_T14367,2,Mixed
T14368,Tech_T14368,5,Mixed
T14369,Tech_T14369,10,Mixed
T14370,Tech_T14370,4,Day
T14371,Tech_T14371,6,Day
T14372,Tech_T14372,8,Mixed
T14373,Tech_T14373,6,Mixed
T14374,Tech_T14374,4,Evening
T14375,Tech_T14375,6,Mixed
T14376,Tech_T14376,6,Day
T14377,Tech_T14377,6,Evening
T14378,Tech_T14378,7,Mixed
T14379,Tech_T14379,6,Day
T14380,Tech_T14380,4,Evening
T14381,Tech_T14381,3,Mixed
T14382,Tech_T14382,9,Mixed
T14383,Tech_T14383,8,Mixed
T14384,Tech_T14384,5,Mixed
T14385,Tech_T14385,2,Evening
T14386,Tech_T14386,1,Mixed
T14387,Tech_T14387,5,Evening
T14388,Tech_T14388,5,Day
T14389,Tech_T14389,8,Day
T14390,Tech_T14390,8,Mixed
T14391,Tech_T14391,3,Day
T14392,Tech_T14392,7,Mixed
T14393,Tech_T14393,5,Evening
T14394,Tech_T14394,1,Day
T14395,Tech_T14395,2,Evening
T14396,Tech_T14396,7,Day
T14397,Tech_T14397,7,Evening
T14398,Tech_T14398,9,Mixed
T14399,Tech_T14399,8,Evening
T14400,Tech_T14400,7,Mixed
T14401,Tech_T14401,10,Mixed
T14402,Tech_T14402,5,Evening
T14403,Tech_T14403,6,Evening
T14404,Tech_T14404,2,Evening
T14405,Tech_T14405,4,Mixed
T14406,Tech_T14406,2,Day
T14407,Tech_T14407,10,Mixed
T14408,Tech_T14408,9,Evening
T14409,Tech_T14409,2,Evening
T14410,Tech_T14410,1,Evening
T14411,Tech_T14411,4,Evening
T14412,Tech_T14412,1,Mixed
T14413,Tech_T14413,4,Day
T14414,Tech_T14414,8,Day
T14415,Tech_T14415,4,Evening
T14416,Tech_T14416,7,Evening
T14417,Tech_T14417,5,Day
T14418,Tech_T14418,3,Day
T14419,Tech_T14419,8,Day
T14420,Tech_T14420,7,Day
T14421,Tech_T14421,2,Evening
T14422,Tech_T14422,2,Evening
T14423,Tech_T14423,3,Mixed
T14424,Tech_T14424,10,Day
T14425,Tech_T14425,3,Mixed
T14426,Tech_T14426,7,Evening
T14427,Tech_T14427,7,Mixed
T14428,Tech_T14428,7,Mixed
T14429,Tech_T14429,9,Day
T14430,Tech_T14430,8,Evening
T14431,Tech_T14431,9,Mixed
T14432,Tech_T14432,5,Mixed
T14433,Tech_T14433,9,Mixed
T14434,Tech_T14434,3,Mixed
T14435,Tech_T14435,4,Evening
T14436,Tech_T14436,2,Day
T14437,Tech_T14437,9,Day
T14438,Tech_T14438,7,Mixed
T14439,Tech_T14439,7,Day
T14440,Tech_T14440,5,Evening
T14441,Tech_T14441,8,Day
T14442,Tech_T14442,3,Evening
T14443,Tech_T14443,4,Evening
T14444,Tech_T14444,4,Day
T14445,Tech_T14445,10,Evening
T14446,Tech_T14446,7,Evening
T14447,Tech_T14447,8,Evening
T14448,Tech_T14448,4,Evening
T14449,Tech_T14449,9,Mixed
T14450,Tech_T14450,6,Mixed
T14451,Tech_T14451,8,Mixed
T14452,Tech_T14452,9,Mixed
T14453,Tech_T14453,5,Mixed
T14454,Tech_T14454,8,Mixed
T14455,Tech_T14455,6,Evening
T14456,Tech_T14456,10,Day
T14457,Tech_T14457,9,Evening
T14458,Tech_T14458,2,Mixed
T14459,Tech_T14459,2,Day
T14460,Tech_T14460,3,Day
T14461,Tech_T14461,9,Evening
T14462,Tech_T14462,7,Mixed
T14463,Tech_T14463,6,Evening
T14464,Tech_T14464,10,Day
T14465,Tech_T14465,3,Day
T14466,Tech_T14466,4,Mixed
T14467,Tech_T14467,7,Day
T14468,Tech_T14468,10,Mixed
T14469,Tech_T14469,8,Day
T14470,Tech_T14470,6,Day
T14471,Tech_T14471,5,Mixed
T14472,Tech_T14472,7,Mixed
T14473,Tech_T14473,6,Mixed
T14474,Tech_T14474,5,Mixed
T14475,Tech_T14475,7,Evening
T14476,Tech_T14476,9,Evening
T14477,Tech_T14477,1,Evening
T14478,Tech_T14478,1,Mixed
T14479,Tech_T14479,1,Day
T14480,Tech_T14480,1,Day
T14481,Tech_T14481,3,Day
T14482,Tech_T14482,1,Day
T14483,Tech_T14483,1,Mixed
T14484,Tech_T14484,2,Evening
T14485,Tech_T14485,9,Evening
T14486,Tech_T14486,7,Day
T14487,Tech_T14487,5,Evening
T14488,Tech_T14488,7,Day
T14489,Tech_T14489,4,Mixed
T14490,Tech_T14490,4,Evening
T14491,Tech_T14491,9,Mixed
T14492,Tech_T14492,1,Mixed
T14493,Tech_T14493,6,Evening
T14494,Tech_T14494,9,Mixed
T14495,Tech_T14495,10,Day
T14496,Tech_T14496,1,Evening
T14497,Tech_T14497,3,Day
T14498,Tech_T14498,5,Mixed
T14499,Tech_T14499,8,Day
T14500,Tech_T14500,8,Day
T14501,Tech_T14501,10,Evening
T14502,Tech_T14502,8,Day
T14503,Tech_T14503,9,Mixed
T14504,Tech_T14504,4,Evening
T14505,Tech_T14505,4,Day
T14506,Tech_T14506,3,Day
T14507,Tech_T14507,2,Evening
T14508,Tech_T14508,3,Evening
T14509,Tech_T14509,1,Day
T14510,Tech_T14510,7,Evening
T14511,Tech_T14511,5,Day
T14512,Tech_T14512,5,Evening
T14513,Tech_T14513,10,Evening
T14514,Tech_T14514,8,Evening
T14515,Tech_T14515,3,Evening
T14516,Tech_T14516,9,Mixed
T14517,Tech_T14517,9,Evening
T14518,Tech_T14518,10,Evening
T14519,Tech_T14519,6,Mixed
T14520,Tech_T14520,2,Evening
T14521,Tech_T14521,7,Mixed
T14522,Tech_T14522,7,Day
T14523,Tech_T14523,6,Mixed
T14524,Tech_T14524,4,Evening
T14525,Tech_T14525,5,Evening
T14526,Tech_T14526,5,Evening
T14527,Tech_T14527,8,Mixed
T14528,Tech_T14528,3,Day
T14529,Tech_T14529,1,Evening
T14530,Tech_T14530,4,Evening
T14531,Tech_T14531,8,Evening
T14532,Tech_T14532,4,Day
T14533,Tech_T14533,6,Day
T14534,Tech_T14534,5,Day
T14535,Tech_T14535,2,Day
T14536,Tech_T14536,1,Day
T14537,Tech_T14537,3,Mixed
T14538,Tech_T14538,5,Mixed
T14539,Tech_T14539,2,Evening
T14540,Tech_T14540,9,Evening
T14541,Tech_T14541,9,Evening
T14542,Tech_T14542,3,Day
T14543,Tech_T14543,2,Mixed
T14544,Tech_T14544,5,Evening
T14545,Tech_T14545,3,Day
T14546,Tech_T14546,8,Evening
T14547,Tech_T14547,5,Mixed
T14548,Tech_T14548,6,Evening
T14549,Tech_T14549,2,Evening
T14550,Tech_T14550,1,Day
T14551,Tech_T14551,5,Mixed
T14552,Tech_T14552,4,Mixed
T14553,Tech_T14553,2,Mixed
T14554,Tech_T14554,8,Day
T14555,Tech_T14555,3,Day
T14556,Tech_T14556,7,Evening
T14557,Tech_T14557,7,Day
T14558,Tech_T14558,10,Mixed
T14559,Tech_T14559,3,Mixed
T14560,Tech_T14560,8,Evening
T14561,Tech_T14561,10,Mixed
T14562,Tech_T14562,10,Day
T14563,Tech_T14563,9,Evening
T14564,Tech_T14564,7,Day
T14565,Tech_T14565,6,Day
T14566,Tech_T14566,2,Mixed
T14567,Tech_T14567,5,Day
T14568,Tech_T14568,1,Day
T14569,Tech_T14569,4,Day
T14570,Tech_T14570,5,Evening
T14571,Tech_T14571,10,Evening
T14572,Tech_T14572,5,Mixed
T14573,Tech_T14573,7,Evening
T14574,Tech_T14574,7,Mixed
T14575,Tech_T14575,10,Evening
T14576,Tech_T14576,10,Evening
T14577,Tech_T14577,7,Day
T14578,Tech_T14578,3,Mixed
T14579,Tech_T14579,8,Day
T14580,Tech_T14580,8,Mixed
T14581,Tech_T14581,9,Evening
T14582,Tech_T14582,7,Mixed
T14583,Tech_T14583,2,Evening
T14584,Tech_T14584,2,Day
T14585,Tech_T14585,8,Mixed
T14586,Tech_T14586,9,Evening
T14587,Tech_T14587,7,Evening
T14588,Tech_T14588,7,Day
T14589,Tech_T14589,8,Evening
T14590,Tech_T14590,9,Evening
T14591,Tech_T14591,5,Mixed
T14592,Tech_T14592,6,Evening
T14593,Tech_T14593,6,Evening
T14594,Tech_T14594,1,Evening
T14595,Tech_T14595,10,Day
T14596,Tech_T14596,10,Evening
T14597,Tech_T14597,2,Day
T14598,Tech_T14598,3,Mixed
T14599,Tech_T14599,10,Evening
T14600,Tech_T14600,8,Evening
T14601,Tech_T14601,1,Mixed
T14602,Tech_T14602,1,Evening
T14603,Tech_T14603,7,Evening
T14604,Tech_T14604,9,Mixed
T14605,Tech_T14605,3,Day
T14606,Tech_T14606,1,Mixed
T14607,Tech_T14607,8,Mixed
T14608,Tech_T14608,2,Day
T14609,Tech_T14609,2,Mixed
T14610,Tech_T14610,7,Mixed
T14611,Tech_T14611,10,Mixed
T14612,Tech_T14612,9,Day
T14613,Tech_T14613,10,Mixed
T14614,Tech_T14614,9,Day
T14615,Tech_T14615,6,Evening
T14616,Tech_T14616,6,Mixed
T14617,Tech_T14617,9,Evening
T14618,Tech_T14618,2,Evening
T14619,Tech_T14619,2,Mixed
T14620,Tech_T14620,8,Day
T14621,Tech_T14621,2,Day
T14622,Tech_T14622,8,Mixed
T14623,Tech_T14623,9,Evening
T14624,Tech_T14624,8,Mixed
T14625,Tech_T14625,4,Evening
T14626,Tech_T14626,6,Evening
T14627,Tech_T14627,4,Mixed
T14628,Tech_T14628,9,Mixed
T14629,Tech_T14629,5,Mixed
T14630,Tech_T14630,7,Mixed
T14631,Tech_T14631,6,Mixed
T14632,Tech_T14632,6,Mixed
T14633,Tech_T14633,4,Day
T14634,Tech_T14634,5,Evening
T14635,Tech_T14635,9,Evening
T14636,Tech_T14636,6,Evening
T14637,Tech_T14637,2,Day
T14638,Tech_T14638,6,Mixed
T14639,Tech_T14639,6,Evening
T14640,Tech_T14640,6,Day
T14641,Tech_T14641,2,Evening
T14642,Tech_T14642,7,Day
T14643,Tech_T14643,8,Evening
T14644,Tech_T14644,3,Mixed
T14645,Tech_T14645,4,Evening
T14646,Tech_T14646,1,Evening
T14647,Tech_T14647,9,Day
T14648,Tech_T14648,1,Mixed
T14649,Tech_T14649,6,Evening
T14650,Tech_T14650,5,Mixed
T14651,Tech_T14651,10,Evening
T14652,Tech_T14652,8,Mixed
T14653,Tech_T14653,10,Day
T14654,Tech_T14654,1,Mixed
T14655,Tech_T14655,7,Mixed
T14656,Tech_T14656,2,Mixed
T14657,Tech_T14657,5,Evening
T14658,Tech_T14658,5,Day
T14659,Tech_T14659,5,Mixed
T14660,Tech_T14660,5,Evening
T14661,Tech_T14661,7,Mixed
T14662,Tech_T14662,4,Day
T14663,Tech_T14663,4,Evening
T14664,Tech_T14664,9,Day
T14665,Tech_T14665,7,Day
T14666,Tech_T14666,2,Day
T14667,Tech_T14667,3,Evening
T14668,Tech_T14668,2,Mixed
T14669,Tech_T14669,4,Mixed
T14670,Tech_T14670,2,Mixed
T14671,Tech_T14671,1,Day
T14672,Tech_T14672,4,Mixed
T14673,Tech_T14673,1,Day
T14674,Tech_T14674,6,Evening
T14675,Tech_T14675,3,Mixed
T14676,Tech_T14676,1,Evening
T14677,Tech_T14677,3,Evening
T14678,Tech_T14678,1,Day
T14679,Tech_T14679,7,Day
T14680,Tech_T14680,8,Day
T14681,Tech_T14681,10,Day
T14682,Tech_T14682,6,Mixed
T14683,Tech_T14683,9,Mixed
T14684,Tech_T14684,2,Evening
T14685,Tech_T14685,6,Evening
T14686,Tech_T14686,9,Mixed
T14687,Tech_T14687,2,Evening
T14688,Tech_T14688,6,Mixed
T14689,Tech_T14689,10,Day
T14690,Tech_T14690,5,Day
T14691,Tech_T14691,5,Evening
T14692,Tech_T14692,10,Day
T14693,Tech_T14693,4,Day
T14694,Tech_T14694,3,Mixed
T14695,Tech_T14695,10,Evening
T14696,Tech_T14696,5,Mixed
T14697,Tech_T14697,3,Mixed
T14698,Tech_T14698,3,Evening
T14699,Tech_T14699,7,Day
T14700,Tech_T14700,7,Day
T14701,Tech_T14701,6,Day
T14702,Tech_T14702,2,Day
T14703,Tech_T14703,5,Mixed
T14704,Tech_T14704,3,Evening
T14705,Tech_T14705,1,Mixed
T14706,Tech_T14706,3,Evening
T14707,Tech_T14707,2,Day
T14708,Tech_T14708,3,Evening
T14709,Tech_T14709,5,Evening
T14710,Tech_T14710,6,Mixed
T14711,Tech_T14711,10,Evening
T14712,Tech_T14712,10,Day
T14713,Tech_T14713,3,Day
T14714,Tech_T14714,9,Evening
T14715,Tech_T14715,5,Mixed
T14716,Tech_T14716,1,Mixed
T14717,Tech_T14717,4,Mixed
T14718,Tech_T14718,4,Mixed
T14719,Tech_T14719,9,Mixed
T14720,Tech_T14720,8,Mixed
T14721,Tech_T14721,9,Day
T14722,Tech_T14722,7,Evening
T14723,Tech_T14723,4,Evening
T14724,Tech_T14724,2,Day
T14725,Tech_T14725,1,Evening
T14726,Tech_T14726,1,Day
T14727,Tech_T14727,8,Evening
T14728,Tech_T14728,7,Mixed
T14729,Tech_T14729,4,Evening
T14730,Tech_T14730,7,Mixed
T14731,Tech_T14731,4,Mixed
T14732,Tech_T14732,1,Evening
T14733,Tech_T14733,4,Mixed
T14734,Tech_T14734,5,Mixed
T14735,Tech_T14735,6,Day
T14736,Tech_T14736,6,Evening
T14737,Tech_T14737,1,Day
T14738,Tech_T14738,4,Mixed
T14739,Tech_T14739,1,Evening
T14740,Tech_T14740,1,Day
T14741,Tech_T14741,10,Mixed
T14742,Tech_T14742,6,Mixed
T14743,Tech_T14743,3,Day
T14744,Tech_T14744,2,Mixed
T14745,Tech_T14745,6,Day
T14746,Tech_T14746,10,Day
T14747,Tech_T14747,7,Mixed
T14748,Tech_T14748,9,Mixed
T14749,Tech_T14749,6,Evening
T14750,Tech_T14750,3,Evening
T14751,Tech_T14751,2,Evening
T14752,Tech_T14752,5,Evening
T14753,Tech_T14753,9,Day
T14754,Tech_T14754,3,Mixed
T14755,Tech_T14755,7,Day
T14756,Tech_T14756,8,Evening
T14757,Tech_T14757,1,Mixed
T14758,Tech_T14758,2,Evening
T14759,Tech_T14759,6,Evening
T14760,Tech_T14760,5,Day
T14761,Tech_T14761,4,Evening
T14762,Tech_T14762,5,Day
T14763,Tech_T14763,4,Mixed
T14764,Tech_T14764,7,Day
T14765,Tech_T14765,2,Evening
T14766,Tech_T14766,7,Mixed
T14767,Tech_T14767,7,Mixed
T14768,Tech_T14768,3,Evening
T14769,Tech_T14769,9,Mixed
T14770,Tech_T14770,7,Day
T14771,Tech_T14771,3,Mixed
T14772,Tech_T14772,5,Evening
T14773,Tech_T14773,1,Day
T14774,Tech_T14774,6,Day
T14775,Tech_T14775,8,Day
T14776,Tech_T14776,8,Evening
T14777,Tech_T14777,9,Mixed
T14778,Tech_T14778,2,Evening
T14779,Tech_T14779,9,Day
T14780,Tech_T14780,8,Evening
T14781,Tech_T14781,10,Evening
T14782,Tech_T14782,8,Evening
T14783,Tech_T14783,5,Mixed
T14784,Tech_T14784,4,Day
T14785,Tech_T14785,8,Evening
T14786,Tech_T14786,4,Day
T14787,Tech_T14787,5,Evening
T14788,Tech_T14788,5,Evening
T14789,Tech_T14789,8,Evening
T14790,Tech_T14790,9,Day
T14791,Tech_T14791,2,Day
T14792,Tech_T14792,6,Evening
T14793,Tech_T14793,2,Day
T14794,Tech_T14794,1,Mixed
T14795,Tech_T14795,8,Evening
T14796,Tech_T14796,8,Evening
T14797,Tech_T14797,8,Day
T14798,Tech_T14798,9,Day
T14799,Tech_T14799,9,Evening
T14800,Tech_T14800,5,Mixed
T14801,Tech_T14801,9,Day
T14802,Tech_T14802,2,Day
T14803,Tech_T14803,2,Evening
T14804,Tech_T14804,10,Mixed
T14805,Tech_T14805,1,Evening
T14806,Tech_T14806,4,Evening
T14807,Tech_T14807,3,Mixed
T14808,Tech_T14808,10,Evening
T14809,Tech_T14809,3,Mixed
T14810,Tech_T14810,2,Day
T14811,Tech_T14811,7,Evening
T14812,Tech_T14812,3,Day
T14813,Tech_T14813,1,Mixed
T14814,Tech_T14814,7,Evening
T14815,Tech_T14815,5,Mixed
T14816,Tech_T14816,1,Evening
T14817,Tech_T14817,8,Evening
T14818,Tech_T14818,1,Mixed
T14819,Tech_T14819,4,Evening
T14820,Tech_T14820,8,Mixed
T14821,Tech_T14821,7,Evening
T14822,Tech_T14822,10,Evening
T14823,Tech_T14823,4,Day
T14824,Tech_T14824,9,Mixed
T14825,Tech_T14825,10,Day
T14826,Tech_T14826,8,Evening
T14827,Tech_T14827,4,Evening
T14828,Tech_T14828,4,Evening
T14829,Tech_T14829,2,Day
T14830,Tech_T14830,8,Mixed
T14831,Tech_T14831,2,Evening
T14832,Tech_T14832,6,Mixed
T14833,Tech_T14833,5,Day
T14834,Tech_T14834,2,Mixed
T14835,Tech_T14835,4,Mixed
T14836,Tech_T14836,9,Day
T14837,Tech_T14837,1,Day
T14838,Tech_T14838,2,Evening
T14839,Tech_T14839,3,Evening
T14840,Tech_T14840,4,Day
T14841,Tech_T14841,8,Evening
T14842,Tech_T14842,9,Day
T14843,Tech_T14843,1,Evening
T14844,Tech_T14844,8,Evening
T14845,Tech_T14845,1,Evening
T14846,Tech_T14846,2,Day
T14847,Tech_T14847,3,Evening
T14848,Tech_T14848,7,Evening
T14849,Tech_T14849,3,Day
T14850,Tech_T14850,5,Day
T14851,Tech_T14851,3,Day
T14852,Tech_T14852,7,Day
T14853,Tech_T14853,6,Day
T14854,Tech_T14854,7,Evening
T14855,Tech_T14855,9,Mixed
T14856,Tech_T14856,10,Day
T14857,Tech_T14857,4,Evening
T14858,Tech_T14858,3,Evening
T14859,Tech_T14859,8,Mixed
T14860,Tech_T14860,5,Evening
T14861,Tech_T14861,10,Mixed
T14862,Tech_T14862,5,Evening
T14863,Tech_T14863,4,Mixed
T14864,Tech_T14864,6,Mixed
T14865,Tech_T14865,4,Evening
T14866,Tech_T14866,8,Mixed
T14867,Tech_T14867,1,Mixed
T14868,Tech_T14868,5,Mixed
T14869,Tech_T14869,7,Evening
T14870,Tech_T14870,6,Evening
T14871,Tech_T14871,4,Mixed
T14872,Tech_T14872,9,Mixed
T14873,Tech_T14873,8,Day
T14874,Tech_T14874,9,Mixed
T14875,Tech_T14875,1,Evening
T14876,Tech_T14876,10,Day
T14877,Tech_T14877,5,Evening
T14878,Tech_T14878,6,Day
T14879,Tech_T14879,8,Day
T14880,Tech_T14880,3,Mixed
T14881,Tech_T14881,1,Day
T14882,Tech_T14882,2,Day
T14883,Tech_T14883,5,Evening
T14884,Tech_T14884,10,Mixed
T14885,Tech_T14885,5,Day
T14886,Tech_T14886,6,Evening
T14887,Tech_T14887,10,Mixed
T14888,Tech_T14888,2,Evening
T14889,Tech_T14889,9,Day
T14890,Tech_T14890,5,Mixed
T14891,Tech_T14891,8,Mixed
T14892,Tech_T14892,4,Mixed
T14893,Tech_T14893,6,Evening
T14894,Tech_T14894,1,Mixed
T14895,Tech_T14895,7,Mixed
T14896,Tech_T14896,1,Mixed
T14897,Tech_T14897,6,Day
T14898,Tech_T14898,9,Day
T14899,Tech_T14899,2,Evening
T14900,Tech_T14900,7,Evening
T14901,Tech_T14901,7,Evening
T14902,Tech_T14902,2,Day
T14903,Tech_T14903,5,Day
T14904,Tech_T14904,8,Day
T14905,Tech_T14905,4,Evening
T14906,Tech_T14906,7,Day
T14907,Tech_T14907,10,Evening
T14908,Tech_T14908,4,Mixed
T14909,Tech_T14909,7,Day
T14910,Tech_T14910,5,Day
T14911,Tech_T14911,9,Mixed
T14912,Tech_T14912,10,Mixed
T14913,Tech_T14913,5,Day
T14914,Tech_T14914,5,Evening
T14915,Tech_T14915,7,Day
T14916,Tech_T14916,4,Evening
T14917,Tech_T14917,1,Evening
T14918,Tech_T14918,4,Evening
T14919,Tech_T14919,9,Mixed
T14920,Tech_T14920,5,Mixed
T14921,Tech_T14921,7,Mixed
T14922,Tech_T14922,9,Day
T14923,Tech_T14923,9,Day
T14924,Tech_T14924,2,Mixed
T14925,Tech_T14925,9,Evening
T14926,Tech_T14926,7,Day
T14927,Tech_T14927,1,Day
T14928,Tech_T14928,1,Day
T14929,Tech_T14929,8,Mixed
T14930,Tech_T14930,6,Mixed
T14931,Tech_T14931,10,Day
T14932,Tech_T14932,4,Evening
T14933,Tech_T14933,7,Mixed
T14934,Tech_T14934,3,Evening
T14935,Tech_T14935,6,Evening
T14936,Tech_T14936,9,Mixed
T14937,Tech_T14937,7,Day
T14938,Tech_T14938,10,Evening
T14939,Tech_T14939,7,Mixed
T14940,Tech_T14940,1,Day
T14941,Tech_T14941,1,Evening
T14942,Tech_T14942,1,Evening
T14943,Tech_T14943,8,Evening
T14944,Tech_T14944,3,Mixed
T14945,Tech_T14945,4,Day
T14946,Tech_T14946,2,Evening
T14947,Tech_T14947,6,Mixed
T14948,Tech_T14948,9,Evening
T14949,Tech_T14949,7,Day
T14950,Tech_T14950,10,Day
T14951,Tech_T14951,7,Mixed
T14952,Tech_T14952,7,Day
T14953,Tech_T14953,4,Day
T14954,Tech_T14954,3,Day
T14955,Tech_T14955,8,Day
T14956,Tech_T14956,9,Mixed
T14957,Tech_T14957,8,Mixed
T14958,Tech_T14958,5,Mixed
T14959,Tech_T14959,10,Mixed
T14960,Tech_T14960,3,Evening
T14961,Tech_T14961,1,Day
T14962,Tech_T14962,5,Evening
T14963,Tech_T14963,4,Evening
T14964,Tech_T14964,6,Day
T14965,Tech_T14965,10,Mixed
T14966,Tech_T14966,4,Day
T14967,Tech_T14967,9,Evening
T14968,Tech_T14968,1,Mixed
T14969,Tech_T14969,2,Day
T14970,Tech_T14970,1,Day
T14971,Tech_T14971,2,Evening
T14972,Tech_T14972,10,Evening
T14973,Tech_T14973,3,Day
T14974,Tech_T14974,1,Mixed
T14975,Tech_T14975,8,Mixed
T14976,Tech_T14976,4,Mixed
T14977,Tech_T14977,4,Mixed
T14978,Tech_T14978,10,Day
T14979,Tech_T14979,2,Day
T14980,Tech_T14980,3,Evening
T14981,Tech_T14981,8,Mixed
T14982,Tech_T14982,9,Day
T14983,Tech_T14983,8,Evening
T14984,Tech_T14984,7,Mixed
T14985,Tech_T14985,2,Mixed
T14986,Tech_T14986,1,Day
T14987,Tech_T14987,4,Mixed
T14988,Tech_T14988,4,Day
T14989,Tech_T14989,9,Mixed
T14990,Tech_T14990,6,Evening
T14991,Tech_T14991,5,Day
T14992,Tech_T14992,9,Mixed
T14993,Tech_T14993,10,Evening
T14994,Tech_T14994,3,Evening
T14995,Tech_T14995,9,Mixed
T14996,Tech_T14996,2,Day
T14997,Tech_T14997,2,Mixed
T14998,Tech_T14998,5,Evening
T14999,Tech_T14999,10,Evening
T15000,Tech_T15000,7,Mixed
T15001,Tech_T15001,4,Day
T15002,Tech_T15002,8,Evening
T15003,Tech_T15003,3,Day
T15004,Tech_T15004,9,Evening
T15005,Tech_T15005,10,Day
T15006,Tech_T15006,7,Day
T15007,Tech_T15007,7,Evening
T15008,Tech_T15008,3,Evening
T15009,Tech_T15009,3,Day
T15010,Tech_T15010,5,Evening
T15011,Tech_T15011,7,Evening
T15012,Tech_T15012,2,Evening
T15013,Tech_T15013,1,Mixed
T15014,Tech_T15014,5,Day
T15015,Tech_T15015,3,Mixed
T15016,Tech_T15016,10,Mixed
T15017,Tech_T15017,6,Day
T15018,Tech_T15018,4,Mixed
T15019,Tech_T15019,9,Day
T15020,Tech_T15020,9,Evening
T15021,Tech_T15021,9,Day
T15022,Tech_T15022,1,Evening
T15023,Tech_T15023,2,Evening
T15024,Tech_T15024,8,Mixed
T15025,Tech_T15025,8,Mixed
T15026,Tech_T15026,2,Day
T15027,Tech_T15027,3,Mixed
T15028,Tech_T15028,5,Day
T15029,Tech_T15029,1,Mixed
T15030,Tech_T15030,7,Evening
T15031,Tech_T15031,7,Day
T15032,Tech_T15032,7,Mixed
T15033,Tech_T15033,4,Mixed
T15034,Tech_T15034,2,Day
T15035,Tech_T15035,5,Mixed
T15036,Tech_T15036,8,Evening
T15037,Tech_T15037,6,Mixed
T15038,Tech_T15038,6,Mixed
T15039,Tech_T15039,7,Day
T15040,Tech_T15040,9,Evening
T15041,Tech_T15041,5,Evening
T15042,Tech_T15042,7,Evening
T15043,Tech_T15043,6,Evening
T15044,Tech_T15044,1,Evening
T15045,Tech_T15045,5,Mixed
T15046,Tech_T15046,1,Day
T15047,Tech_T15047,3,Day
T15048,Tech_T15048,3,Mixed
T15049,Tech_T15049,1,Day
T15050,Tech_T15050,4,Evening
T15051,Tech_T15051,3,Day
T15052,Tech_T15052,8,Evening
T15053,Tech_T15053,5,Mixed
T15054,Tech_T15054,8,Evening
T15055,Tech_T15055,4,Evening
T15056,Tech_T15056,5,Evening
T15057,Tech_T15057,2,Evening
T15058,Tech_T15058,1,Mixed
T15059,Tech_T15059,3,Day
T15060,Tech_T15060,1,Mixed
T15061,Tech_T15061,4,Mixed
T15062,Tech_T15062,5,Mixed
T15063,Tech_T15063,6,Mixed
T15064,Tech_T15064,9,Mixed
T15065,Tech_T15065,4,Day
T15066,Tech_T15066,7,Evening
T15067,Tech_T15067,6,Day
T15068,Tech_T15068,1,Evening
T15069,Tech_T15069,5,Evening
T15070,Tech_T15070,9,Mixed
T15071,Tech_T15071,9,Day
T15072,Tech_T15072,9,Mixed
T15073,Tech_T15073,1,Mixed
T15074,Tech_T15074,3,Day
T15075,Tech_T15075,6,Mixed
T15076,Tech_T15076,7,Mixed
T15077,Tech_T15077,4,Evening
T15078,Tech_T15078,4,Evening
T15079,Tech_T15079,8,Evening
T15080,Tech_T15080,4,Evening
T15081,Tech_T15081,2,Day
T15082,Tech_T15082,10,Mixed
T15083,Tech_T15083,8,Mixed
T15084,Tech_T15084,10,Day
T15085,Tech_T15085,8,Evening
T15086,Tech_T15086,1,Day
T15087,Tech_T15087,8,Mixed
T15088,Tech_T15088,2,Mixed
T15089,Tech_T15089,8,Evening
T15090,Tech_T15090,8,Mixed
T15091,Tech_T15091,6,Evening
T15092,Tech_T15092,4,Evening
T15093,Tech_T15093,6,Evening
T15094,Tech_T15094,6,Evening
T15095,Tech_T15095,6,Mixed
T15096,Tech_T15096,10,Mixed
T15097,Tech_T15097,1,Day
T15098,Tech_T15098,5,Mixed
T15099,Tech_T15099,7,Evening
T15100,Tech_T15100,10,Day
T15101,Tech_T15101,9,Day
T15102,Tech_T15102,10,Mixed
T15103,Tech_T15103,9,Day
T15104,Tech_T15104,9,Day
T15105,Tech_T15105,5,Mixed
T15106,Tech_T15106,2,Mixed
T15107,Tech_T15107,1,Day
T15108,Tech_T15108,10,Mixed
T15109,Tech_T15109,6,Evening
T15110,Tech_T15110,1,Evening
T15111,Tech_T15111,10,Day
T15112,Tech_T15112,9,Day
T15113,Tech_T15113,1,Evening
T15114,Tech_T15114,9,Day
T15115,Tech_T15115,7,Day
T15116,Tech_T15116,6,Day
T15117,Tech_T15117,10,Mixed
T15118,Tech_T15118,10,Day
T15119,Tech_T15119,8,Day
T15120,Tech_T15120,5,Evening
T15121,Tech_T15121,1,Day
T15122,Tech_T15122,10,Evening
T15123,Tech_T15123,2,Mixed
T15124,Tech_T15124,7,Day
T15125,Tech_T15125,8,Evening
T15126,Tech_T15126,2,Day
T15127,Tech_T15127,4,Evening
T15128,Tech_T15128,3,Day
T15129,Tech_T15129,4,Mixed
T15130,Tech_T15130,2,Mixed
T15131,Tech_T15131,3,Evening
T15132,Tech_T15132,4,Evening
T15133,Tech_T15133,8,Day
T15134,Tech_T15134,10,Mixed
T15135,Tech_T15135,3,Day
T15136,Tech_T15136,6,Mixed
T15137,Tech_T15137,7,Day
T15138,Tech_T15138,3,Mixed
T15139,Tech_T15139,9,Mixed
T15140,Tech_T15140,3,Evening
T15141,Tech_T15141,1,Day
T15142,Tech_T15142,2,Day
T15143,Tech_T15143,10,Mixed
T15144,Tech_T15144,4,Day
T15145,Tech_T15145,8,Day
T15146,Tech_T15146,7,Day
T15147,Tech_T15147,6,Evening
T15148,Tech_T15148,4,Mixed
T15149,Tech_T15149,2,Mixed
T15150,Tech_T15150,6,Mixed
T15151,Tech_T15151,10,Mixed
T15152,Tech_T15152,4,Mixed
T15153,Tech_T15153,7,Evening
T15154,Tech_T15154,5,Evening
T15155,Tech_T15155,1,Evening
T15156,Tech_T15156,6,Day
T15157,Tech_T15157,2,Evening
T15158,Tech_T15158,6,Day
T15159,Tech_T15159,1,Evening
T15160,Tech_T15160,5,Mixed
T15161,Tech_T15161,5,Day
T15162,Tech_T15162,6,Evening
T15163,Tech_T15163,2,Mixed
T15164,Tech_T15164,7,Day
T15165,Tech_T15165,1,Day
T15166,Tech_T15166,3,Mixed
T15167,Tech_T15167,10,Mixed
T15168,Tech_T15168,9,Mixed
T15169,Tech_T15169,3,Day
T15170,Tech_T15170,7,Mixed
T15171,Tech_T15171,3,Mixed
T15172,Tech_T15172,2,Evening
T15173,Tech_T15173,9,Evening
T15174,Tech_T15174,10,Mixed
T15175,Tech_T15175,5,Day
T15176,Tech_T15176,10,Mixed
T15177,Tech_T15177,7,Mixed
T15178,Tech_T15178,5,Evening
T15179,Tech_T15179,7,Mixed
T15180,Tech_T15180,7,Day
T15181,Tech_T15181,1,Day
T15182,Tech_T15182,8,Day
T15183,Tech_T15183,7,Mixed
T15184,Tech_T15184,5,Evening
T15185,Tech_T15185,3,Day
T15186,Tech_T15186,4,Evening
T15187,Tech_T15187,2,Mixed
T15188,Tech_T15188,4,Day
T15189,Tech_T15189,9,Day
T15190,Tech_T15190,5,Day
T15191,Tech_T15191,1,Mixed
T15192,Tech_T15192,8,Evening
T15193,Tech_T15193,9,Evening
T15194,Tech_T15194,9,Evening
T15195,Tech_T15195,8,Evening
T15196,Tech_T15196,7,Mixed
T15197,Tech_T15197,10,Mixed
T15198,Tech_T15198,5,Evening
T15199,Tech_T15199,1,Evening
T15200,Tech_T15200,9,Evening
T15201,Tech_T15201,1,Mixed
T15202,Tech_T15202,6,Evening
T15203,Tech_T15203,3,Evening
T15204,Tech_T15204,5,Evening
T15205,Tech_T15205,3,Mixed
T15206,Tech_T15206,6,Day
T15207,Tech_T15207,4,Day
T15208,Tech_T15208,6,Evening
T15209,Tech_T15209,7,Day
T15210,Tech_T15210,6,Day
T15211,Tech_T15211,3,Evening
T15212,Tech_T15212,3,Evening
T15213,Tech_T15213,5,Mixed
T15214,Tech_T15214,6,Mixed
T15215,Tech_T15215,7,Evening
T15216,Tech_T15216,6,Mixed
T15217,Tech_T15217,5,Evening
T15218,Tech_T15218,1,Mixed
T15219,Tech_T15219,9,Day
T15220,Tech_T15220,2,Mixed
T15221,Tech_T15221,8,Mixed
T15222,Tech_T15222,9,Evening
T15223,Tech_T15223,9,Mixed
T15224,Tech_T15224,7,Evening
T15225,Tech_T15225,1,Mixed
T15226,Tech_T15226,10,Day
T15227,Tech_T15227,4,Mixed
T15228,Tech_T15228,7,Day
T15229,Tech_T15229,4,Day
T15230,Tech_T15230,7,Evening
T15231,Tech_T15231,10,Mixed
T15232,Tech_T15232,3,Evening
T15233,Tech_T15233,3,Evening
T15234,Tech_T15234,2,Day
T15235,Tech_T15235,4,Evening
T15236,Tech_T15236,4,Evening
T15237,Tech_T15237,5,Mixed
T15238,Tech_T15238,3,Evening
T15239,Tech_T15239,10,Mixed
T15240,Tech_T15240,8,Day
T15241,Tech_T15241,4,Mixed
T15242,Tech_T15242,6,Mixed
T15243,Tech_T15243,5,Mixed
T15244,Tech_T15244,5,Evening
T15245,Tech_T15245,4,Evening
T15246,Tech_T15246,5,Mixed
T15247,Tech_T15247,8,Mixed
T15248,Tech_T15248,8,Day
T15249,Tech_T15249,2,Evening
T15250,Tech_T15250,1,Evening
T15251,Tech_T15251,10,Day
T15252,Tech_T15252,4,Mixed
T15253,Tech_T15253,6,Evening
T15254,Tech_T15254,10,Evening
T15255,Tech_T15255,6,Mixed
T15256,Tech_T15256,1,Mixed
T15257,Tech_T15257,7,Day
T15258,Tech_T15258,8,Evening
T15259,Tech_T15259,4,Mixed
T15260,Tech_T15260,5,Mixed
T15261,Tech_T15261,7,Day
T15262,Tech_T15262,3,Day
T15263,Tech_T15263,5,Mixed
T15264,Tech_T15264,1,Evening
T15265,Tech_T15265,3,Evening
T15266,Tech_T15266,4,Day
T15267,Tech_T15267,2,Evening
T15268,Tech_T15268,5,Mixed
T15269,Tech_T15269,1,Evening
T15270,Tech_T15270,2,Day
T15271,Tech_T15271,10,Mixed
T15272,Tech_T15272,10,Mixed
T15273,Tech_T15273,7,Evening
T15274,Tech_T15274,4,Evening
T15275,Tech_T15275,4,Mixed
T15276,Tech_T15276,6,Mixed
T15277,Tech_T15277,10,Day
T15278,Tech_T15278,7,Mixed
T15279,Tech_T15279,9,Mixed
T15280,Tech_T15280,5,Evening
T15281,Tech_T15281,9,Mixed
T15282,Tech_T15282,9,Evening
T15283,Tech_T15283,3,Mixed
T15284,Tech_T15284,2,Day
T15285,Tech_T15285,10,Evening
T15286,Tech_T15286,10,Evening
T15287,Tech_T15287,10,Mixed
T15288,Tech_T15288,8,Day
T15289,Tech_T15289,10,Evening
T15290,Tech_T15290,6,Mixed
T15291,Tech_T15291,6,Evening
T15292,Tech_T15292,2,Evening
T15293,Tech_T15293,10,Evening
T15294,Tech_T15294,1,Evening
T15295,Tech_T15295,5,Day
T15296,Tech_T15296,3,Day
T15297,Tech_T15297,8,Mixed
T15298,Tech_T15298,9,Mixed
T15299,Tech_T15299,1,Day
T15300,Tech_T15300,10,Mixed
T15301,Tech_T15301,9,Day
T15302,Tech_T15302,2,Day
T15303,Tech_T15303,2,Evening
T15304,Tech_T15304,6,Mixed
T15305,Tech_T15305,4,Day
T15306,Tech_T15306,6,Day
T15307,Tech_T15307,7,Mixed
T15308,Tech_T15308,5,Evening
T15309,Tech_T15309,7,Mixed
T15310,Tech_T15310,4,Day
T15311,Tech_T15311,4,Evening
T15312,Tech_T15312,5,Mixed
T15313,Tech_T15313,10,Mixed
T15314,Tech_T15314,2,Evening
T15315,Tech_T15315,9,Evening
T15316,Tech_T15316,9,Mixed
T15317,Tech_T15317,9,Evening
T15318,Tech_T15318,10,Mixed
T15319,Tech_T15319,3,Evening
T15320,Tech_T15320,10,Day
T15321,Tech_T15321,7,Evening
T15322,Tech_T15322,9,Day
T15323,Tech_T15323,6,Day
T15324,Tech_T15324,10,Evening
T15325,Tech_T15325,1,Day
T15326,Tech_T15326,10,Evening
T15327,Tech_T15327,9,Day
T15328,Tech_T15328,7,Mixed
T15329,Tech_T15329,9,Day
T15330,Tech_T15330,4,Day
T15331,Tech_T15331,3,Mixed
T15332,Tech_T15332,5,Day
T15333,Tech_T15333,8,Day
T15334,Tech_T15334,7,Evening
T15335,Tech_T15335,4,Day
T15336,Tech_T15336,2,Evening
T15337,Tech_T15337,4,Mixed
T15338,Tech_T15338,1,Evening
T15339,Tech_T15339,9,Evening
T15340,Tech_T15340,5,Day
T15341,Tech_T15341,4,Mixed
T15342,Tech_T15342,7,Mixed
T15343,Tech_T15343,8,Evening
T15344,Tech_T15344,8,Mixed
T15345,Tech_T15345,2,Evening
T15346,Tech_T15346,7,Evening
T15347,Tech_T15347,2,Mixed
T15348,Tech_T15348,5,Day
T15349,Tech_T15349,5,Evening
T15350,Tech_T15350,8,Evening
T15351,Tech_T15351,5,Mixed
T15352,Tech_T15352,4,Mixed
T15353,Tech_T15353,8,Evening
T15354,Tech_T15354,2,Mixed
T15355,Tech_T15355,7,Mixed
T15356,Tech_T15356,3,Evening
T15357,Tech_T15357,6,Day
T15358,Tech_T15358,10,Evening
T15359,Tech_T15359,4,Mixed
T15360,Tech_T15360,8,Mixed
T15361,Tech_T15361,6,Day
T15362,Tech_T15362,2,Evening
T15363,Tech_T15363,10,Day
T15364,Tech_T15364,3,Mixed
T15365,Tech_T15365,10,Evening
T15366,Tech_T15366,7,Evening
T15367,Tech_T15367,2,Mixed
T15368,Tech_T15368,1,Evening
T15369,Tech_T15369,3,Evening
T15370,Tech_T15370,4,Evening
T15371,Tech_T15371,1,Mixed
T15372,Tech_T15372,2,Mixed
T15373,Tech_T15373,8,Mixed
T15374,Tech_T15374,7,Mixed
T15375,Tech_T15375,1,Mixed
T15376,Tech_T15376,1,Day
T15377,Tech_T15377,8,Day
T15378,Tech_T15378,1,Mixed
T15379,Tech_T15379,10,Day
T15380,Tech_T15380,6,Evening
T15381,Tech_T15381,6,Day
T15382,Tech_T15382,5,Day
T15383,Tech_T15383,9,Day
T15384,Tech_T15384,9,Day
T15385,Tech_T15385,10,Mixed
T15386,Tech_T15386,3,Mixed
T15387,Tech_T15387,5,Evening
T15388,Tech_T15388,9,Evening
T15389,Tech_T15389,10,Evening
T15390,Tech_T15390,2,Mixed
T15391,Tech_T15391,2,Day
T15392,Tech_T15392,10,Evening
T15393,Tech_T15393,8,Evening
T15394,Tech_T15394,9,Day
T15395,Tech_T15395,9,Evening
T15396,Tech_T15396,10,Evening
T15397,Tech_T15397,10,Day
T15398,Tech_T15398,1,Evening
T15399,Tech_T15399,3,Day
T15400,Tech_T15400,1,Mixed
T15401,Tech_T15401,8,Mixed
T15402,Tech_T15402,1,Day
T15403,Tech_T15403,7,Day
T15404,Tech_T15404,7,Mixed
T15405,Tech_T15405,5,Evening
T15406,Tech_T15406,9,Mixed
T15407,Tech_T15407,7,Evening
T15408,Tech_T15408,1,Day
T15409,Tech_T15409,1,Day
T15410,Tech_T15410,5,Evening
T15411,Tech_T15411,8,Evening
T15412,Tech_T15412,1,Evening
T15413,Tech_T15413,4,Day
T15414,Tech_T15414,3,Evening
T15415,Tech_T15415,9,Mixed
T15416,Tech_T15416,10,Mixed
T15417,Tech_T15417,2,Day
T15418,Tech_T15418,5,Day
T15419,Tech_T15419,7,Day
T15420,Tech_T15420,10,Day
T15421,Tech_T15421,2,Mixed
T15422,Tech_T15422,6,Evening
T15423,Tech_T15423,1,Evening
T15424,Tech_T15424,4,Evening
T15425,Tech_T15425,10,Mixed
T15426,Tech_T15426,8,Mixed
T15427,Tech_T15427,7,Evening
T15428,Tech_T15428,8,Evening
T15429,Tech_T15429,7,Evening
T15430,Tech_T15430,10,Mixed
T15431,Tech_T15431,2,Evening
T15432,Tech_T15432,3,Evening
T15433,Tech_T15433,5,Evening
T15434,Tech_T15434,7,Evening
T15435,Tech_T15435,10,Evening
T15436,Tech_T15436,4,Evening
T15437,Tech_T15437,10,Evening
T15438,Tech_T15438,7,Mixed
T15439,Tech_T15439,9,Mixed
T15440,Tech_T15440,9,Evening
T15441,Tech_T15441,6,Day
T15442,Tech_T15442,3,Mixed
T15443,Tech_T15443,3,Mixed
T15444,Tech_T15444,5,Mixed
T15445,Tech_T15445,6,Evening
T15446,Tech_T15446,3,Mixed
T15447,Tech_T15447,3,Day
T15448,Tech_T15448,5,Mixed
T15449,Tech_T15449,10,Evening
T15450,Tech_T15450,2,Mixed
T15451,Tech_T15451,8,Mixed
T15452,Tech_T15452,3,Mixed
T15453,Tech_T15453,1,Mixed
T15454,Tech_T15454,4,Day
T15455,Tech_T15455,6,Day
T15456,Tech_T15456,7,Mixed
T15457,Tech_T15457,8,Day
T15458,Tech_T15458,6,Evening
T15459,Tech_T15459,5,Evening
T15460,Tech_T15460,6,Day
T15461,Tech_T15461,1,Mixed
T15462,Tech_T15462,2,Day
T15463,Tech_T15463,7,Mixed
T15464,Tech_T15464,7,Day
T15465,Tech_T15465,7,Mixed
T15466,Tech_T15466,3,Day
T15467,Tech_T15467,4,Mixed
T15468,Tech_T15468,10,Day
T15469,Tech_T15469,5,Mixed
T15470,Tech_T15470,8,Mixed
T15471,Tech_T15471,9,Day
T15472,Tech_T15472,9,Day
T15473,Tech_T15473,4,Day
T15474,Tech_T15474,1,Evening
T15475,Tech_T15475,5,Evening
T15476,Tech_T15476,8,Day
T15477,Tech_T15477,8,Evening
T15478,Tech_T15478,2,Mixed
T15479,Tech_T15479,8,Mixed
T15480,Tech_T15480,7,Day
T15481,Tech_T15481,9,Day
T15482,Tech_T15482,6,Evening
T15483,Tech_T15483,7,Mixed
T15484,Tech_T15484,3,Day
T15485,Tech_T15485,7,Mixed
T15486,Tech_T15486,2,Evening
T15487,Tech_T15487,3,Day
T15488,Tech_T15488,10,Mixed
T15489,Tech_T15489,10,Day
T15490,Tech_T15490,8,Day
T15491,Tech_T15491,8,Evening
T15492,Tech_T15492,3,Mixed
T15493,Tech_T15493,6,Evening
T15494,Tech_T15494,4,Evening
T15495,Tech_T15495,7,Mixed
T15496,Tech_T15496,7,Day
T15497,Tech_T15497,7,Mixed
T15498,Tech_T15498,6,Mixed
T15499,Tech_T15499,7,Mixed
T15500,Tech_T15500,3,Evening
T15501,Tech_T15501,3,Mixed
T15502,Tech_T15502,5,Evening
T15503,Tech_T15503,3,Day
T15504,Tech_T15504,7,Day
T15505,Tech_T15505,3,Day
T15506,Tech_T15506,9,Mixed
T15507,Tech_T15507,3,Evening
T15508,Tech_T15508,1,Mixed
T15509,Tech_T15509,4,Mixed
T15510,Tech_T15510,5,Day
T15511,Tech_T15511,1,Mixed
T15512,Tech_T15512,8,Day
T15513,Tech_T15513,5,Mixed
T15514,Tech_T15514,10,Evening
T15515,Tech_T15515,3,Day
T15516,Tech_T15516,1,Day
T15517,Tech_T15517,8,Evening
T15518,Tech_T15518,10,Mixed
T15519,Tech_T15519,6,Day
T15520,Tech_T15520,9,Mixed
T15521,Tech_T15521,4,Mixed
T15522,Tech_T15522,4,Evening
T15523,Tech_T15523,1,Mixed
T15524,Tech_T15524,6,Mixed
T15525,Tech_T15525,9,Evening
T15526,Tech_T15526,8,Day
T15527,Tech_T15527,5,Mixed
T15528,Tech_T15528,6,Mixed
T15529,Tech_T15529,2,Day
T15530,Tech_T15530,8,Mixed
T15531,Tech_T15531,3,Evening
T15532,Tech_T15532,2,Day
T15533,Tech_T15533,10,Day
T15534,Tech_T15534,10,Evening
T15535,Tech_T15535,1,Mixed
T15536,Tech_T15536,4,Day
T15537,Tech_T15537,4,Mixed
T15538,Tech_T15538,5,Evening
T15539,Tech_T15539,7,Mixed
T15540,Tech_T15540,4,Day
T15541,Tech_T15541,2,Day
T15542,Tech_T15542,9,Day
T15543,Tech_T15543,7,Evening
T15544,Tech_T15544,7,Mixed
T15545,Tech_T15545,6,Mixed
T15546,Tech_T15546,9,Mixed
T15547,Tech_T15547,6,Evening
T15548,Tech_T15548,7,Mixed
T15549,Tech_T15549,6,Day
T15550,Tech_T15550,6,Mixed
T15551,Tech_T15551,4,Mixed
T15552,Tech_T15552,5,Day
T15553,Tech_T15553,1,Mixed
T15554,Tech_T15554,4,Evening
T15555,Tech_T15555,8,Mixed
T15556,Tech_T15556,9,Evening
T15557,Tech_T15557,2,Evening
T15558,Tech_T15558,6,Mixed
T15559,Tech_T15559,4,Evening
T15560,Tech_T15560,6,Day
T15561,Tech_T15561,5,Mixed
T15562,Tech_T15562,7,Day
T15563,Tech_T15563,5,Day
T15564,Tech_T15564,5,Mixed
T15565,Tech_T15565,6,Mixed
T15566,Tech_T15566,1,Mixed
T15567,Tech_T15567,1,Day
T15568,Tech_T15568,9,Mixed
T15569,Tech_T15569,1,Day
T15570,Tech_T15570,4,Mixed
T15571,Tech_T15571,7,Evening
T15572,Tech_T15572,9,Mixed
T15573,Tech_T15573,9,Evening
T15574,Tech_T15574,10,Day
T15575,Tech_T15575,1,Mixed
T15576,Tech_T15576,4,Mixed
T15577,Tech_T15577,5,Day
T15578,Tech_T15578,5,Day
T15579,Tech_T15579,9,Evening
T15580,Tech_T15580,10,Evening
T15581,Tech_T15581,1,Day
T15582,Tech_T15582,8,Mixed
T15583,Tech_T15583,10,Day
T15584,Tech_T15584,2,Mixed
T15585,Tech_T15585,3,Mixed
T15586,Tech_T15586,5,Mixed
T15587,Tech_T15587,5,Evening
T15588,Tech_T15588,1,Evening
T15589,Tech_T15589,6,Day
T15590,Tech_T15590,8,Day
T15591,Tech_T15591,9,Evening
T15592,Tech_T15592,9,Day
T15593,Tech_T15593,3,Mixed
T15594,Tech_T15594,4,Day
T15595,Tech_T15595,7,Day
T15596,Tech_T15596,9,Evening
T15597,Tech_T15597,10,Day
T15598,Tech_T15598,5,Day
T15599,Tech_T15599,4,Mixed
T15600,Tech_T15600,5,Evening
T15601,Tech_T15601,10,Mixed
T15602,Tech_T15602,7,Day
T15603,Tech_T15603,8,Day
T15604,Tech_T15604,2,Day
T15605,Tech_T15605,8,Day
T15606,Tech_T15606,5,Mixed
T15607,Tech_T15607,2,Mixed
T15608,Tech_T15608,10,Evening
T15609,Tech_T15609,7,Mixed
T15610,Tech_T15610,10,Day
T15611,Tech_T15611,4,Day
T15612,Tech_T15612,7,Evening
T15613,Tech_T15613,5,Day
T15614,Tech_T15614,1,Evening
T15615,Tech_T15615,10,Mixed
T15616,Tech_T15616,3,Evening
T15617,Tech_T15617,9,Day
T15618,Tech_T15618,1,Day
T15619,Tech_T15619,4,Evening
T15620,Tech_T15620,7,Day
T15621,Tech_T15621,1,Mixed
T15622,Tech_T15622,5,Evening
T15623,Tech_T15623,8,Evening
T15624,Tech_T15624,3,Day
T15625,Tech_T15625,3,Mixed
T15626,Tech_T15626,8,Day
T15627,Tech_T15627,8,Day
T15628,Tech_T15628,6,Mixed
T15629,Tech_T15629,5,Day
T15630,Tech_T15630,2,Day
T15631,Tech_T15631,4,Evening
T15632,Tech_T15632,8,Evening
T15633,Tech_T15633,6,Evening
T15634,Tech_T15634,7,Day
T15635,Tech_T15635,8,Evening
T15636,Tech_T15636,3,Day
T15637,Tech_T15637,8,Mixed
T15638,Tech_T15638,5,Mixed
T15639,Tech_T15639,7,Day
T15640,Tech_T15640,2,Mixed
T15641,Tech_T15641,10,Evening
T15642,Tech_T15642,10,Day
T15643,Tech_T15643,1,Day
T15644,Tech_T15644,4,Mixed
T15645,Tech_T15645,9,Day
T15646,Tech_T15646,10,Evening
T15647,Tech_T15647,3,Mixed
T15648,Tech_T15648,10,Day
T15649,Tech_T15649,8,Mixed
T15650,Tech_T15650,2,Mixed
T15651,Tech_T15651,9,Mixed
T15652,Tech_T15652,5,Mixed
T15653,Tech_T15653,5,Day
T15654,Tech_T15654,5,Day
T15655,Tech_T15655,9,Day
T15656,Tech_T15656,4,Mixed
T15657,Tech_T15657,2,Day
T15658,Tech_T15658,8,Evening
T15659,Tech_T15659,9,Mixed
T15660,Tech_T15660,1,Evening
T15661,Tech_T15661,7,Day
T15662,Tech_T15662,9,Evening
T15663,Tech_T15663,6,Day
T15664,Tech_T15664,7,Day
T15665,Tech_T15665,10,Day
T15666,Tech_T15666,7,Mixed
T15667,Tech_T15667,9,Evening
T15668,Tech_T15668,2,Evening
T15669,Tech_T15669,8,Mixed
T15670,Tech_T15670,3,Day
T15671,Tech_T15671,2,Mixed
T15672,Tech_T15672,4,Evening
T15673,Tech_T15673,8,Mixed
T15674,Tech_T15674,3,Mixed
T15675,Tech_T15675,1,Day
T15676,Tech_T15676,10,Mixed
T15677,Tech_T15677,3,Mixed
T15678,Tech_T15678,4,Evening
T15679,Tech_T15679,2,Evening
T15680,Tech_T15680,7,Day
T15681,Tech_T15681,9,Mixed
T15682,Tech_T15682,4,Mixed
T15683,Tech_T15683,7,Mixed
T15684,Tech_T15684,5,Evening
T15685,Tech_T15685,4,Day
T15686,Tech_T15686,10,Day
T15687,Tech_T15687,10,Day
T15688,Tech_T15688,8,Evening
T15689,Tech_T15689,5,Evening
T15690,Tech_T15690,2,Evening
T15691,Tech_T15691,7,Day
T15692,Tech_T15692,8,Mixed
T15693,Tech_T15693,4,Mixed
T15694,Tech_T15694,3,Evening
T15695,Tech_T15695,1,Mixed
T15696,Tech_T15696,2,Evening
T15697,Tech_T15697,6,Day
T15698,Tech_T15698,2,Day
T15699,Tech_T15699,5,Day
T15700,Tech_T15700,6,Day
T15701,Tech_T15701,8,Evening
T15702,Tech_T15702,6,Mixed
T15703,Tech_T15703,2,Evening
T15704,Tech_T15704,9,Evening
T15705,Tech_T15705,2,Evening
T15706,Tech_T15706,2,Day
T15707,Tech_T15707,7,Day
T15708,Tech_T15708,9,Mixed
T15709,Tech_T15709,8,Day
T15710,Tech_T15710,10,Day
T15711,Tech_T15711,9,Evening
T15712,Tech_T15712,7,Evening
T15713,Tech_T15713,7,Mixed
T15714,Tech_T15714,5,Mixed
T15715,Tech_T15715,4,Day
T15716,Tech_T15716,2,Evening
T15717,Tech_T15717,2,Day
T15718,Tech_T15718,5,Evening
T15719,Tech_T15719,6,Mixed
T15720,Tech_T15720,6,Evening
T15721,Tech_T15721,5,Mixed
T15722,Tech_T15722,5,Mixed
T15723,Tech_T15723,7,Mixed
T15724,Tech_T15724,7,Day
T15725,Tech_T15725,8,Day
T15726,Tech_T15726,5,Mixed
T15727,Tech_T15727,5,Day
T15728,Tech_T15728,3,Day
T15729,Tech_T15729,2,Day
T15730,Tech_T15730,2,Evening
T15731,Tech_T15731,10,Evening
T15732,Tech_T15732,7,Day
T15733,Tech_T15733,6,Evening
T15734,Tech_T15734,8,Day
T15735,Tech_T15735,3,Day
T15736,Tech_T15736,2,Mixed
T15737,Tech_T15737,2,Mixed
T15738,Tech_T15738,8,Evening
T15739,Tech_T15739,10,Mixed
T15740,Tech_T15740,5,Mixed
T15741,Tech_T15741,9,Mixed
T15742,Tech_T15742,6,Evening
T15743,Tech_T15743,6,Day
T15744,Tech_T15744,2,Day
T15745,Tech_T15745,1,Mixed
T15746,Tech_T15746,6,Day
T15747,Tech_T15747,5,Day
T15748,Tech_T15748,4,Mixed
T15749,Tech_T15749,10,Day
T15750,Tech_T15750,7,Evening
T15751,Tech_T15751,9,Day
T15752,Tech_T15752,10,Evening
T15753,Tech_T15753,8,Evening
T15754,Tech_T15754,8,Mixed
T15755,Tech_T15755,10,Day
T15756,Tech_T15756,10,Evening
T15757,Tech_T15757,10,Mixed
T15758,Tech_T15758,10,Mixed
T15759,Tech_T15759,1,Mixed
T15760,Tech_T15760,1,Day
T15761,Tech_T15761,10,Day
T15762,Tech_T15762,6,Evening
T15763,Tech_T15763,7,Evening
T15764,Tech_T15764,5,Mixed
T15765,Tech_T15765,2,Day
T15766,Tech_T15766,6,Mixed
T15767,Tech_T15767,6,Day
T15768,Tech_T15768,8,Mixed
T15769,Tech_T15769,4,Mixed
T15770,Tech_T15770,3,Mixed
T15771,Tech_T15771,3,Evening
T15772,Tech_T15772,1,Mixed
T15773,Tech_T15773,6,Evening
T15774,Tech_T15774,7,Mixed
T15775,Tech_T15775,4,Day
T15776,Tech_T15776,10,Mixed
T15777,Tech_T15777,3,Day
T15778,Tech_T15778,9,Mixed
T15779,Tech_T15779,3,Evening
T15780,Tech_T15780,2,Evening
T15781,Tech_T15781,10,Evening
T15782,Tech_T15782,4,Evening
T15783,Tech_T15783,3,Mixed
T15784,Tech_T15784,5,Mixed
T15785,Tech_T15785,9,Day
T15786,Tech_T15786,7,Evening
T15787,Tech_T15787,7,Evening
T15788,Tech_T15788,5,Mixed
T15789,Tech_T15789,7,Mixed
T15790,Tech_T15790,8,Evening
T15791,Tech_T15791,2,Day
T15792,Tech_T15792,5,Mixed
T15793,Tech_T15793,2,Day
T15794,Tech_T15794,3,Evening
T15795,Tech_T15795,4,Mixed
T15796,Tech_T15796,5,Day
T15797,Tech_T15797,5,Mixed
T15798,Tech_T15798,4,Evening
T15799,Tech_T15799,1,Evening
T15800,Tech_T15800,3,Day
T15801,Tech_T15801,3,Day
T15802,Tech_T15802,2,Day
T15803,Tech_T15803,1,Evening
T15804,Tech_T15804,7,Evening
T15805,Tech_T15805,2,Evening
T15806,Tech_T15806,5,Day
T15807,Tech_T15807,10,Day
T15808,Tech_T15808,7,Mixed
T15809,Tech_T15809,4,Evening
T15810,Tech_T15810,4,Evening
T15811,Tech_T15811,9,Evening
T15812,Tech_T15812,7,Mixed
T15813,Tech_T15813,1,Day
T15814,Tech_T15814,4,Evening
T15815,Tech_T15815,8,Mixed
T15816,Tech_T15816,7,Day
T15817,Tech_T15817,7,Mixed
T15818,Tech_T15818,5,Mixed
T15819,Tech_T15819,4,Day
T15820,Tech_T15820,10,Mixed
T15821,Tech_T15821,1,Mixed
T15822,Tech_T15822,7,Mixed
T15823,Tech_T15823,1,Evening
T15824,Tech_T15824,10,Mixed
T15825,Tech_T15825,6,Mixed
T15826,Tech_T15826,2,Evening
T15827,Tech_T15827,1,Evening
T15828,Tech_T15828,2,Evening
T15829,Tech_T15829,9,Mixed
T15830,Tech_T15830,7,Evening
T15831,Tech_T15831,7,Day
T15832,Tech_T15832,6,Mixed
T15833,Tech_T15833,8,Mixed
T15834,Tech_T15834,3,Day
T15835,Tech_T15835,7,Evening
T15836,Tech_T15836,5,Mixed
T15837,Tech_T15837,8,Mixed
T15838,Tech_T15838,10,Evening
T15839,Tech_T15839,7,Mixed
T15840,Tech_T15840,7,Mixed
T15841,Tech_T15841,8,Day
T15842,Tech_T15842,9,Day
T15843,Tech_T15843,8,Day
T15844,Tech_T15844,3,Mixed
T15845,Tech_T15845,4,Day
T15846,Tech_T15846,1,Day
T15847,Tech_T15847,6,Evening
T15848,Tech_T15848,3,Day
T15849,Tech_T15849,10,Mixed
T15850,Tech_T15850,6,Mixed
T15851,Tech_T15851,8,Evening
T15852,Tech_T15852,7,Evening
T15853,Tech_T15853,2,Evening
T15854,Tech_T15854,6,Evening
T15855,Tech_T15855,9,Day
T15856,Tech_T15856,9,Day
T15857,Tech_T15857,2,Day
T15858,Tech_T15858,4,Day
T15859,Tech_T15859,9,Mixed
T15860,Tech_T15860,10,Evening
T15861,Tech_T15861,6,Mixed
T15862,Tech_T15862,3,Evening
T15863,Tech_T15863,4,Mixed
T15864,Tech_T15864,9,Mixed
T15865,Tech_T15865,9,Day
T15866,Tech_T15866,5,Evening
T15867,Tech_T15867,3,Mixed
T15868,Tech_T15868,3,Evening
T15869,Tech_T15869,4,Day
T15870,Tech_T15870,3,Evening
T15871,Tech_T15871,9,Day
T15872,Tech_T15872,7,Day
T15873,Tech_T15873,9,Evening
T15874,Tech_T15874,7,Mixed
T15875,Tech_T15875,7,Mixed
T15876,Tech_T15876,8,Mixed
T15877,Tech_T15877,7,Evening
T15878,Tech_T15878,1,Mixed
T15879,Tech_T15879,10,Day
T15880,Tech_T15880,9,Day
T15881,Tech_T15881,1,Mixed
T15882,Tech_T15882,3,Day
T15883,Tech_T15883,1,Mixed
T15884,Tech_T15884,8,Evening
T15885,Tech_T15885,7,Evening
T15886,Tech_T15886,1,Evening
T15887,Tech_T15887,6,Evening
T15888,Tech_T15888,5,Evening
T15889,Tech_T15889,9,Day
T15890,Tech_T15890,1,Evening
T15891,Tech_T15891,8,Day
T15892,Tech_T15892,1,Evening
T15893,Tech_T15893,2,Mixed
T15894,Tech_T15894,3,Day
T15895,Tech_T15895,4,Evening
T15896,Tech_T15896,8,Day
T15897,Tech_T15897,1,Day
T15898,Tech_T15898,3,Day
T15899,Tech_T15899,6,Day
T15900,Tech_T15900,3,Day
T15901,Tech_T15901,3,Day
T15902,Tech_T15902,5,Evening
T15903,Tech_T15903,5,Day
T15904,Tech_T15904,8,Mixed
T15905,Tech_T15905,8,Evening
T15906,Tech_T15906,8,Day
T15907,Tech_T15907,1,Evening
T15908,Tech_T15908,3,Mixed
T15909,Tech_T15909,9,Evening
T15910,Tech_T15910,5,Mixed
T15911,Tech_T15911,9,Mixed
T15912,Tech_T15912,4,Evening
T15913,Tech_T15913,4,Evening
T15914,Tech_T15914,4,Day
T15915,Tech_T15915,3,Day
T15916,Tech_T15916,8,Day
T15917,Tech_T15917,5,Day
T15918,Tech_T15918,4,Evening
T15919,Tech_T15919,3,Day
T15920,Tech_T15920,8,Mixed
T15921,Tech_T15921,5,Evening
T15922,Tech_T15922,4,Evening
T15923,Tech_T15923,2,Day
T15924,Tech_T15924,3,Day
T15925,Tech_T15925,6,Mixed
T15926,Tech_T15926,7,Evening
T15927,Tech_T15927,8,Mixed
T15928,Tech_T15928,10,Mixed
T15929,Tech_T15929,10,Evening
T15930,Tech_T15930,10,Evening
T15931,Tech_T15931,5,Day
T15932,Tech_T15932,3,Day
T15933,Tech_T15933,3,Mixed
T15934,Tech_T15934,6,Evening
T15935,Tech_T15935,9,Day
T15936,Tech_T15936,9,Mixed
T15937,Tech_T15937,7,Mixed
T15938,Tech_T15938,1,Evening
T15939,Tech_T15939,6,Mixed
T15940,Tech_T15940,2,Day
T15941,Tech_T15941,9,Day
T15942,Tech_T15942,7,Evening
T15943,Tech_T15943,1,Mixed
T15944,Tech_T15944,3,Mixed
T15945,Tech_T15945,9,Evening
T15946,Tech_T15946,5,Evening
T15947,Tech_T15947,8,Evening
T15948,Tech_T15948,5,Mixed
T15949,Tech_T15949,2,Day
T15950,Tech_T15950,8,Evening
T15951,Tech_T15951,3,Day
T15952,Tech_T15952,6,Day
T15953,Tech_T15953,7,Mixed
T15954,Tech_T15954,7,Day
T15955,Tech_T15955,6,Mixed
T15956,Tech_T15956,7,Day
T15957,Tech_T15957,4,Mixed
T15958,Tech_T15958,4,Day
T15959,Tech_T15959,1,Mixed
T15960,Tech_T15960,3,Day
T15961,Tech_T15961,7,Day
T15962,Tech_T15962,8,Day
T15963,Tech_T15963,9,Evening
T15964,Tech_T15964,4,Day
T15965,Tech_T15965,1,Mixed
T15966,Tech_T15966,2,Evening
T15967,Tech_T15967,9,Day
T15968,Tech_T15968,6,Evening
T15969,Tech_T15969,6,Evening
T15970,Tech_T15970,9,Evening
T15971,Tech_T15971,9,Day
T15972,Tech_T15972,7,Evening
T15973,Tech_T15973,7,Day
T15974,Tech_T15974,6,Day
T15975,Tech_T15975,3,Mixed
T15976,Tech_T15976,5,Evening
T15977,Tech_T15977,1,Evening
T15978,Tech_T15978,8,Day
T15979,Tech_T15979,2,Evening
T15980,Tech_T15980,8,Evening
T15981,Tech_T15981,10,Day
T15982,Tech_T15982,6,Evening
T15983,Tech_T15983,6,Evening
T15984,Tech_T15984,9,Evening
T15985,Tech_T15985,10,Day
T15986,Tech_T15986,1,Day
T15987,Tech_T15987,10,Day
T15988,Tech_T15988,8,Day
T15989,Tech_T15989,8,Day
T15990,Tech_T15990,4,Day
T15991,Tech_T15991,6,Mixed
T15992,Tech_T15992,10,Day
T15993,Tech_T15993,6,Evening
T15994,Tech_T15994,6,Day
T15995,Tech_T15995,8,Evening
T15996,Tech_T15996,9,Evening
T15997,Tech_T15997,7,Evening
T15998,Tech_T15998,3,Mixed
T15999,Tech_T15999,8,Mixed
T16000,Tech_T16000,5,Mixed
T16001,Tech_T16001,3,Evening
T16002,Tech_T16002,10,Mixed
T16003,Tech_T16003,2,Evening
T16004,Tech_T16004,3,Evening
T16005,Tech_T16005,3,Evening
T16006,Tech_T16006,8,Evening
T16007,Tech_T16007,2,Evening
T16008,Tech_T16008,5,Evening
T16009,Tech_T16009,3,Evening
T16010,Tech_T16010,2,Mixed
T16011,Tech_T16011,4,Day
T16012,Tech_T16012,2,Evening
T16013,Tech_T16013,8,Day
T16014,Tech_T16014,8,Evening
T16015,Tech_T16015,3,Day
T16016,Tech_T16016,9,Day
T16017,Tech_T16017,9,Day
T16018,Tech_T16018,6,Day
T16019,Tech_T16019,8,Evening
T16020,Tech_T16020,1,Mixed
T16021,Tech_T16021,6,Mixed
T16022,Tech_T16022,3,Day
T16023,Tech_T16023,4,Day
T16024,Tech_T16024,5,Evening
T16025,Tech_T16025,6,Day
T16026,Tech_T16026,8,Evening
T16027,Tech_T16027,6,Mixed
T16028,Tech_T16028,9,Day
T16029,Tech_T16029,3,Mixed
T16030,Tech_T16030,5,Evening
T16031,Tech_T16031,4,Day
T16032,Tech_T16032,7,Mixed
T16033,Tech_T16033,7,Day
T16034,Tech_T16034,9,Evening
T16035,Tech_T16035,1,Evening
T16036,Tech_T16036,3,Evening
T16037,Tech_T16037,9,Evening
T16038,Tech_T16038,5,Mixed
T16039,Tech_T16039,3,Mixed
T16040,Tech_T16040,7,Mixed
T16041,Tech_T16041,1,Mixed
T16042,Tech_T16042,2,Day
T16043,Tech_T16043,9,Day
T16044,Tech_T16044,2,Evening
T16045,Tech_T16045,5,Evening
T16046,Tech_T16046,5,Mixed
T16047,Tech_T16047,2,Day
T16048,Tech_T16048,2,Mixed
T16049,Tech_T16049,4,Day
T16050,Tech_T16050,2,Day
T16051,Tech_T16051,2,Mixed
T16052,Tech_T16052,4,Day
T16053,Tech_T16053,7,Evening
T16054,Tech_T16054,6,Evening
T16055,Tech_T16055,1,Evening
T16056,Tech_T16056,7,Mixed
T16057,Tech_T16057,3,Evening
T16058,Tech_T16058,6,Mixed
T16059,Tech_T16059,2,Day
T16060,Tech_T16060,2,Mixed
T16061,Tech_T16061,7,Day
T16062,Tech_T16062,3,Day
T16063,Tech_T16063,4,Evening
T16064,Tech_T16064,9,Evening
T16065,Tech_T16065,1,Mixed
T16066,Tech_T16066,6,Mixed
T16067,Tech_T16067,10,Evening
T16068,Tech_T16068,10,Evening
T16069,Tech_T16069,8,Day
T16070,Tech_T16070,4,Evening
T16071,Tech_T16071,6,Day
T16072,Tech_T16072,10,Mixed
T16073,Tech_T16073,8,Mixed
T16074,Tech_T16074,4,Evening
T16075,Tech_T16075,3,Day
T16076,Tech_T16076,2,Mixed
T16077,Tech_T16077,1,Day
T16078,Tech_T16078,4,Mixed
T16079,Tech_T16079,2,Day
T16080,Tech_T16080,5,Day
T16081,Tech_T16081,6,Day
T16082,Tech_T16082,7,Mixed
T16083,Tech_T16083,5,Day
T16084,Tech_T16084,1,Day
T16085,Tech_T16085,5,Evening
T16086,Tech_T16086,2,Day
T16087,Tech_T16087,7,Evening
T16088,Tech_T16088,10,Evening
T16089,Tech_T16089,3,Evening
T16090,Tech_T16090,10,Mixed
T16091,Tech_T16091,4,Day
T16092,Tech_T16092,6,Evening
T16093,Tech_T16093,10,Evening
T16094,Tech_T16094,5,Evening
T16095,Tech_T16095,3,Mixed
T16096,Tech_T16096,10,Mixed
T16097,Tech_T16097,1,Mixed
T16098,Tech_T16098,10,Evening
T16099,Tech_T16099,7,Evening
T16100,Tech_T16100,1,Evening
T16101,Tech_T16101,3,Evening
T16102,Tech_T16102,6,Mixed
T16103,Tech_T16103,7,Evening
T16104,Tech_T16104,1,Evening
T16105,Tech_T16105,7,Mixed
T16106,Tech_T16106,7,Mixed
T16107,Tech_T16107,2,Day
T16108,Tech_T16108,3,Mixed
T16109,Tech_T16109,5,Evening
T16110,Tech_T16110,10,Day
T16111,Tech_T16111,2,Mixed
T16112,Tech_T16112,5,Evening
T16113,Tech_T16113,6,Mixed
T16114,Tech_T16114,7,Mixed
T16115,Tech_T16115,6,Day
T16116,Tech_T16116,4,Evening
T16117,Tech_T16117,3,Mixed
T16118,Tech_T16118,4,Evening
T16119,Tech_T16119,8,Mixed
T16120,Tech_T16120,4,Day
T16121,Tech_T16121,6,Mixed
T16122,Tech_T16122,8,Day
T16123,Tech_T16123,9,Day
T16124,Tech_T16124,4,Day
T16125,Tech_T16125,3,Evening
T16126,Tech_T16126,8,Day
T16127,Tech_T16127,8,Mixed
T16128,Tech_T16128,9,Mixed
T16129,Tech_T16129,1,Mixed
T16130,Tech_T16130,5,Mixed
T16131,Tech_T16131,4,Evening
T16132,Tech_T16132,2,Day
T16133,Tech_T16133,10,Mixed
T16134,Tech_T16134,9,Mixed
T16135,Tech_T16135,9,Day
T16136,Tech_T16136,9,Evening
T16137,Tech_T16137,5,Evening
T16138,Tech_T16138,1,Mixed
T16139,Tech_T16139,9,Evening
T16140,Tech_T16140,4,Mixed
T16141,Tech_T16141,4,Mixed
T16142,Tech_T16142,4,Mixed
T16143,Tech_T16143,5,Evening
T16144,Tech_T16144,8,Mixed
T16145,Tech_T16145,7,Evening
T16146,Tech_T16146,6,Evening
T16147,Tech_T16147,9,Evening
T16148,Tech_T16148,6,Evening
T16149,Tech_T16149,1,Evening
T16150,Tech_T16150,5,Mixed
T16151,Tech_T16151,3,Evening
T16152,Tech_T16152,5,Day
T16153,Tech_T16153,4,Mixed
T16154,Tech_T16154,3,Mixed
T16155,Tech_T16155,4,Evening
T16156,Tech_T16156,1,Evening
T16157,Tech_T16157,1,Evening
T16158,Tech_T16158,5,Evening
T16159,Tech_T16159,3,Evening
T16160,Tech_T16160,6,Day
T16161,Tech_T16161,7,Mixed
T16162,Tech_T16162,6,Day
T16163,Tech_T16163,5,Evening
T16164,Tech_T16164,5,Mixed
T16165,Tech_T16165,8,Day
T16166,Tech_T16166,9,Day
T16167,Tech_T16167,8,Mixed
T16168,Tech_T16168,3,Mixed
T16169,Tech_T16169,8,Day
T16170,Tech_T16170,7,Evening
T16171,Tech_T16171,3,Evening
T16172,Tech_T16172,3,Day
T16173,Tech_T16173,8,Mixed
T16174,Tech_T16174,1,Mixed
T16175,Tech_T16175,7,Evening
T16176,Tech_T16176,2,Evening
T16177,Tech_T16177,6,Mixed
T16178,Tech_T16178,1,Mixed
T16179,Tech_T16179,2,Evening
T16180,Tech_T16180,4,Evening
T16181,Tech_T16181,4,Mixed
T16182,Tech_T16182,6,Day
T16183,Tech_T16183,8,Day
T16184,Tech_T16184,4,Day
T16185,Tech_T16185,3,Evening
T16186,Tech_T16186,5,Mixed
T16187,Tech_T16187,3,Evening
T16188,Tech_T16188,4,Day
T16189,Tech_T16189,5,Mixed
T16190,Tech_T16190,3,Mixed
T16191,Tech_T16191,1,Evening
T16192,Tech_T16192,5,Mixed
T16193,Tech_T16193,6,Day
T16194,Tech_T16194,4,Mixed
T16195,Tech_T16195,2,Day
T16196,Tech_T16196,8,Day
T16197,Tech_T16197,2,Mixed
T16198,Tech_T16198,7,Evening
T16199,Tech_T16199,9,Evening
T16200,Tech_T16200,4,Mixed
T16201,Tech_T16201,4,Evening
T16202,Tech_T16202,1,Day
T16203,Tech_T16203,4,Day
T16204,Tech_T16204,5,Evening
T16205,Tech_T16205,7,Day
T16206,Tech_T16206,10,Evening
T16207,Tech_T16207,5,Evening
T16208,Tech_T16208,8,Mixed
T16209,Tech_T16209,1,Evening
T16210,Tech_T16210,8,Day
T16211,Tech_T16211,5,Evening
T16212,Tech_T16212,8,Day
T16213,Tech_T16213,1,Mixed
T16214,Tech_T16214,4,Evening
T16215,Tech_T16215,5,Day
T16216,Tech_T16216,8,Mixed
T16217,Tech_T16217,10,Evening
T16218,Tech_T16218,6,Day
T16219,Tech_T16219,4,Evening
T16220,Tech_T16220,8,Evening
T16221,Tech_T16221,9,Mixed
T16222,Tech_T16222,4,Mixed
T16223,Tech_T16223,5,Mixed
T16224,Tech_T16224,4,Evening
T16225,Tech_T16225,7,Evening
T16226,Tech_T16226,7,Mixed
T16227,Tech_T16227,4,Mixed
T16228,Tech_T16228,1,Day
T16229,Tech_T16229,1,Evening
T16230,Tech_T16230,7,Mixed
T16231,Tech_T16231,3,Evening
T16232,Tech_T16232,7,Evening
T16233,Tech_T16233,7,Day
T16234,Tech_T16234,7,Mixed
T16235,Tech_T16235,3,Mixed
T16236,Tech_T16236,9,Day
T16237,Tech_T16237,2,Day
T16238,Tech_T16238,7,Evening
T16239,Tech_T16239,10,Evening
T16240,Tech_T16240,7,Day
T16241,Tech_T16241,4,Day
T16242,Tech_T16242,1,Day
T16243,Tech_T16243,4,Mixed
T16244,Tech_T16244,1,Mixed
T16245,Tech_T16245,4,Mixed
T16246,Tech_T16246,4,Mixed
T16247,Tech_T16247,10,Day
T16248,Tech_T16248,5,Mixed
T16249,Tech_T16249,1,Evening
T16250,Tech_T16250,4,Day
T16251,Tech_T16251,1,Mixed
T16252,Tech_T16252,1,Mixed
T16253,Tech_T16253,6,Day
T16254,Tech_T16254,1,Day
T16255,Tech_T16255,5,Evening
T16256,Tech_T16256,4,Day
T16257,Tech_T16257,3,Day
T16258,Tech_T16258,1,Evening
T16259,Tech_T16259,9,Mixed
T16260,Tech_T16260,10,Day
T16261,Tech_T16261,3,Mixed
T16262,Tech_T16262,9,Day
T16263,Tech_T16263,7,Day
T16264,Tech_T16264,5,Day
T16265,Tech_T16265,6,Day
T16266,Tech_T16266,5,Day
T16267,Tech_T16267,1,Mixed
T16268,Tech_T16268,4,Mixed
T16269,Tech_T16269,4,Evening
T16270,Tech_T16270,3,Mixed
T16271,Tech_T16271,1,Evening
T16272,Tech_T16272,4,Mixed
T16273,Tech_T16273,10,Day
T16274,Tech_T16274,8,Mixed
T16275,Tech_T16275,8,Evening
T16276,Tech_T16276,3,Evening
T16277,Tech_T16277,5,Mixed
T16278,Tech_T16278,4,Mixed
T16279,Tech_T16279,2,Day
T16280,Tech_T16280,6,Mixed
T16281,Tech_T16281,5,Evening
T16282,Tech_T16282,8,Day
T16283,Tech_T16283,1,Evening
T16284,Tech_T16284,8,Evening
T16285,Tech_T16285,3,Mixed
T16286,Tech_T16286,9,Mixed
T16287,Tech_T16287,5,Mixed
T16288,Tech_T16288,5,Day
T16289,Tech_T16289,6,Mixed
T16290,Tech_T16290,2,Day
T16291,Tech_T16291,3,Evening
T16292,Tech_T16292,5,Day
T16293,Tech_T16293,6,Mixed
T16294,Tech_T16294,7,Day
T16295,Tech_T16295,9,Evening
T16296,Tech_T16296,3,Evening
T16297,Tech_T16297,8,Day
T16298,Tech_T16298,9,Day
T16299,Tech_T16299,7,Mixed
T16300,Tech_T16300,7,Mixed
T16301,Tech_T16301,4,Mixed
T16302,Tech_T16302,8,Mixed
T16303,Tech_T16303,2,Evening
T16304,Tech_T16304,8,Evening
T16305,Tech_T16305,2,Mixed
T16306,Tech_T16306,2,Evening
T16307,Tech_T16307,4,Evening
T16308,Tech_T16308,9,Day
T16309,Tech_T16309,8,Day
T16310,Tech_T16310,4,Evening
T16311,Tech_T16311,4,Day
T16312,Tech_T16312,3,Day
T16313,Tech_T16313,7,Day
T16314,Tech_T16314,4,Evening
T16315,Tech_T16315,6,Evening
T16316,Tech_T16316,9,Day
T16317,Tech_T16317,4,Evening
T16318,Tech_T16318,10,Evening
T16319,Tech_T16319,5,Day
T16320,Tech_T16320,7,Evening
T16321,Tech_T16321,2,Evening
T16322,Tech_T16322,1,Evening
T16323,Tech_T16323,4,Evening
T16324,Tech_T16324,6,Evening
T16325,Tech_T16325,8,Day
T16326,Tech_T16326,9,Mixed
T16327,Tech_T16327,7,Mixed
T16328,Tech_T16328,1,Day
T16329,Tech_T16329,1,Evening
T16330,Tech_T16330,4,Evening
T16331,Tech_T16331,4,Day
T16332,Tech_T16332,6,Mixed
T16333,Tech_T16333,7,Evening
T16334,Tech_T16334,8,Evening
T16335,Tech_T16335,1,Mixed
T16336,Tech_T16336,6,Mixed
T16337,Tech_T16337,7,Evening
T16338,Tech_T16338,8,Evening
T16339,Tech_T16339,8,Day
T16340,Tech_T16340,10,Day
T16341,Tech_T16341,10,Mixed
T16342,Tech_T16342,2,Evening
T16343,Tech_T16343,7,Mixed
T16344,Tech_T16344,6,Mixed
T16345,Tech_T16345,2,Evening
T16346,Tech_T16346,6,Day
T16347,Tech_T16347,10,Day
T16348,Tech_T16348,2,Evening
T16349,Tech_T16349,2,Day
T16350,Tech_T16350,4,Mixed
T16351,Tech_T16351,3,Day
T16352,Tech_T16352,8,Evening
T16353,Tech_T16353,6,Mixed
T16354,Tech_T16354,5,Evening
T16355,Tech_T16355,2,Mixed
T16356,Tech_T16356,5,Mixed
T16357,Tech_T16357,4,Evening
T16358,Tech_T16358,4,Evening
T16359,Tech_T16359,7,Day
T16360,Tech_T16360,7,Day
T16361,Tech_T16361,9,Mixed
T16362,Tech_T16362,8,Evening
T16363,Tech_T16363,3,Evening
T16364,Tech_T16364,1,Day
T16365,Tech_T16365,3,Mixed
T16366,Tech_T16366,7,Mixed
T16367,Tech_T16367,10,Mixed
T16368,Tech_T16368,3,Evening
T16369,Tech_T16369,6,Evening
T16370,Tech_T16370,10,Evening
T16371,Tech_T16371,4,Day
T16372,Tech_T16372,5,Mixed
T16373,Tech_T16373,1,Day
T16374,Tech_T16374,10,Evening
T16375,Tech_T16375,1,Evening
T16376,Tech_T16376,6,Evening
T16377,Tech_T16377,2,Mixed
T16378,Tech_T16378,1,Mixed
T16379,Tech_T16379,1,Mixed
T16380,Tech_T16380,5,Mixed
T16381,Tech_T16381,1,Evening
T16382,Tech_T16382,7,Day
T16383,Tech_T16383,4,Day
T16384,Tech_T16384,10,Mixed
T16385,Tech_T16385,3,Mixed
T16386,Tech_T16386,9,Mixed
T16387,Tech_T16387,7,Mixed
T16388,Tech_T16388,8,Evening
T16389,Tech_T16389,8,Day
T16390,Tech_T16390,6,Day
T16391,Tech_T16391,3,Day
T16392,Tech_T16392,2,Evening
T16393,Tech_T16393,5,Mixed
T16394,Tech_T16394,3,Evening
T16395,Tech_T16395,10,Mixed
T16396,Tech_T16396,7,Day
T16397,Tech_T16397,2,Day
T16398,Tech_T16398,9,Evening
T16399,Tech_T16399,4,Evening
T16400,Tech_T16400,6,Day
T16401,Tech_T16401,4,Mixed
T16402,Tech_T16402,6,Evening
T16403,Tech_T16403,4,Day
T16404,Tech_T16404,2,Evening
T16405,Tech_T16405,9,Mixed
T16406,Tech_T16406,9,Evening
T16407,Tech_T16407,10,Mixed
T16408,Tech_T16408,8,Evening
T16409,Tech_T16409,4,Evening
T16410,Tech_T16410,7,Evening
T16411,Tech_T16411,4,Day
T16412,Tech_T16412,8,Evening
T16413,Tech_T16413,7,Mixed
T16414,Tech_T16414,8,Evening
T16415,Tech_T16415,5,Day
T16416,Tech_T16416,8,Evening
T16417,Tech_T16417,4,Mixed
T16418,Tech_T16418,5,Day
T16419,Tech_T16419,8,Evening
T16420,Tech_T16420,2,Day
T16421,Tech_T16421,8,Day
T16422,Tech_T16422,8,Mixed
T16423,Tech_T16423,2,Mixed
T16424,Tech_T16424,2,Mixed
T16425,Tech_T16425,3,Evening
T16426,Tech_T16426,3,Mixed
T16427,Tech_T16427,1,Day
T16428,Tech_T16428,6,Mixed
T16429,Tech_T16429,3,Day
T16430,Tech_T16430,1,Mixed
T16431,Tech_T16431,1,Mixed
T16432,Tech_T16432,10,Evening
T16433,Tech_T16433,1,Mixed
T16434,Tech_T16434,2,Day
T16435,Tech_T16435,10,Evening
T16436,Tech_T16436,7,Day
T16437,Tech_T16437,2,Day
T16438,Tech_T16438,3,Mixed
T16439,Tech_T16439,10,Mixed
T16440,Tech_T16440,5,Day
T16441,Tech_T16441,1,Evening
T16442,Tech_T16442,7,Day
T16443,Tech_T16443,7,Mixed
T16444,Tech_T16444,3,Mixed
T16445,Tech_T16445,3,Evening
T16446,Tech_T16446,2,Mixed
T16447,Tech_T16447,10,Day
T16448,Tech_T16448,6,Evening
T16449,Tech_T16449,4,Evening
T16450,Tech_T16450,1,Day
T16451,Tech_T16451,7,Evening
T16452,Tech_T16452,7,Evening
T16453,Tech_T16453,9,Day
T16454,Tech_T16454,2,Day
T16455,Tech_T16455,9,Mixed
T16456,Tech_T16456,3,Day
T16457,Tech_T16457,1,Day
T16458,Tech_T16458,9,Day
T16459,Tech_T16459,10,Mixed
T16460,Tech_T16460,4,Day
T16461,Tech_T16461,4,Mixed
T16462,Tech_T16462,3,Evening
T16463,Tech_T16463,6,Evening
T16464,Tech_T16464,9,Evening
T16465,Tech_T16465,6,Evening
T16466,Tech_T16466,3,Mixed
T16467,Tech_T16467,7,Evening
T16468,Tech_T16468,2,Mixed
T16469,Tech_T16469,4,Mixed
T16470,Tech_T16470,5,Evening
T16471,Tech_T16471,3,Evening
T16472,Tech_T16472,10,Mixed
T16473,Tech_T16473,2,Day
T16474,Tech_T16474,2,Day
T16475,Tech_T16475,10,Evening
T16476,Tech_T16476,1,Mixed
T16477,Tech_T16477,9,Day
T16478,Tech_T16478,4,Day
T16479,Tech_T16479,5,Mixed
T16480,Tech_T16480,6,Day
T16481,Tech_T16481,5,Evening
T16482,Tech_T16482,4,Evening
T16483,Tech_T16483,7,Mixed
T16484,Tech_T16484,9,Mixed
T16485,Tech_T16485,2,Mixed
T16486,Tech_T16486,7,Evening
T16487,Tech_T16487,6,Evening
T16488,Tech_T16488,5,Mixed
T16489,Tech_T16489,10,Evening
T16490,Tech_T16490,7,Day
T16491,Tech_T16491,8,Day
T16492,Tech_T16492,10,Mixed
T16493,Tech_T16493,10,Day
T16494,Tech_T16494,3,Mixed
T16495,Tech_T16495,4,Mixed
T16496,Tech_T16496,5,Mixed
T16497,Tech_T16497,3,Evening
T16498,Tech_T16498,3,Mixed
T16499,Tech_T16499,10,Mixed
T16500,Tech_T16500,2,Evening
T16501,Tech_T16501,3,Day
T16502,Tech_T16502,10,Day
T16503,Tech_T16503,5,Mixed
T16504,Tech_T16504,3,Evening
T16505,Tech_T16505,1,Mixed
T16506,Tech_T16506,9,Evening
T16507,Tech_T16507,1,Day
T16508,Tech_T16508,5,Mixed
T16509,Tech_T16509,1,Evening
T16510,Tech_T16510,7,Mixed
T16511,Tech_T16511,9,Evening
T16512,Tech_T16512,8,Day
T16513,Tech_T16513,10,Evening
T16514,Tech_T16514,6,Day
T16515,Tech_T16515,5,Day
T16516,Tech_T16516,7,Evening
T16517,Tech_T16517,4,Evening
T16518,Tech_T16518,10,Mixed
T16519,Tech_T16519,5,Day
T16520,Tech_T16520,9,Day
T16521,Tech_T16521,10,Evening
T16522,Tech_T16522,1,Mixed
T16523,Tech_T16523,8,Evening
T16524,Tech_T16524,1,Evening
T16525,Tech_T16525,9,Mixed
T16526,Tech_T16526,6,Day
T16527,Tech_T16527,2,Mixed
T16528,Tech_T16528,8,Mixed
T16529,Tech_T16529,7,Evening
T16530,Tech_T16530,1,Day
T16531,Tech_T16531,5,Day
T16532,Tech_T16532,1,Evening
T16533,Tech_T16533,10,Day
T16534,Tech_T16534,6,Mixed
T16535,Tech_T16535,3,Day
T16536,Tech_T16536,2,Mixed
T16537,Tech_T16537,7,Mixed
T16538,Tech_T16538,4,Day
T16539,Tech_T16539,10,Day
T16540,Tech_T16540,7,Day
T16541,Tech_T16541,3,Evening
T16542,Tech_T16542,3,Evening
T16543,Tech_T16543,3,Mixed
T16544,Tech_T16544,9,Mixed
T16545,Tech_T16545,5,Evening
T16546,Tech_T16546,10,Day
T16547,Tech_T16547,6,Evening
T16548,Tech_T16548,4,Day
T16549,Tech_T16549,4,Evening
T16550,Tech_T16550,3,Day
T16551,Tech_T16551,4,Evening
T16552,Tech_T16552,4,Evening
T16553,Tech_T16553,3,Day
T16554,Tech_T16554,8,Day
T16555,Tech_T16555,7,Mixed
T16556,Tech_T16556,6,Mixed
T16557,Tech_T16557,3,Mixed
T16558,Tech_T16558,2,Mixed
T16559,Tech_T16559,2,Mixed
T16560,Tech_T16560,6,Mixed
T16561,Tech_T16561,3,Evening
T16562,Tech_T16562,7,Day
T16563,Tech_T16563,9,Day
T16564,Tech_T16564,6,Day
T16565,Tech_T16565,7,Day
T16566,Tech_T16566,1,Day
T16567,Tech_T16567,2,Evening
T16568,Tech_T16568,3,Mixed
T16569,Tech_T16569,5,Evening
T16570,Tech_T16570,10,Evening
T16571,Tech_T16571,2,Evening
T16572,Tech_T16572,10,Day
T16573,Tech_T16573,6,Mixed
T16574,Tech_T16574,7,Day
T16575,Tech_T16575,6,Evening
T16576,Tech_T16576,5,Mixed
T16577,Tech_T16577,7,Day
T16578,Tech_T16578,2,Day
T16579,Tech_T16579,5,Day
T16580,Tech_T16580,8,Mixed
T16581,Tech_T16581,2,Evening
T16582,Tech_T16582,1,Evening
T16583,Tech_T16583,1,Evening
T16584,Tech_T16584,10,Mixed
T16585,Tech_T16585,7,Mixed
T16586,Tech_T16586,8,Mixed
T16587,Tech_T16587,2,Mixed
T16588,Tech_T16588,10,Day
T16589,Tech_T16589,10,Day
T16590,Tech_T16590,8,Evening
T16591,Tech_T16591,5,Evening
T16592,Tech_T16592,8,Evening
T16593,Tech_T16593,4,Evening
T16594,Tech_T16594,9,Evening
T16595,Tech_T16595,7,Evening
T16596,Tech_T16596,4,Evening
T16597,Tech_T16597,6,Evening
T16598,Tech_T16598,7,Mixed
T16599,Tech_T16599,3,Day
T16600,Tech_T16600,6,Day
T16601,Tech_T16601,4,Evening
T16602,Tech_T16602,8,Day
T16603,Tech_T16603,10,Mixed
T16604,Tech_T16604,7,Evening
T16605,Tech_T16605,6,Evening
T16606,Tech_T16606,5,Evening
T16607,Tech_T16607,10,Mixed
T16608,Tech_T16608,10,Evening
T16609,Tech_T16609,1,Evening
T16610,Tech_T16610,1,Evening
T16611,Tech_T16611,7,Day
T16612,Tech_T16612,9,Evening
T16613,Tech_T16613,10,Evening
T16614,Tech_T16614,6,Mixed
T16615,Tech_T16615,2,Mixed
T16616,Tech_T16616,6,Day
T16617,Tech_T16617,3,Mixed
T16618,Tech_T16618,5,Day
T16619,Tech_T16619,3,Day
T16620,Tech_T16620,1,Evening
T16621,Tech_T16621,2,Day
T16622,Tech_T16622,9,Evening
T16623,Tech_T16623,9,Day
T16624,Tech_T16624,2,Mixed
T16625,Tech_T16625,3,Day
T16626,Tech_T16626,9,Day
T16627,Tech_T16627,5,Mixed
T16628,Tech_T16628,3,Mixed
T16629,Tech_T16629,10,Evening
T16630,Tech_T16630,10,Day
T16631,Tech_T16631,9,Mixed
T16632,Tech_T16632,7,Day
T16633,Tech_T16633,5,Day
T16634,Tech_T16634,8,Mixed
T16635,Tech_T16635,8,Evening
T16636,Tech_T16636,1,Mixed
T16637,Tech_T16637,7,Evening
T16638,Tech_T16638,6,Evening
T16639,Tech_T16639,10,Evening
T16640,Tech_T16640,6,Mixed
T16641,Tech_T16641,9,Mixed
T16642,Tech_T16642,1,Evening
T16643,Tech_T16643,4,Evening
T16644,Tech_T16644,7,Evening
T16645,Tech_T16645,9,Day
T16646,Tech_T16646,9,Evening
T16647,Tech_T16647,2,Evening
T16648,Tech_T16648,3,Evening
T16649,Tech_T16649,3,Mixed
T16650,Tech_T16650,1,Mixed
T16651,Tech_T16651,7,Evening
T16652,Tech_T16652,10,Evening
T16653,Tech_T16653,3,Day
T16654,Tech_T16654,5,Day
T16655,Tech_T16655,7,Day
T16656,Tech_T16656,2,Day
T16657,Tech_T16657,8,Evening
T16658,Tech_T16658,2,Mixed
T16659,Tech_T16659,6,Mixed
T16660,Tech_T16660,9,Day
T16661,Tech_T16661,9,Evening
T16662,Tech_T16662,9,Evening
T16663,Tech_T16663,4,Mixed
T16664,Tech_T16664,7,Mixed
T16665,Tech_T16665,5,Evening
T16666,Tech_T16666,7,Mixed
T16667,Tech_T16667,10,Mixed
T16668,Tech_T16668,2,Day
T16669,Tech_T16669,10,Day
T16670,Tech_T16670,7,Day
T16671,Tech_T16671,1,Evening
T16672,Tech_T16672,2,Mixed
T16673,Tech_T16673,4,Evening
T16674,Tech_T16674,1,Mixed
T16675,Tech_T16675,4,Mixed
T16676,Tech_T16676,6,Evening
T16677,Tech_T16677,1,Evening
T16678,Tech_T16678,6,Evening
T16679,Tech_T16679,10,Day
T16680,Tech_T16680,7,Day
T16681,Tech_T16681,1,Evening
T16682,Tech_T16682,9,Day
T16683,Tech_T16683,9,Day
T16684,Tech_T16684,2,Evening
T16685,Tech_T16685,6,Evening
T16686,Tech_T16686,8,Evening
T16687,Tech_T16687,9,Evening
T16688,Tech_T16688,6,Mixed
T16689,Tech_T16689,6,Mixed
T16690,Tech_T16690,1,Mixed
T16691,Tech_T16691,9,Evening
T16692,Tech_T16692,8,Day
T16693,Tech_T16693,8,Evening
T16694,Tech_T16694,5,Evening
T16695,Tech_T16695,2,Evening
T16696,Tech_T16696,1,Mixed
T16697,Tech_T16697,6,Day
T16698,Tech_T16698,8,Day
T16699,Tech_T16699,2,Mixed
T16700,Tech_T16700,10,Evening
T16701,Tech_T16701,3,Mixed
T16702,Tech_T16702,9,Evening
T16703,Tech_T16703,4,Evening
T16704,Tech_T16704,6,Day
T16705,Tech_T16705,4,Evening
T16706,Tech_T16706,10,Evening
T16707,Tech_T16707,1,Evening
T16708,Tech_T16708,9,Mixed
T16709,Tech_T16709,3,Evening
T16710,Tech_T16710,8,Evening
T16711,Tech_T16711,5,Day
T16712,Tech_T16712,7,Day
T16713,Tech_T16713,7,Mixed
T16714,Tech_T16714,6,Day
T16715,Tech_T16715,5,Mixed
T16716,Tech_T16716,9,Mixed
T16717,Tech_T16717,10,Evening
T16718,Tech_T16718,7,Mixed
T16719,Tech_T16719,10,Evening
T16720,Tech_T16720,9,Evening
T16721,Tech_T16721,9,Evening
T16722,Tech_T16722,5,Mixed
T16723,Tech_T16723,2,Evening
T16724,Tech_T16724,3,Mixed
T16725,Tech_T16725,2,Evening
T16726,Tech_T16726,1,Evening
T16727,Tech_T16727,3,Day
T16728,Tech_T16728,7,Mixed
T16729,Tech_T16729,7,Evening
T16730,Tech_T16730,7,Evening
T16731,Tech_T16731,5,Mixed
T16732,Tech_T16732,10,Evening
T16733,Tech_T16733,9,Day
T16734,Tech_T16734,9,Day
T16735,Tech_T16735,1,Evening
T16736,Tech_T16736,3,Day
T16737,Tech_T16737,4,Day
T16738,Tech_T16738,4,Day
T16739,Tech_T16739,9,Mixed
T16740,Tech_T16740,8,Mixed
T16741,Tech_T16741,8,Evening
T16742,Tech_T16742,3,Mixed
T16743,Tech_T16743,2,Mixed
T16744,Tech_T16744,8,Day
T16745,Tech_T16745,7,Evening
T16746,Tech_T16746,5,Mixed
T16747,Tech_T16747,3,Evening
T16748,Tech_T16748,1,Mixed
T16749,Tech_T16749,7,Day
T16750,Tech_T16750,6,Evening
T16751,Tech_T16751,10,Day
T16752,Tech_T16752,10,Day
T16753,Tech_T16753,6,Day
T16754,Tech_T16754,5,Evening
T16755,Tech_T16755,6,Day
T16756,Tech_T16756,9,Day
T16757,Tech_T16757,6,Mixed
T16758,Tech_T16758,1,Day
T16759,Tech_T16759,7,Evening
T16760,Tech_T16760,6,Evening
T16761,Tech_T16761,9,Mixed
T16762,Tech_T16762,7,Evening
T16763,Tech_T16763,10,Evening
T16764,Tech_T16764,7,Day
T16765,Tech_T16765,6,Evening
T16766,Tech_T16766,8,Evening
T16767,Tech_T16767,4,Day
T16768,Tech_T16768,8,Mixed
T16769,Tech_T16769,7,Mixed
T16770,Tech_T16770,4,Evening
T16771,Tech_T16771,9,Mixed
T16772,Tech_T16772,4,Evening
T16773,Tech_T16773,5,Evening
T16774,Tech_T16774,8,Evening
T16775,Tech_T16775,3,Day
T16776,Tech_T16776,3,Day
T16777,Tech_T16777,3,Mixed
T16778,Tech_T16778,5,Day
T16779,Tech_T16779,7,Evening
T16780,Tech_T16780,2,Day
T16781,Tech_T16781,8,Day
T16782,Tech_T16782,4,Evening
T16783,Tech_T16783,2,Mixed
T16784,Tech_T16784,8,Evening
T16785,Tech_T16785,2,Day
T16786,Tech_T16786,2,Day
T16787,Tech_T16787,2,Mixed
T16788,Tech_T16788,2,Day
T16789,Tech_T16789,3,Evening
T16790,Tech_T16790,1,Day
T16791,Tech_T16791,6,Evening
T16792,Tech_T16792,9,Evening
T16793,Tech_T16793,8,Evening
T16794,Tech_T16794,7,Evening
T16795,Tech_T16795,9,Evening
T16796,Tech_T16796,8,Day
T16797,Tech_T16797,9,Evening
T16798,Tech_T16798,5,Evening
T16799,Tech_T16799,8,Mixed
T16800,Tech_T16800,9,Mixed
T16801,Tech_T16801,7,Evening
T16802,Tech_T16802,7,Evening
T16803,Tech_T16803,5,Evening
T16804,Tech_T16804,6,Evening
T16805,Tech_T16805,5,Evening
T16806,Tech_T16806,6,Day
T16807,Tech_T16807,5,Day
T16808,Tech_T16808,2,Evening
T16809,Tech_T16809,10,Mixed
T16810,Tech_T16810,7,Evening
T16811,Tech_T16811,9,Evening
T16812,Tech_T16812,8,Evening
T16813,Tech_T16813,2,Day
T16814,Tech_T16814,10,Day
T16815,Tech_T16815,2,Evening
T16816,Tech_T16816,9,Day
T16817,Tech_T16817,1,Mixed
T16818,Tech_T16818,4,Mixed
T16819,Tech_T16819,9,Mixed
T16820,Tech_T16820,4,Evening
T16821,Tech_T16821,5,Day
T16822,Tech_T16822,8,Evening
T16823,Tech_T16823,8,Day
T16824,Tech_T16824,6,Evening
T16825,Tech_T16825,10,Evening
T16826,Tech_T16826,10,Evening
T16827,Tech_T16827,8,Mixed
T16828,Tech_T16828,1,Evening
T16829,Tech_T16829,4,Day
T16830,Tech_T16830,6,Evening
T16831,Tech_T16831,7,Evening
T16832,Tech_T16832,7,Day
T16833,Tech_T16833,9,Evening
T16834,Tech_T16834,5,Evening
T16835,Tech_T16835,7,Evening
T16836,Tech_T16836,9,Day
T16837,Tech_T16837,10,Day
T16838,Tech_T16838,10,Day
T16839,Tech_T16839,8,Evening
T16840,Tech_T16840,4,Day
T16841,Tech_T16841,5,Mixed
T16842,Tech_T16842,4,Mixed
T16843,Tech_T16843,6,Mixed
T16844,Tech_T16844,1,Mixed
T16845,Tech_T16845,4,Evening
T16846,Tech_T16846,4,Mixed
T16847,Tech_T16847,4,Evening
T16848,Tech_T16848,2,Evening
T16849,Tech_T16849,3,Day
T16850,Tech_T16850,2,Mixed
T16851,Tech_T16851,6,Day
T16852,Tech_T16852,3,Mixed
T16853,Tech_T16853,7,Day
T16854,Tech_T16854,4,Mixed
T16855,Tech_T16855,6,Day
T16856,Tech_T16856,9,Mixed
T16857,Tech_T16857,5,Mixed
T16858,Tech_T16858,9,Mixed
T16859,Tech_T16859,9,Evening
T16860,Tech_T16860,4,Day
T16861,Tech_T16861,4,Day
T16862,Tech_T16862,4,Day
T16863,Tech_T16863,6,Mixed
T16864,Tech_T16864,7,Mixed
T16865,Tech_T16865,4,Mixed
T16866,Tech_T16866,9,Evening
T16867,Tech_T16867,2,Day
T16868,Tech_T16868,7,Day
T16869,Tech_T16869,9,Mixed
T16870,Tech_T16870,9,Day
T16871,Tech_T16871,2,Mixed
T16872,Tech_T16872,4,Day
T16873,Tech_T16873,2,Evening
T16874,Tech_T16874,9,Evening
T16875,Tech_T16875,6,Day
T16876,Tech_T16876,8,Day
T16877,Tech_T16877,4,Day
T16878,Tech_T16878,2,Mixed
T16879,Tech_T16879,8,Mixed
T16880,Tech_T16880,1,Mixed
T16881,Tech_T16881,9,Evening
T16882,Tech_T16882,1,Evening
T16883,Tech_T16883,1,Evening
T16884,Tech_T16884,5,Day
T16885,Tech_T16885,3,Evening
T16886,Tech_T16886,7,Mixed
T16887,Tech_T16887,9,Day
T16888,Tech_T16888,2,Day
T16889,Tech_T16889,4,Mixed
T16890,Tech_T16890,8,Day
T16891,Tech_T16891,10,Day
T16892,Tech_T16892,5,Evening
T16893,Tech_T16893,2,Evening
T16894,Tech_T16894,8,Evening
T16895,Tech_T16895,6,Mixed
T16896,Tech_T16896,7,Evening
T16897,Tech_T16897,7,Evening
T16898,Tech_T16898,7,Mixed
T16899,Tech_T16899,7,Mixed
T16900,Tech_T16900,5,Day
T16901,Tech_T16901,2,Day
T16902,Tech_T16902,1,Mixed
T16903,Tech_T16903,3,Evening
T16904,Tech_T16904,6,Day
T16905,Tech_T16905,3,Mixed
T16906,Tech_T16906,7,Day
T16907,Tech_T16907,9,Mixed
T16908,Tech_T16908,4,Mixed
T16909,Tech_T16909,10,Day
T16910,Tech_T16910,10,Evening
T16911,Tech_T16911,3,Mixed
T16912,Tech_T16912,3,Day
T16913,Tech_T16913,8,Day
T16914,Tech_T16914,9,Mixed
T16915,Tech_T16915,7,Mixed
T16916,Tech_T16916,3,Mixed
T16917,Tech_T16917,9,Evening
T16918,Tech_T16918,8,Evening
T16919,Tech_T16919,10,Evening
T16920,Tech_T16920,9,Mixed
T16921,Tech_T16921,9,Evening
T16922,Tech_T16922,10,Mixed
T16923,Tech_T16923,4,Mixed
T16924,Tech_T16924,8,Day
T16925,Tech_T16925,1,Evening
T16926,Tech_T16926,8,Day
T16927,Tech_T16927,6,Evening
T16928,Tech_T16928,3,Mixed
T16929,Tech_T16929,5,Mixed
T16930,Tech_T16930,5,Evening
T16931,Tech_T16931,1,Mixed
T16932,Tech_T16932,1,Evening
T16933,Tech_T16933,8,Evening
T16934,Tech_T16934,6,Evening
T16935,Tech_T16935,9,Day
T16936,Tech_T16936,3,Day
T16937,Tech_T16937,3,Day
T16938,Tech_T16938,1,Mixed
T16939,Tech_T16939,7,Mixed
T16940,Tech_T16940,3,Evening
T16941,Tech_T16941,2,Evening
T16942,Tech_T16942,10,Day
T16943,Tech_T16943,2,Evening
T16944,Tech_T16944,6,Mixed
T16945,Tech_T16945,6,Evening
T16946,Tech_T16946,9,Mixed
T16947,Tech_T16947,2,Day
T16948,Tech_T16948,9,Day
T16949,Tech_T16949,5,Mixed
T16950,Tech_T16950,2,Day
T16951,Tech_T16951,3,Mixed
T16952,Tech_T16952,7,Day
T16953,Tech_T16953,9,Evening
T16954,Tech_T16954,9,Day
T16955,Tech_T16955,10,Evening
T16956,Tech_T16956,5,Mixed
T16957,Tech_T16957,4,Evening
T16958,Tech_T16958,1,Mixed
T16959,Tech_T16959,6,Day
T16960,Tech_T16960,6,Mixed
T16961,Tech_T16961,8,Evening
T16962,Tech_T16962,9,Mixed
T16963,Tech_T16963,9,Mixed
T16964,Tech_T16964,4,Evening
T16965,Tech_T16965,4,Day
T16966,Tech_T16966,9,Mixed
T16967,Tech_T16967,4,Mixed
T16968,Tech_T16968,1,Day
T16969,Tech_T16969,4,Day
T16970,Tech_T16970,4,Day
T16971,Tech_T16971,8,Mixed
T16972,Tech_T16972,3,Day
T16973,Tech_T16973,4,Evening
T16974,Tech_T16974,10,Day
T16975,Tech_T16975,10,Day
T16976,Tech_T16976,4,Evening
T16977,Tech_T16977,1,Evening
T16978,Tech_T16978,6,Evening
T16979,Tech_T16979,10,Day
T16980,Tech_T16980,4,Day
T16981,Tech_T16981,8,Evening
T16982,Tech_T16982,3,Evening
T16983,Tech_T16983,1,Evening
T16984,Tech_T16984,10,Day
T16985,Tech_T16985,2,Evening
T16986,Tech_T16986,2,Mixed
T16987,Tech_T16987,6,Day
T16988,Tech_T16988,7,Day
T16989,Tech_T16989,9,Day
T16990,Tech_T16990,2,Day
T16991,Tech_T16991,3,Day
T16992,Tech_T16992,2,Day
T16993,Tech_T16993,8,Evening
T16994,Tech_T16994,2,Evening
T16995,Tech_T16995,2,Day
T16996,Tech_T16996,1,Evening
T16997,Tech_T16997,3,Evening
T16998,Tech_T16998,10,Evening
T16999,Tech_T16999,2,Evening
T17000,Tech_T17000,6,Day
T17001,Tech_T17001,6,Mixed
T17002,Tech_T17002,5,Day
T17003,Tech_T17003,4,Day
T17004,Tech_T17004,1,Evening
T17005,Tech_T17005,5,Day
T17006,Tech_T17006,10,Day
T17007,Tech_T17007,7,Evening
T17008,Tech_T17008,4,Mixed
T17009,Tech_T17009,3,Day
T17010,Tech_T17010,10,Mixed
T17011,Tech_T17011,8,Evening
T17012,Tech_T17012,8,Evening
T17013,Tech_T17013,7,Mixed
T17014,Tech_T17014,4,Mixed
T17015,Tech_T17015,6,Day
T17016,Tech_T17016,6,Mixed
T17017,Tech_T17017,6,Day
T17018,Tech_T17018,9,Day
T17019,Tech_T17019,9,Mixed
T17020,Tech_T17020,10,Mixed
T17021,Tech_T17021,1,Day
T17022,Tech_T17022,3,Evening
T17023,Tech_T17023,5,Evening
T17024,Tech_T17024,4,Day
T17025,Tech_T17025,9,Day
T17026,Tech_T17026,3,Evening
T17027,Tech_T17027,3,Evening
T17028,Tech_T17028,8,Day
T17029,Tech_T17029,7,Evening
T17030,Tech_T17030,9,Day
T17031,Tech_T17031,9,Day
T17032,Tech_T17032,5,Evening
T17033,Tech_T17033,5,Evening
T17034,Tech_T17034,6,Evening
T17035,Tech_T17035,1,Mixed
T17036,Tech_T17036,4,Day
T17037,Tech_T17037,1,Mixed
T17038,Tech_T17038,9,Mixed
T17039,Tech_T17039,8,Day
T17040,Tech_T17040,6,Mixed
T17041,Tech_T17041,4,Evening
T17042,Tech_T17042,10,Evening
T17043,Tech_T17043,6,Mixed
T17044,Tech_T17044,5,Evening
T17045,Tech_T17045,5,Day
T17046,Tech_T17046,7,Day
T17047,Tech_T17047,4,Day
T17048,Tech_T17048,2,Evening
T17049,Tech_T17049,2,Mixed
T17050,Tech_T17050,4,Day
T17051,Tech_T17051,6,Day
T17052,Tech_T17052,5,Evening
T17053,Tech_T17053,2,Evening
T17054,Tech_T17054,5,Evening
T17055,Tech_T17055,1,Evening
T17056,Tech_T17056,4,Mixed
T17057,Tech_T17057,2,Mixed
T17058,Tech_T17058,3,Day
T17059,Tech_T17059,6,Mixed
T17060,Tech_T17060,2,Day
T17061,Tech_T17061,8,Day
T17062,Tech_T17062,6,Evening
T17063,Tech_T17063,1,Evening
T17064,Tech_T17064,6,Mixed
T17065,Tech_T17065,3,Evening
T17066,Tech_T17066,4,Day
T17067,Tech_T17067,10,Mixed
T17068,Tech_T17068,7,Day
T17069,Tech_T17069,10,Day
T17070,Tech_T17070,9,Evening
T17071,Tech_T17071,10,Day
T17072,Tech_T17072,7,Day
T17073,Tech_T17073,5,Day
T17074,Tech_T17074,6,Mixed
T17075,Tech_T17075,2,Mixed
T17076,Tech_T17076,5,Evening
T17077,Tech_T17077,1,Day
T17078,Tech_T17078,6,Day
T17079,Tech_T17079,6,Mixed
T17080,Tech_T17080,7,Evening
T17081,Tech_T17081,5,Day
T17082,Tech_T17082,10,Evening
T17083,Tech_T17083,10,Mixed
T17084,Tech_T17084,10,Evening
T17085,Tech_T17085,9,Mixed
T17086,Tech_T17086,10,Evening
T17087,Tech_T17087,8,Day
T17088,Tech_T17088,10,Mixed
T17089,Tech_T17089,6,Mixed
T17090,Tech_T17090,7,Mixed
T17091,Tech_T17091,8,Evening
T17092,Tech_T17092,5,Mixed
T17093,Tech_T17093,10,Mixed
T17094,Tech_T17094,10,Evening
T17095,Tech_T17095,8,Evening
T17096,Tech_T17096,7,Mixed
T17097,Tech_T17097,10,Mixed
T17098,Tech_T17098,4,Evening
T17099,Tech_T17099,2,Mixed
T17100,Tech_T17100,2,Evening
T17101,Tech_T17101,6,Mixed
T17102,Tech_T17102,6,Mixed
T17103,Tech_T17103,6,Day
T17104,Tech_T17104,6,Day
T17105,Tech_T17105,9,Evening
T17106,Tech_T17106,6,Mixed
T17107,Tech_T17107,2,Evening
T17108,Tech_T17108,5,Mixed
T17109,Tech_T17109,10,Evening
T17110,Tech_T17110,3,Day
T17111,Tech_T17111,6,Evening
T17112,Tech_T17112,4,Evening
T17113,Tech_T17113,3,Evening
T17114,Tech_T17114,2,Mixed
T17115,Tech_T17115,8,Day
T17116,Tech_T17116,9,Day
T17117,Tech_T17117,5,Day
T17118,Tech_T17118,3,Mixed
T17119,Tech_T17119,2,Mixed
T17120,Tech_T17120,6,Mixed
T17121,Tech_T17121,10,Evening
T17122,Tech_T17122,2,Evening
T17123,Tech_T17123,5,Day
T17124,Tech_T17124,2,Day
T17125,Tech_T17125,9,Evening
T17126,Tech_T17126,3,Mixed
T17127,Tech_T17127,2,Mixed
T17128,Tech_T17128,8,Day
T17129,Tech_T17129,4,Evening
T17130,Tech_T17130,5,Day
T17131,Tech_T17131,1,Evening
T17132,Tech_T17132,7,Mixed
T17133,Tech_T17133,9,Day
T17134,Tech_T17134,3,Day
T17135,Tech_T17135,1,Mixed
T17136,Tech_T17136,9,Day
T17137,Tech_T17137,4,Mixed
T17138,Tech_T17138,1,Mixed
T17139,Tech_T17139,6,Evening
T17140,Tech_T17140,10,Evening
T17141,Tech_T17141,6,Day
T17142,Tech_T17142,10,Day
T17143,Tech_T17143,7,Day
T17144,Tech_T17144,6,Mixed
T17145,Tech_T17145,4,Day
T17146,Tech_T17146,1,Day
T17147,Tech_T17147,1,Mixed
T17148,Tech_T17148,5,Evening
T17149,Tech_T17149,9,Day
T17150,Tech_T17150,7,Mixed
T17151,Tech_T17151,10,Mixed
T17152,Tech_T17152,8,Day
T17153,Tech_T17153,1,Evening
T17154,Tech_T17154,9,Day
T17155,Tech_T17155,6,Mixed
T17156,Tech_T17156,7,Mixed
T17157,Tech_T17157,2,Evening
T17158,Tech_T17158,4,Mixed
T17159,Tech_T17159,4,Evening
T17160,Tech_T17160,9,Day
T17161,Tech_T17161,8,Mixed
T17162,Tech_T17162,5,Day
T17163,Tech_T17163,1,Day
T17164,Tech_T17164,4,Mixed
T17165,Tech_T17165,1,Mixed
T17166,Tech_T17166,6,Mixed
T17167,Tech_T17167,7,Evening
T17168,Tech_T17168,2,Day
T17169,Tech_T17169,2,Day
T17170,Tech_T17170,1,Mixed
T17171,Tech_T17171,4,Day
T17172,Tech_T17172,1,Mixed
T17173,Tech_T17173,10,Mixed
T17174,Tech_T17174,1,Day
T17175,Tech_T17175,2,Evening
T17176,Tech_T17176,10,Day
T17177,Tech_T17177,3,Mixed
T17178,Tech_T17178,7,Mixed
T17179,Tech_T17179,5,Evening
T17180,Tech_T17180,10,Evening
T17181,Tech_T17181,2,Evening
T17182,Tech_T17182,1,Mixed
T17183,Tech_T17183,2,Evening
T17184,Tech_T17184,2,Evening
T17185,Tech_T17185,4,Day
T17186,Tech_T17186,8,Mixed
T17187,Tech_T17187,8,Mixed
T17188,Tech_T17188,7,Mixed
T17189,Tech_T17189,5,Evening
T17190,Tech_T17190,6,Mixed
T17191,Tech_T17191,10,Evening
T17192,Tech_T17192,7,Day
T17193,Tech_T17193,5,Evening
T17194,Tech_T17194,6,Day
T17195,Tech_T17195,1,Day
T17196,Tech_T17196,6,Day
T17197,Tech_T17197,7,Mixed
T17198,Tech_T17198,3,Evening
T17199,Tech_T17199,2,Day
T17200,Tech_T17200,6,Evening
T17201,Tech_T17201,8,Day
T17202,Tech_T17202,8,Evening
T17203,Tech_T17203,3,Evening
T17204,Tech_T17204,6,Evening
T17205,Tech_T17205,8,Day
T17206,Tech_T17206,4,Evening
T17207,Tech_T17207,4,Day
T17208,Tech_T17208,2,Day
T17209,Tech_T17209,8,Evening
T17210,Tech_T17210,4,Day
T17211,Tech_T17211,2,Day
T17212,Tech_T17212,8,Evening
T17213,Tech_T17213,10,Mixed
T17214,Tech_T17214,8,Evening
T17215,Tech_T17215,2,Day
T17216,Tech_T17216,10,Day
T17217,Tech_T17217,3,Day
T17218,Tech_T17218,5,Evening
T17219,Tech_T17219,4,Day
T17220,Tech_T17220,1,Day
T17221,Tech_T17221,2,Evening
T17222,Tech_T17222,6,Evening
T17223,Tech_T17223,10,Day
T17224,Tech_T17224,10,Evening
T17225,Tech_T17225,6,Evening
T17226,Tech_T17226,3,Mixed
T17227,Tech_T17227,5,Evening
T17228,Tech_T17228,5,Day
T17229,Tech_T17229,9,Mixed
T17230,Tech_T17230,1,Day
T17231,Tech_T17231,9,Mixed
T17232,Tech_T17232,8,Day
T17233,Tech_T17233,7,Day
T17234,Tech_T17234,3,Day
T17235,Tech_T17235,8,Mixed
T17236,Tech_T17236,7,Mixed
T17237,Tech_T17237,5,Mixed
T17238,Tech_T17238,3,Mixed
T17239,Tech_T17239,10,Mixed
T17240,Tech_T17240,8,Evening
T17241,Tech_T17241,9,Evening
T17242,Tech_T17242,2,Evening
T17243,Tech_T17243,9,Mixed
T17244,Tech_T17244,5,Day
T17245,Tech_T17245,7,Day
T17246,Tech_T17246,5,Mixed
T17247,Tech_T17247,8,Evening
T17248,Tech_T17248,4,Evening
T17249,Tech_T17249,2,Evening
T17250,Tech_T17250,9,Mixed
T17251,Tech_T17251,4,Evening
T17252,Tech_T17252,6,Mixed
T17253,Tech_T17253,4,Mixed
T17254,Tech_T17254,7,Day
T17255,Tech_T17255,1,Evening
T17256,Tech_T17256,3,Day
T17257,Tech_T17257,6,Day
T17258,Tech_T17258,2,Mixed
T17259,Tech_T17259,1,Day
T17260,Tech_T17260,3,Evening
T17261,Tech_T17261,7,Day
T17262,Tech_T17262,9,Evening
T17263,Tech_T17263,6,Day
T17264,Tech_T17264,6,Mixed
T17265,Tech_T17265,10,Day
T17266,Tech_T17266,4,Mixed
T17267,Tech_T17267,3,Mixed
T17268,Tech_T17268,10,Evening
T17269,Tech_T17269,4,Day
T17270,Tech_T17270,3,Mixed
T17271,Tech_T17271,7,Evening
T17272,Tech_T17272,9,Mixed
T17273,Tech_T17273,6,Evening
T17274,Tech_T17274,10,Day
T17275,Tech_T17275,6,Mixed
T17276,Tech_T17276,8,Evening
T17277,Tech_T17277,5,Mixed
T17278,Tech_T17278,8,Mixed
T17279,Tech_T17279,6,Day
T17280,Tech_T17280,3,Day
T17281,Tech_T17281,2,Day
T17282,Tech_T17282,7,Mixed
T17283,Tech_T17283,9,Evening
T17284,Tech_T17284,7,Evening
T17285,Tech_T17285,10,Mixed
T17286,Tech_T17286,5,Day
T17287,Tech_T17287,5,Mixed
T17288,Tech_T17288,2,Day
T17289,Tech_T17289,3,Day
T17290,Tech_T17290,9,Mixed
T17291,Tech_T17291,9,Day
T17292,Tech_T17292,1,Day
T17293,Tech_T17293,1,Evening
T17294,Tech_T17294,8,Day
T17295,Tech_T17295,9,Evening
T17296,Tech_T17296,8,Mixed
T17297,Tech_T17297,5,Evening
T17298,Tech_T17298,7,Mixed
T17299,Tech_T17299,8,Day
T17300,Tech_T17300,6,Day
T17301,Tech_T17301,1,Day
T17302,Tech_T17302,9,Mixed
T17303,Tech_T17303,2,Mixed
T17304,Tech_T17304,7,Evening
T17305,Tech_T17305,3,Mixed
T17306,Tech_T17306,9,Day
T17307,Tech_T17307,4,Day
T17308,Tech_T17308,10,Day
T17309,Tech_T17309,8,Mixed
T17310,Tech_T17310,4,Mixed
T17311,Tech_T17311,3,Mixed
T17312,Tech_T17312,3,Evening
T17313,Tech_T17313,8,Evening
T17314,Tech_T17314,9,Mixed
T17315,Tech_T17315,3,Mixed
T17316,Tech_T17316,5,Evening
T17317,Tech_T17317,3,Evening
T17318,Tech_T17318,5,Evening
T17319,Tech_T17319,9,Day
T17320,Tech_T17320,10,Day
T17321,Tech_T17321,2,Mixed
T17322,Tech_T17322,5,Mixed
T17323,Tech_T17323,7,Evening
T17324,Tech_T17324,9,Evening
T17325,Tech_T17325,8,Day
T17326,Tech_T17326,7,Day
T17327,Tech_T17327,4,Mixed
T17328,Tech_T17328,1,Day
T17329,Tech_T17329,10,Mixed
T17330,Tech_T17330,3,Mixed
T17331,Tech_T17331,3,Mixed
T17332,Tech_T17332,5,Evening
T17333,Tech_T17333,6,Mixed
T17334,Tech_T17334,8,Mixed
T17335,Tech_T17335,4,Mixed
T17336,Tech_T17336,1,Mixed
T17337,Tech_T17337,3,Day
T17338,Tech_T17338,1,Evening
T17339,Tech_T17339,2,Day
T17340,Tech_T17340,9,Mixed
T17341,Tech_T17341,1,Evening
T17342,Tech_T17342,1,Evening
T17343,Tech_T17343,4,Mixed
T17344,Tech_T17344,5,Mixed
T17345,Tech_T17345,3,Evening
T17346,Tech_T17346,8,Mixed
T17347,Tech_T17347,7,Day
T17348,Tech_T17348,5,Evening
T17349,Tech_T17349,1,Mixed
T17350,Tech_T17350,3,Evening
T17351,Tech_T17351,5,Evening
T17352,Tech_T17352,4,Day
T17353,Tech_T17353,2,Day
T17354,Tech_T17354,4,Day
T17355,Tech_T17355,2,Mixed
T17356,Tech_T17356,10,Day
T17357,Tech_T17357,3,Evening
T17358,Tech_T17358,3,Mixed
T17359,Tech_T17359,7,Mixed
T17360,Tech_T17360,9,Evening
T17361,Tech_T17361,5,Day
T17362,Tech_T17362,10,Evening
T17363,Tech_T17363,10,Mixed
T17364,Tech_T17364,3,Day
T17365,Tech_T17365,6,Evening
T17366,Tech_T17366,8,Mixed
T17367,Tech_T17367,6,Day
T17368,Tech_T17368,8,Day
T17369,Tech_T17369,2,Evening
T17370,Tech_T17370,1,Day
T17371,Tech_T17371,8,Mixed
T17372,Tech_T17372,9,Evening
T17373,Tech_T17373,2,Evening
T17374,Tech_T17374,8,Evening
T17375,Tech_T17375,4,Day
T17376,Tech_T17376,9,Mixed
T17377,Tech_T17377,7,Day
T17378,Tech_T17378,7,Mixed
T17379,Tech_T17379,7,Evening
T17380,Tech_T17380,9,Evening
T17381,Tech_T17381,1,Day
T17382,Tech_T17382,2,Evening
T17383,Tech_T17383,9,Mixed
T17384,Tech_T17384,2,Day
T17385,Tech_T17385,8,Mixed
T17386,Tech_T17386,1,Day
T17387,Tech_T17387,7,Mixed
T17388,Tech_T17388,7,Evening
T17389,Tech_T17389,6,Evening
T17390,Tech_T17390,5,Day
T17391,Tech_T17391,9,Mixed
T17392,Tech_T17392,10,Evening
T17393,Tech_T17393,3,Day
T17394,Tech_T17394,2,Mixed
T17395,Tech_T17395,1,Mixed
T17396,Tech_T17396,2,Evening
T17397,Tech_T17397,1,Evening
T17398,Tech_T17398,3,Day
T17399,Tech_T17399,8,Evening
T17400,Tech_T17400,6,Day
T17401,Tech_T17401,6,Mixed
T17402,Tech_T17402,8,Evening
T17403,Tech_T17403,5,Day
T17404,Tech_T17404,8,Evening
T17405,Tech_T17405,6,Evening
T17406,Tech_T17406,9,Mixed
T17407,Tech_T17407,10,Mixed
T17408,Tech_T17408,10,Mixed
T17409,Tech_T17409,7,Day
T17410,Tech_T17410,10,Evening
T17411,Tech_T17411,7,Mixed
T17412,Tech_T17412,8,Mixed
T17413,Tech_T17413,3,Mixed
T17414,Tech_T17414,1,Mixed
T17415,Tech_T17415,5,Day
T17416,Tech_T17416,7,Mixed
T17417,Tech_T17417,10,Mixed
T17418,Tech_T17418,2,Evening
T17419,Tech_T17419,9,Evening
T17420,Tech_T17420,6,Evening
T17421,Tech_T17421,9,Evening
T17422,Tech_T17422,8,Day
T17423,Tech_T17423,2,Mixed
T17424,Tech_T17424,5,Day
T17425,Tech_T17425,4,Evening
T17426,Tech_T17426,10,Day
T17427,Tech_T17427,9,Evening
T17428,Tech_T17428,2,Day
T17429,Tech_T17429,2,Mixed
T17430,Tech_T17430,9,Day
T17431,Tech_T17431,10,Mixed
T17432,Tech_T17432,9,Day
T17433,Tech_T17433,2,Day
T17434,Tech_T17434,9,Mixed
T17435,Tech_T17435,9,Evening
T17436,Tech_T17436,7,Mixed
T17437,Tech_T17437,1,Evening
T17438,Tech_T17438,9,Day
T17439,Tech_T17439,7,Mixed
T17440,Tech_T17440,7,Evening
T17441,Tech_T17441,2,Day
T17442,Tech_T17442,8,Evening
T17443,Tech_T17443,5,Mixed
T17444,Tech_T17444,9,Evening
T17445,Tech_T17445,8,Evening
T17446,Tech_T17446,5,Evening
T17447,Tech_T17447,9,Evening
T17448,Tech_T17448,3,Mixed
T17449,Tech_T17449,3,Day
T17450,Tech_T17450,3,Mixed
T17451,Tech_T17451,8,Mixed
T17452,Tech_T17452,6,Mixed
T17453,Tech_T17453,10,Evening
T17454,Tech_T17454,8,Evening
T17455,Tech_T17455,6,Evening
T17456,Tech_T17456,9,Day
T17457,Tech_T17457,5,Mixed
T17458,Tech_T17458,3,Evening
T17459,Tech_T17459,2,Evening
T17460,Tech_T17460,5,Mixed
T17461,Tech_T17461,7,Mixed
T17462,Tech_T17462,8,Day
T17463,Tech_T17463,9,Day
T17464,Tech_T17464,10,Mixed
T17465,Tech_T17465,7,Evening
T17466,Tech_T17466,5,Evening
T17467,Tech_T17467,3,Day
T17468,Tech_T17468,5,Evening
T17469,Tech_T17469,4,Evening
T17470,Tech_T17470,5,Day
T17471,Tech_T17471,9,Day
T17472,Tech_T17472,2,Mixed
T17473,Tech_T17473,6,Mixed
T17474,Tech_T17474,5,Day
T17475,Tech_T17475,4,Evening
T17476,Tech_T17476,5,Evening
T17477,Tech_T17477,9,Day
T17478,Tech_T17478,5,Mixed
T17479,Tech_T17479,3,Day
T17480,Tech_T17480,3,Evening
T17481,Tech_T17481,8,Evening
T17482,Tech_T17482,9,Mixed
T17483,Tech_T17483,9,Day
T17484,Tech_T17484,4,Mixed
T17485,Tech_T17485,3,Evening
T17486,Tech_T17486,6,Mixed
T17487,Tech_T17487,3,Evening
T17488,Tech_T17488,8,Day
T17489,Tech_T17489,7,Day
T17490,Tech_T17490,7,Evening
T17491,Tech_T17491,9,Mixed
T17492,Tech_T17492,8,Mixed
T17493,Tech_T17493,7,Mixed
T17494,Tech_T17494,3,Mixed
T17495,Tech_T17495,6,Day
T17496,Tech_T17496,8,Mixed
T17497,Tech_T17497,3,Day
T17498,Tech_T17498,1,Day
T17499,Tech_T17499,5,Day
T17500,Tech_T17500,7,Mixed
T17501,Tech_T17501,1,Mixed
T17502,Tech_T17502,5,Evening
T17503,Tech_T17503,2,Mixed
T17504,Tech_T17504,10,Evening
T17505,Tech_T17505,5,Day
T17506,Tech_T17506,8,Evening
T17507,Tech_T17507,1,Evening
T17508,Tech_T17508,8,Day
T17509,Tech_T17509,3,Evening
T17510,Tech_T17510,7,Evening
T17511,Tech_T17511,5,Mixed
T17512,Tech_T17512,2,Mixed
T17513,Tech_T17513,4,Mixed
T17514,Tech_T17514,1,Day
T17515,Tech_T17515,3,Evening
T17516,Tech_T17516,8,Mixed
T17517,Tech_T17517,4,Evening
T17518,Tech_T17518,3,Evening
T17519,Tech_T17519,10,Day
T17520,Tech_T17520,10,Day
T17521,Tech_T17521,8,Evening
T17522,Tech_T17522,8,Mixed
T17523,Tech_T17523,3,Evening
T17524,Tech_T17524,2,Evening
T17525,Tech_T17525,7,Evening
T17526,Tech_T17526,3,Evening
T17527,Tech_T17527,3,Day
T17528,Tech_T17528,9,Day
T17529,Tech_T17529,9,Mixed
T17530,Tech_T17530,3,Evening
T17531,Tech_T17531,3,Day
T17532,Tech_T17532,6,Day
T17533,Tech_T17533,1,Mixed
T17534,Tech_T17534,4,Day
T17535,Tech_T17535,4,Day
T17536,Tech_T17536,7,Mixed
T17537,Tech_T17537,10,Day
T17538,Tech_T17538,6,Mixed
T17539,Tech_T17539,5,Evening
T17540,Tech_T17540,4,Mixed
T17541,Tech_T17541,3,Day
T17542,Tech_T17542,3,Day
T17543,Tech_T17543,4,Day
T17544,Tech_T17544,5,Evening
T17545,Tech_T17545,10,Evening
T17546,Tech_T17546,3,Day
T17547,Tech_T17547,3,Evening
T17548,Tech_T17548,6,Evening
T17549,Tech_T17549,10,Evening
T17550,Tech_T17550,8,Evening
T17551,Tech_T17551,5,Evening
T17552,Tech_T17552,10,Mixed
T17553,Tech_T17553,5,Evening
T17554,Tech_T17554,3,Mixed
T17555,Tech_T17555,5,Mixed
T17556,Tech_T17556,2,Evening
T17557,Tech_T17557,4,Evening
T17558,Tech_T17558,6,Mixed
T17559,Tech_T17559,3,Mixed
T17560,Tech_T17560,5,Day
T17561,Tech_T17561,7,Mixed
T17562,Tech_T17562,7,Mixed
T17563,Tech_T17563,10,Mixed
T17564,Tech_T17564,9,Mixed
T17565,Tech_T17565,7,Mixed
T17566,Tech_T17566,3,Evening
T17567,Tech_T17567,6,Mixed
T17568,Tech_T17568,3,Evening
T17569,Tech_T17569,3,Mixed
T17570,Tech_T17570,2,Mixed
T17571,Tech_T17571,4,Mixed
T17572,Tech_T17572,10,Day
T17573,Tech_T17573,5,Day
T17574,Tech_T17574,3,Day
T17575,Tech_T17575,4,Mixed
T17576,Tech_T17576,6,Evening
T17577,Tech_T17577,4,Day
T17578,Tech_T17578,6,Day
T17579,Tech_T17579,10,Day
T17580,Tech_T17580,4,Mixed
T17581,Tech_T17581,8,Day
T17582,Tech_T17582,9,Day
T17583,Tech_T17583,5,Day
T17584,Tech_T17584,3,Mixed
T17585,Tech_T17585,3,Evening
T17586,Tech_T17586,5,Day
T17587,Tech_T17587,10,Day
T17588,Tech_T17588,5,Evening
T17589,Tech_T17589,6,Day
T17590,Tech_T17590,7,Mixed
T17591,Tech_T17591,5,Evening
T17592,Tech_T17592,4,Evening
T17593,Tech_T17593,1,Evening
T17594,Tech_T17594,4,Mixed
T17595,Tech_T17595,10,Evening
T17596,Tech_T17596,9,Day
T17597,Tech_T17597,3,Mixed
T17598,Tech_T17598,9,Day
T17599,Tech_T17599,10,Day
T17600,Tech_T17600,1,Mixed
T17601,Tech_T17601,5,Mixed
T17602,Tech_T17602,4,Day
T17603,Tech_T17603,9,Evening
T17604,Tech_T17604,7,Evening
T17605,Tech_T17605,6,Mixed
T17606,Tech_T17606,3,Evening
T17607,Tech_T17607,9,Evening
T17608,Tech_T17608,6,Mixed
T17609,Tech_T17609,9,Evening
T17610,Tech_T17610,3,Mixed
T17611,Tech_T17611,10,Evening
T17612,Tech_T17612,1,Mixed
T17613,Tech_T17613,4,Day
T17614,Tech_T17614,6,Day
T17615,Tech_T17615,6,Evening
T17616,Tech_T17616,3,Day
T17617,Tech_T17617,9,Evening
T17618,Tech_T17618,1,Day
T17619,Tech_T17619,8,Mixed
T17620,Tech_T17620,3,Evening
T17621,Tech_T17621,8,Mixed
T17622,Tech_T17622,8,Day
T17623,Tech_T17623,9,Day
T17624,Tech_T17624,5,Day
T17625,Tech_T17625,3,Mixed
T17626,Tech_T17626,3,Day
T17627,Tech_T17627,6,Evening
T17628,Tech_T17628,3,Mixed
T17629,Tech_T17629,9,Mixed
T17630,Tech_T17630,3,Evening
T17631,Tech_T17631,8,Day
T17632,Tech_T17632,3,Evening
T17633,Tech_T17633,3,Day
T17634,Tech_T17634,5,Mixed
T17635,Tech_T17635,4,Day
T17636,Tech_T17636,6,Day
T17637,Tech_T17637,6,Day
T17638,Tech_T17638,9,Day
T17639,Tech_T17639,3,Mixed
T17640,Tech_T17640,3,Evening
T17641,Tech_T17641,3,Evening
T17642,Tech_T17642,10,Evening
T17643,Tech_T17643,3,Mixed
T17644,Tech_T17644,2,Day
T17645,Tech_T17645,6,Evening
T17646,Tech_T17646,2,Day
T17647,Tech_T17647,5,Evening
T17648,Tech_T17648,2,Day
T17649,Tech_T17649,9,Evening
T17650,Tech_T17650,10,Evening
T17651,Tech_T17651,4,Day
T17652,Tech_T17652,3,Day
T17653,Tech_T17653,2,Mixed
T17654,Tech_T17654,2,Mixed
T17655,Tech_T17655,3,Evening
T17656,Tech_T17656,7,Evening
T17657,Tech_T17657,1,Mixed
T17658,Tech_T17658,4,Day
T17659,Tech_T17659,4,Day
T17660,Tech_T17660,1,Mixed
T17661,Tech_T17661,7,Mixed
T17662,Tech_T17662,2,Day
T17663,Tech_T17663,9,Mixed
T17664,Tech_T17664,7,Day
T17665,Tech_T17665,6,Evening
T17666,Tech_T17666,2,Evening
T17667,Tech_T17667,2,Mixed
T17668,Tech_T17668,3,Evening
T17669,Tech_T17669,6,Evening
T17670,Tech_T17670,10,Day
T17671,Tech_T17671,4,Day
T17672,Tech_T17672,9,Mixed
T17673,Tech_T17673,2,Evening
T17674,Tech_T17674,8,Day
T17675,Tech_T17675,1,Mixed
T17676,Tech_T17676,1,Evening
T17677,Tech_T17677,6,Mixed
T17678,Tech_T17678,7,Mixed
T17679,Tech_T17679,5,Day
T17680,Tech_T17680,2,Evening
T17681,Tech_T17681,10,Mixed
T17682,Tech_T17682,2,Day
T17683,Tech_T17683,9,Day
T17684,Tech_T17684,8,Mixed
T17685,Tech_T17685,2,Day
T17686,Tech_T17686,3,Mixed
T17687,Tech_T17687,5,Mixed
T17688,Tech_T17688,4,Mixed
T17689,Tech_T17689,1,Evening
T17690,Tech_T17690,8,Mixed
T17691,Tech_T17691,4,Evening
T17692,Tech_T17692,9,Evening
T17693,Tech_T17693,7,Day
T17694,Tech_T17694,7,Evening
T17695,Tech_T17695,7,Mixed
T17696,Tech_T17696,6,Evening
T17697,Tech_T17697,1,Evening
T17698,Tech_T17698,9,Day
T17699,Tech_T17699,1,Mixed
T17700,Tech_T17700,10,Mixed
T17701,Tech_T17701,2,Day
T17702,Tech_T17702,6,Evening
T17703,Tech_T17703,1,Evening
T17704,Tech_T17704,3,Mixed
T17705,Tech_T17705,8,Evening
T17706,Tech_T17706,4,Mixed
T17707,Tech_T17707,1,Evening
T17708,Tech_T17708,3,Day
T17709,Tech_T17709,8,Evening
T17710,Tech_T17710,9,Day
T17711,Tech_T17711,5,Evening
T17712,Tech_T17712,1,Day
T17713,Tech_T17713,4,Evening
T17714,Tech_T17714,8,Evening
T17715,Tech_T17715,3,Mixed
T17716,Tech_T17716,7,Evening
T17717,Tech_T17717,9,Evening
T17718,Tech_T17718,6,Day
T17719,Tech_T17719,2,Mixed
T17720,Tech_T17720,5,Mixed
T17721,Tech_T17721,6,Mixed
T17722,Tech_T17722,6,Day
T17723,Tech_T17723,4,Day
T17724,Tech_T17724,5,Mixed
T17725,Tech_T17725,7,Mixed
T17726,Tech_T17726,4,Day
T17727,Tech_T17727,5,Mixed
T17728,Tech_T17728,4,Mixed
T17729,Tech_T17729,6,Evening
T17730,Tech_T17730,5,Mixed
T17731,Tech_T17731,1,Mixed
T17732,Tech_T17732,7,Evening
T17733,Tech_T17733,5,Day
T17734,Tech_T17734,8,Evening
T17735,Tech_T17735,5,Evening
T17736,Tech_T17736,8,Evening
T17737,Tech_T17737,6,Evening
T17738,Tech_T17738,2,Day
T17739,Tech_T17739,9,Mixed
T17740,Tech_T17740,9,Evening
T17741,Tech_T17741,8,Evening
T17742,Tech_T17742,1,Evening
T17743,Tech_T17743,2,Evening
T17744,Tech_T17744,9,Mixed
T17745,Tech_T17745,10,Day
T17746,Tech_T17746,7,Day
T17747,Tech_T17747,2,Day
T17748,Tech_T17748,5,Mixed
T17749,Tech_T17749,9,Mixed
T17750,Tech_T17750,8,Evening
T17751,Tech_T17751,10,Evening
T17752,Tech_T17752,5,Evening
T17753,Tech_T17753,1,Mixed
T17754,Tech_T17754,10,Day
T17755,Tech_T17755,8,Day
T17756,Tech_T17756,5,Mixed
T17757,Tech_T17757,6,Mixed
T17758,Tech_T17758,4,Evening
T17759,Tech_T17759,5,Day
T17760,Tech_T17760,5,Mixed
T17761,Tech_T17761,8,Evening
T17762,Tech_T17762,10,Evening
T17763,Tech_T17763,9,Evening
T17764,Tech_T17764,7,Evening
T17765,Tech_T17765,3,Mixed
T17766,Tech_T17766,9,Mixed
T17767,Tech_T17767,1,Mixed
T17768,Tech_T17768,6,Day
T17769,Tech_T17769,2,Day
T17770,Tech_T17770,4,Evening
T17771,Tech_T17771,5,Mixed
T17772,Tech_T17772,2,Evening
T17773,Tech_T17773,1,Evening
T17774,Tech_T17774,10,Evening
T17775,Tech_T17775,7,Mixed
T17776,Tech_T17776,3,Evening
T17777,Tech_T17777,9,Mixed
T17778,Tech_T17778,2,Mixed
T17779,Tech_T17779,10,Evening
T17780,Tech_T17780,1,Day
T17781,Tech_T17781,5,Day
T17782,Tech_T17782,9,Day
T17783,Tech_T17783,2,Mixed
T17784,Tech_T17784,5,Mixed
T17785,Tech_T17785,2,Evening
T17786,Tech_T17786,10,Mixed
T17787,Tech_T17787,7,Mixed
T17788,Tech_T17788,6,Day
T17789,Tech_T17789,9,Day
T17790,Tech_T17790,2,Evening
T17791,Tech_T17791,8,Evening
T17792,Tech_T17792,4,Mixed
T17793,Tech_T17793,8,Evening
T17794,Tech_T17794,5,Day
T17795,Tech_T17795,7,Evening
T17796,Tech_T17796,6,Day
T17797,Tech_T17797,2,Mixed
T17798,Tech_T17798,8,Day
T17799,Tech_T17799,9,Day
T17800,Tech_T17800,3,Evening
T17801,Tech_T17801,5,Evening
T17802,Tech_T17802,3,Day
T17803,Tech_T17803,1,Evening
T17804,Tech_T17804,6,Mixed
T17805,Tech_T17805,5,Mixed
T17806,Tech_T17806,3,Day
T17807,Tech_T17807,10,Day
T17808,Tech_T17808,5,Mixed
T17809,Tech_T17809,1,Mixed
T17810,Tech_T17810,3,Mixed
T17811,Tech_T17811,2,Mixed
T17812,Tech_T17812,4,Mixed
T17813,Tech_T17813,9,Mixed
T17814,Tech_T17814,8,Evening
T17815,Tech_T17815,3,Mixed
T17816,Tech_T17816,2,Evening
T17817,Tech_T17817,2,Day
T17818,Tech_T17818,9,Day
T17819,Tech_T17819,4,Day
T17820,Tech_T17820,7,Mixed
T17821,Tech_T17821,2,Evening
T17822,Tech_T17822,10,Evening
T17823,Tech_T17823,7,Day
T17824,Tech_T17824,3,Mixed
T17825,Tech_T17825,9,Day
T17826,Tech_T17826,7,Mixed
T17827,Tech_T17827,3,Evening
T17828,Tech_T17828,6,Day
T17829,Tech_T17829,9,Evening
T17830,Tech_T17830,2,Mixed
T17831,Tech_T17831,1,Evening
T17832,Tech_T17832,8,Mixed
T17833,Tech_T17833,2,Evening
T17834,Tech_T17834,2,Day
T17835,Tech_T17835,10,Day
T17836,Tech_T17836,6,Day
T17837,Tech_T17837,8,Mixed
T17838,Tech_T17838,2,Evening
T17839,Tech_T17839,7,Mixed
T17840,Tech_T17840,6,Mixed
T17841,Tech_T17841,10,Evening
T17842,Tech_T17842,4,Mixed
T17843,Tech_T17843,1,Mixed
T17844,Tech_T17844,6,Mixed
T17845,Tech_T17845,6,Evening
T17846,Tech_T17846,1,Evening
T17847,Tech_T17847,8,Day
T17848,Tech_T17848,3,Mixed
T17849,Tech_T17849,5,Day
T17850,Tech_T17850,2,Day
T17851,Tech_T17851,4,Evening
T17852,Tech_T17852,1,Evening
T17853,Tech_T17853,5,Mixed
T17854,Tech_T17854,5,Mixed
T17855,Tech_T17855,4,Mixed
T17856,Tech_T17856,10,Day
T17857,Tech_T17857,9,Mixed
T17858,Tech_T17858,2,Mixed
T17859,Tech_T17859,1,Mixed
T17860,Tech_T17860,4,Day
T17861,Tech_T17861,4,Evening
T17862,Tech_T17862,7,Day
T17863,Tech_T17863,10,Mixed
T17864,Tech_T17864,9,Day
T17865,Tech_T17865,3,Mixed
T17866,Tech_T17866,6,Mixed
T17867,Tech_T17867,3,Day
T17868,Tech_T17868,8,Mixed
T17869,Tech_T17869,9,Evening
T17870,Tech_T17870,10,Day
T17871,Tech_T17871,1,Evening
T17872,Tech_T17872,2,Mixed
T17873,Tech_T17873,4,Mixed
T17874,Tech_T17874,5,Evening
T17875,Tech_T17875,1,Day
T17876,Tech_T17876,8,Mixed
T17877,Tech_T17877,2,Evening
T17878,Tech_T17878,9,Mixed
T17879,Tech_T17879,5,Evening
T17880,Tech_T17880,9,Evening
T17881,Tech_T17881,8,Mixed
T17882,Tech_T17882,10,Mixed
T17883,Tech_T17883,1,Mixed
T17884,Tech_T17884,6,Mixed
T17885,Tech_T17885,9,Mixed
T17886,Tech_T17886,6,Evening
T17887,Tech_T17887,3,Evening
T17888,Tech_T17888,8,Evening
T17889,Tech_T17889,6,Day
T17890,Tech_T17890,1,Day
T17891,Tech_T17891,9,Evening
T17892,Tech_T17892,2,Mixed
T17893,Tech_T17893,9,Evening
T17894,Tech_T17894,1,Evening
T17895,Tech_T17895,4,Mixed
T17896,Tech_T17896,3,Mixed
T17897,Tech_T17897,1,Mixed
T17898,Tech_T17898,4,Evening
T17899,Tech_T17899,8,Evening
T17900,Tech_T17900,7,Day
T17901,Tech_T17901,3,Mixed
T17902,Tech_T17902,10,Evening
T17903,Tech_T17903,7,Day
T17904,Tech_T17904,1,Mixed
T17905,Tech_T17905,5,Day
T17906,Tech_T17906,2,Evening
T17907,Tech_T17907,5,Evening
T17908,Tech_T17908,2,Evening
T17909,Tech_T17909,3,Evening
T17910,Tech_T17910,4,Evening
T17911,Tech_T17911,5,Day
T17912,Tech_T17912,6,Day
T17913,Tech_T17913,7,Day
T17914,Tech_T17914,8,Evening
T17915,Tech_T17915,6,Day
T17916,Tech_T17916,3,Evening
T17917,Tech_T17917,7,Day
T17918,Tech_T17918,5,Mixed
T17919,Tech_T17919,3,Evening
T17920,Tech_T17920,6,Day
T17921,Tech_T17921,6,Evening
T17922,Tech_T17922,5,Mixed
T17923,Tech_T17923,6,Evening
T17924,Tech_T17924,10,Evening
T17925,Tech_T17925,6,Mixed
T17926,Tech_T17926,6,Mixed
T17927,Tech_T17927,7,Mixed
T17928,Tech_T17928,8,Mixed
T17929,Tech_T17929,2,Evening
T17930,Tech_T17930,9,Day
T17931,Tech_T17931,9,Evening
T17932,Tech_T17932,8,Mixed
T17933,Tech_T17933,1,Evening
T17934,Tech_T17934,7,Day
T17935,Tech_T17935,1,Evening
T17936,Tech_T17936,9,Evening
T17937,Tech_T17937,5,Mixed
T17938,Tech_T17938,1,Mixed
T17939,Tech_T17939,4,Evening
T17940,Tech_T17940,8,Evening
T17941,Tech_T17941,8,Day
T17942,Tech_T17942,10,Evening
T17943,Tech_T17943,7,Day
T17944,Tech_T17944,1,Mixed
T17945,Tech_T17945,2,Day
T17946,Tech_T17946,3,Mixed
T17947,Tech_T17947,8,Evening
T17948,Tech_T17948,1,Evening
T17949,Tech_T17949,2,Evening
T17950,Tech_T17950,6,Mixed
T17951,Tech_T17951,8,Day
T17952,Tech_T17952,5,Evening
T17953,Tech_T17953,3,Mixed
T17954,Tech_T17954,5,Evening
T17955,Tech_T17955,4,Day
T17956,Tech_T17956,6,Mixed
T17957,Tech_T17957,10,Day
T17958,Tech_T17958,2,Evening
T17959,Tech_T17959,5,Day
T17960,Tech_T17960,5,Day
T17961,Tech_T17961,5,Mixed
T17962,Tech_T17962,3,Day
T17963,Tech_T17963,2,Evening
T17964,Tech_T17964,10,Day
T17965,Tech_T17965,9,Day
T17966,Tech_T17966,2,Day
T17967,Tech_T17967,2,Day
T17968,Tech_T17968,1,Mixed
T17969,Tech_T17969,2,Mixed
T17970,Tech_T17970,4,Day
T17971,Tech_T17971,6,Evening
T17972,Tech_T17972,8,Day
T17973,Tech_T17973,10,Evening
T17974,Tech_T17974,7,Mixed
T17975,Tech_T17975,2,Day
T17976,Tech_T17976,4,Mixed
T17977,Tech_T17977,8,Evening
T17978,Tech_T17978,9,Day
T17979,Tech_T17979,2,Day
T17980,Tech_T17980,9,Day
T17981,Tech_T17981,9,Day
T17982,Tech_T17982,7,Day
T17983,Tech_T17983,1,Evening
T17984,Tech_T17984,7,Evening
T17985,Tech_T17985,7,Evening
T17986,Tech_T17986,9,Mixed
T17987,Tech_T17987,1,Evening
T17988,Tech_T17988,4,Evening
T17989,Tech_T17989,6,Mixed
T17990,Tech_T17990,10,Evening
T17991,Tech_T17991,2,Day
T17992,Tech_T17992,10,Day
T17993,Tech_T17993,8,Day
T17994,Tech_T17994,3,Mixed
T17995,Tech_T17995,2,Evening
T17996,Tech_T17996,9,Evening
T17997,Tech_T17997,1,Mixed
T17998,Tech_T17998,1,Evening
T17999,Tech_T17999,2,Day
T18000,Tech_T18000,4,Mixed
T18001,Tech_T18001,2,Mixed
T18002,Tech_T18002,1,Day
T18003,Tech_T18003,8,Day
T18004,Tech_T18004,7,Mixed
T18005,Tech_T18005,10,Mixed
T18006,Tech_T18006,10,Evening
T18007,Tech_T18007,4,Day
T18008,Tech_T18008,3,Day
T18009,Tech_T18009,8,Day
T18010,Tech_T18010,2,Mixed
T18011,Tech_T18011,8,Day
T18012,Tech_T18012,1,Evening
T18013,Tech_T18013,8,Day
T18014,Tech_T18014,4,Day
T18015,Tech_T18015,8,Mixed
T18016,Tech_T18016,7,Day
T18017,Tech_T18017,1,Evening
T18018,Tech_T18018,6,Mixed
T18019,Tech_T18019,6,Mixed
T18020,Tech_T18020,5,Evening
T18021,Tech_T18021,5,Evening
T18022,Tech_T18022,5,Evening
T18023,Tech_T18023,2,Evening
T18024,Tech_T18024,6,Mixed
T18025,Tech_T18025,2,Mixed
T18026,Tech_T18026,4,Day
T18027,Tech_T18027,9,Day
T18028,Tech_T18028,1,Mixed
T18029,Tech_T18029,6,Mixed
T18030,Tech_T18030,1,Evening
T18031,Tech_T18031,10,Evening
T18032,Tech_T18032,8,Day
T18033,Tech_T18033,5,Evening
T18034,Tech_T18034,4,Mixed
T18035,Tech_T18035,6,Evening
T18036,Tech_T18036,9,Mixed
T18037,Tech_T18037,10,Mixed
T18038,Tech_T18038,9,Mixed
T18039,Tech_T18039,5,Evening
T18040,Tech_T18040,4,Day
T18041,Tech_T18041,5,Evening
T18042,Tech_T18042,7,Day
T18043,Tech_T18043,5,Day
T18044,Tech_T18044,9,Evening
T18045,Tech_T18045,10,Day
T18046,Tech_T18046,9,Evening
T18047,Tech_T18047,7,Mixed
T18048,Tech_T18048,9,Mixed
T18049,Tech_T18049,4,Evening
T18050,Tech_T18050,5,Evening
T18051,Tech_T18051,10,Mixed
T18052,Tech_T18052,10,Mixed
T18053,Tech_T18053,7,Evening
T18054,Tech_T18054,5,Evening
T18055,Tech_T18055,7,Day
T18056,Tech_T18056,8,Mixed
T18057,Tech_T18057,3,Day
T18058,Tech_T18058,9,Day
T18059,Tech_T18059,9,Mixed
T18060,Tech_T18060,4,Day
T18061,Tech_T18061,8,Day
T18062,Tech_T18062,5,Day
T18063,Tech_T18063,1,Day
T18064,Tech_T18064,7,Evening
T18065,Tech_T18065,6,Day
T18066,Tech_T18066,4,Evening
T18067,Tech_T18067,3,Evening
T18068,Tech_T18068,3,Evening
T18069,Tech_T18069,7,Evening
T18070,Tech_T18070,3,Evening
T18071,Tech_T18071,6,Mixed
T18072,Tech_T18072,4,Evening
T18073,Tech_T18073,10,Mixed
T18074,Tech_T18074,2,Day
T18075,Tech_T18075,2,Evening
T18076,Tech_T18076,7,Day
T18077,Tech_T18077,1,Mixed
T18078,Tech_T18078,9,Evening
T18079,Tech_T18079,5,Mixed
T18080,Tech_T18080,6,Evening
T18081,Tech_T18081,2,Evening
T18082,Tech_T18082,10,Mixed
T18083,Tech_T18083,9,Day
T18084,Tech_T18084,2,Day
T18085,Tech_T18085,9,Evening
T18086,Tech_T18086,7,Mixed
T18087,Tech_T18087,5,Mixed
T18088,Tech_T18088,1,Evening
T18089,Tech_T18089,10,Mixed
T18090,Tech_T18090,3,Mixed
T18091,Tech_T18091,10,Day
T18092,Tech_T18092,2,Evening
T18093,Tech_T18093,5,Evening
T18094,Tech_T18094,8,Mixed
T18095,Tech_T18095,10,Evening
T18096,Tech_T18096,6,Day
T18097,Tech_T18097,2,Day
T18098,Tech_T18098,4,Evening
T18099,Tech_T18099,4,Mixed
T18100,Tech_T18100,6,Mixed
T18101,Tech_T18101,1,Day
T18102,Tech_T18102,2,Day
T18103,Tech_T18103,5,Day
T18104,Tech_T18104,2,Day
T18105,Tech_T18105,4,Mixed
T18106,Tech_T18106,9,Evening
T18107,Tech_T18107,8,Mixed
T18108,Tech_T18108,7,Mixed
T18109,Tech_T18109,6,Mixed
T18110,Tech_T18110,6,Evening
T18111,Tech_T18111,10,Evening
T18112,Tech_T18112,5,Mixed
T18113,Tech_T18113,4,Evening
T18114,Tech_T18114,3,Day
T18115,Tech_T18115,6,Evening
T18116,Tech_T18116,10,Mixed
T18117,Tech_T18117,10,Mixed
T18118,Tech_T18118,2,Day
T18119,Tech_T18119,8,Mixed
T18120,Tech_T18120,2,Evening
T18121,Tech_T18121,7,Mixed
T18122,Tech_T18122,8,Evening
T18123,Tech_T18123,8,Day
T18124,Tech_T18124,4,Day
T18125,Tech_T18125,10,Mixed
T18126,Tech_T18126,9,Mixed
T18127,Tech_T18127,8,Day
T18128,Tech_T18128,10,Mixed
T18129,Tech_T18129,8,Day
T18130,Tech_T18130,10,Mixed
T18131,Tech_T18131,6,Mixed
T18132,Tech_T18132,5,Day
T18133,Tech_T18133,5,Day
T18134,Tech_T18134,5,Day
T18135,Tech_T18135,2,Mixed
T18136,Tech_T18136,3,Day
T18137,Tech_T18137,4,Day
T18138,Tech_T18138,10,Mixed
T18139,Tech_T18139,5,Mixed
T18140,Tech_T18140,5,Mixed
T18141,Tech_T18141,10,Day
T18142,Tech_T18142,8,Mixed
T18143,Tech_T18143,8,Evening
T18144,Tech_T18144,7,Mixed
T18145,Tech_T18145,8,Evening
T18146,Tech_T18146,6,Day
T18147,Tech_T18147,7,Mixed
T18148,Tech_T18148,7,Evening
T18149,Tech_T18149,6,Day
T18150,Tech_T18150,7,Mixed
T18151,Tech_T18151,10,Day
T18152,Tech_T18152,1,Evening
T18153,Tech_T18153,9,Day
T18154,Tech_T18154,9,Mixed
T18155,Tech_T18155,6,Day
T18156,Tech_T18156,1,Evening
T18157,Tech_T18157,6,Mixed
T18158,Tech_T18158,6,Evening
T18159,Tech_T18159,7,Evening
T18160,Tech_T18160,1,Mixed
T18161,Tech_T18161,8,Evening
T18162,Tech_T18162,3,Day
T18163,Tech_T18163,6,Day
T18164,Tech_T18164,3,Mixed
T18165,Tech_T18165,7,Evening
T18166,Tech_T18166,4,Evening
T18167,Tech_T18167,1,Mixed
T18168,Tech_T18168,8,Mixed
T18169,Tech_T18169,5,Mixed
T18170,Tech_T18170,8,Evening
T18171,Tech_T18171,2,Day
T18172,Tech_T18172,2,Day
T18173,Tech_T18173,2,Mixed
T18174,Tech_T18174,3,Mixed
T18175,Tech_T18175,9,Evening
T18176,Tech_T18176,9,Evening
T18177,Tech_T18177,9,Evening
T18178,Tech_T18178,3,Day
T18179,Tech_T18179,10,Evening
T18180,Tech_T18180,5,Evening
T18181,Tech_T18181,7,Day
T18182,Tech_T18182,1,Evening
T18183,Tech_T18183,1,Day
T18184,Tech_T18184,1,Mixed
T18185,Tech_T18185,3,Day
T18186,Tech_T18186,9,Evening
T18187,Tech_T18187,8,Evening
T18188,Tech_T18188,2,Evening
T18189,Tech_T18189,5,Day
T18190,Tech_T18190,2,Evening
T18191,Tech_T18191,2,Day
T18192,Tech_T18192,8,Day
T18193,Tech_T18193,8,Mixed
T18194,Tech_T18194,7,Evening
T18195,Tech_T18195,8,Day
T18196,Tech_T18196,8,Mixed
T18197,Tech_T18197,5,Day
T18198,Tech_T18198,7,Evening
T18199,Tech_T18199,9,Day
T18200,Tech_T18200,2,Mixed
T18201,Tech_T18201,9,Evening
T18202,Tech_T18202,7,Day
T18203,Tech_T18203,8,Day
T18204,Tech_T18204,4,Mixed
T18205,Tech_T18205,3,Mixed
T18206,Tech_T18206,7,Mixed
T18207,Tech_T18207,5,Evening
T18208,Tech_T18208,2,Evening
T18209,Tech_T18209,9,Day
T18210,Tech_T18210,4,Mixed
T18211,Tech_T18211,10,Day
T18212,Tech_T18212,1,Evening
T18213,Tech_T18213,6,Mixed
T18214,Tech_T18214,3,Evening
T18215,Tech_T18215,5,Day
T18216,Tech_T18216,7,Day
T18217,Tech_T18217,6,Day
T18218,Tech_T18218,4,Mixed
T18219,Tech_T18219,9,Evening
T18220,Tech_T18220,1,Mixed
T18221,Tech_T18221,7,Mixed
T18222,Tech_T18222,3,Day
T18223,Tech_T18223,5,Evening
T18224,Tech_T18224,9,Evening
T18225,Tech_T18225,8,Evening
T18226,Tech_T18226,10,Mixed
T18227,Tech_T18227,5,Mixed
T18228,Tech_T18228,2,Mixed
T18229,Tech_T18229,4,Evening
T18230,Tech_T18230,6,Day
T18231,Tech_T18231,5,Evening
T18232,Tech_T18232,8,Day
T18233,Tech_T18233,9,Day
T18234,Tech_T18234,2,Evening
T18235,Tech_T18235,5,Day
T18236,Tech_T18236,5,Mixed
T18237,Tech_T18237,10,Mixed
T18238,Tech_T18238,4,Day
T18239,Tech_T18239,2,Mixed
T18240,Tech_T18240,2,Mixed
T18241,Tech_T18241,8,Mixed
T18242,Tech_T18242,7,Evening
T18243,Tech_T18243,2,Day
T18244,Tech_T18244,10,Evening
T18245,Tech_T18245,4,Mixed
T18246,Tech_T18246,6,Day
T18247,Tech_T18247,10,Mixed
T18248,Tech_T18248,8,Evening
T18249,Tech_T18249,2,Evening
T18250,Tech_T18250,9,Evening
T18251,Tech_T18251,10,Day
T18252,Tech_T18252,5,Evening
T18253,Tech_T18253,1,Evening
T18254,Tech_T18254,8,Evening
T18255,Tech_T18255,10,Mixed
T18256,Tech_T18256,2,Mixed
T18257,Tech_T18257,7,Evening
T18258,Tech_T18258,9,Mixed
T18259,Tech_T18259,4,Evening
T18260,Tech_T18260,3,Evening
T18261,Tech_T18261,6,Day
T18262,Tech_T18262,2,Day
T18263,Tech_T18263,1,Day
T18264,Tech_T18264,6,Day
T18265,Tech_T18265,10,Evening
T18266,Tech_T18266,9,Day
T18267,Tech_T18267,2,Evening
T18268,Tech_T18268,2,Day
T18269,Tech_T18269,6,Mixed
T18270,Tech_T18270,4,Mixed
T18271,Tech_T18271,7,Day
T18272,Tech_T18272,10,Evening
T18273,Tech_T18273,1,Mixed
T18274,Tech_T18274,1,Day
T18275,Tech_T18275,5,Evening
T18276,Tech_T18276,3,Day
T18277,Tech_T18277,4,Evening
T18278,Tech_T18278,7,Mixed
T18279,Tech_T18279,5,Mixed
T18280,Tech_T18280,5,Day
T18281,Tech_T18281,10,Evening
T18282,Tech_T18282,4,Mixed
T18283,Tech_T18283,7,Evening
T18284,Tech_T18284,5,Evening
T18285,Tech_T18285,2,Evening
T18286,Tech_T18286,2,Day
T18287,Tech_T18287,3,Evening
T18288,Tech_T18288,2,Mixed
T18289,Tech_T18289,2,Day
T18290,Tech_T18290,6,Evening
T18291,Tech_T18291,3,Evening
T18292,Tech_T18292,9,Evening
T18293,Tech_T18293,8,Day
T18294,Tech_T18294,5,Day
T18295,Tech_T18295,7,Mixed
T18296,Tech_T18296,7,Mixed
T18297,Tech_T18297,4,Evening
T18298,Tech_T18298,2,Mixed
T18299,Tech_T18299,5,Mixed
T18300,Tech_T18300,4,Mixed
T18301,Tech_T18301,6,Evening
T18302,Tech_T18302,3,Day
T18303,Tech_T18303,1,Mixed
T18304,Tech_T18304,6,Day
T18305,Tech_T18305,3,Mixed
T18306,Tech_T18306,7,Evening
T18307,Tech_T18307,6,Evening
T18308,Tech_T18308,6,Evening
T18309,Tech_T18309,5,Day
T18310,Tech_T18310,1,Mixed
T18311,Tech_T18311,5,Mixed
T18312,Tech_T18312,8,Evening
T18313,Tech_T18313,3,Day
T18314,Tech_T18314,1,Evening
T18315,Tech_T18315,5,Evening
T18316,Tech_T18316,5,Day
T18317,Tech_T18317,2,Evening
T18318,Tech_T18318,7,Evening
T18319,Tech_T18319,10,Day
T18320,Tech_T18320,3,Mixed
T18321,Tech_T18321,7,Day
T18322,Tech_T18322,5,Mixed
T18323,Tech_T18323,4,Day
T18324,Tech_T18324,6,Day
T18325,Tech_T18325,3,Mixed
T18326,Tech_T18326,9,Evening
T18327,Tech_T18327,2,Evening
T18328,Tech_T18328,3,Evening
T18329,Tech_T18329,9,Mixed
T18330,Tech_T18330,6,Day
T18331,Tech_T18331,5,Day
T18332,Tech_T18332,5,Day
T18333,Tech_T18333,8,Evening
T18334,Tech_T18334,9,Day
T18335,Tech_T18335,5,Mixed
T18336,Tech_T18336,7,Mixed
T18337,Tech_T18337,7,Day
T18338,Tech_T18338,8,Evening
T18339,Tech_T18339,1,Day
T18340,Tech_T18340,3,Evening
T18341,Tech_T18341,7,Mixed
T18342,Tech_T18342,9,Day
T18343,Tech_T18343,2,Mixed
T18344,Tech_T18344,10,Evening
T18345,Tech_T18345,2,Evening
T18346,Tech_T18346,7,Day
T18347,Tech_T18347,1,Mixed
T18348,Tech_T18348,4,Mixed
T18349,Tech_T18349,8,Mixed
T18350,Tech_T18350,2,Evening
T18351,Tech_T18351,6,Evening
T18352,Tech_T18352,2,Day
T18353,Tech_T18353,4,Day
T18354,Tech_T18354,1,Day
T18355,Tech_T18355,10,Evening
T18356,Tech_T18356,4,Mixed
T18357,Tech_T18357,8,Mixed
T18358,Tech_T18358,4,Evening
T18359,Tech_T18359,9,Mixed
T18360,Tech_T18360,10,Mixed
T18361,Tech_T18361,4,Evening
T18362,Tech_T18362,5,Mixed
T18363,Tech_T18363,2,Day
T18364,Tech_T18364,10,Day
T18365,Tech_T18365,4,Evening
T18366,Tech_T18366,2,Evening
T18367,Tech_T18367,6,Mixed
T18368,Tech_T18368,4,Day
T18369,Tech_T18369,5,Day
T18370,Tech_T18370,2,Mixed
T18371,Tech_T18371,6,Day
T18372,Tech_T18372,9,Day
T18373,Tech_T18373,6,Day
T18374,Tech_T18374,2,Mixed
T18375,Tech_T18375,5,Evening
T18376,Tech_T18376,6,Mixed
T18377,Tech_T18377,4,Evening
T18378,Tech_T18378,3,Mixed
T18379,Tech_T18379,2,Evening
T18380,Tech_T18380,2,Evening
T18381,Tech_T18381,3,Day
T18382,Tech_T18382,8,Mixed
T18383,Tech_T18383,10,Evening
T18384,Tech_T18384,3,Mixed
T18385,Tech_T18385,8,Mixed
T18386,Tech_T18386,9,Day
T18387,Tech_T18387,8,Day
T18388,Tech_T18388,9,Day
T18389,Tech_T18389,3,Evening
T18390,Tech_T18390,8,Evening
T18391,Tech_T18391,8,Evening
T18392,Tech_T18392,10,Mixed
T18393,Tech_T18393,4,Day
T18394,Tech_T18394,8,Mixed
T18395,Tech_T18395,5,Day
T18396,Tech_T18396,10,Day
T18397,Tech_T18397,4,Mixed
T18398,Tech_T18398,8,Mixed
T18399,Tech_T18399,3,Mixed
T18400,Tech_T18400,9,Day
T18401,Tech_T18401,8,Day
T18402,Tech_T18402,5,Mixed
T18403,Tech_T18403,2,Evening
T18404,Tech_T18404,8,Day
T18405,Tech_T18405,10,Day
T18406,Tech_T18406,1,Evening
T18407,Tech_T18407,4,Evening
T18408,Tech_T18408,4,Mixed
T18409,Tech_T18409,2,Mixed
T18410,Tech_T18410,3,Evening
T18411,Tech_T18411,8,Day
T18412,Tech_T18412,1,Evening
T18413,Tech_T18413,7,Mixed
T18414,Tech_T18414,3,Mixed
T18415,Tech_T18415,10,Day
T18416,Tech_T18416,1,Mixed
T18417,Tech_T18417,8,Mixed
T18418,Tech_T18418,8,Evening
T18419,Tech_T18419,7,Day
T18420,Tech_T18420,4,Evening
T18421,Tech_T18421,1,Evening
T18422,Tech_T18422,2,Day
T18423,Tech_T18423,4,Day
T18424,Tech_T18424,7,Evening
T18425,Tech_T18425,3,Evening
T18426,Tech_T18426,8,Day
T18427,Tech_T18427,4,Mixed
T18428,Tech_T18428,7,Day
T18429,Tech_T18429,9,Mixed
T18430,Tech_T18430,3,Evening
T18431,Tech_T18431,6,Mixed
T18432,Tech_T18432,5,Evening
T18433,Tech_T18433,1,Day
T18434,Tech_T18434,6,Mixed
T18435,Tech_T18435,10,Mixed
T18436,Tech_T18436,3,Mixed
T18437,Tech_T18437,2,Day
T18438,Tech_T18438,7,Day
T18439,Tech_T18439,1,Day
T18440,Tech_T18440,9,Day
T18441,Tech_T18441,5,Mixed
T18442,Tech_T18442,8,Evening
T18443,Tech_T18443,8,Day
T18444,Tech_T18444,3,Evening
T18445,Tech_T18445,2,Evening
T18446,Tech_T18446,3,Evening
T18447,Tech_T18447,3,Day
T18448,Tech_T18448,6,Day
T18449,Tech_T18449,10,Evening
T18450,Tech_T18450,6,Mixed
T18451,Tech_T18451,5,Evening
T18452,Tech_T18452,2,Day
T18453,Tech_T18453,9,Evening
T18454,Tech_T18454,4,Evening
T18455,Tech_T18455,9,Evening
T18456,Tech_T18456,10,Evening
T18457,Tech_T18457,2,Evening
T18458,Tech_T18458,1,Evening
T18459,Tech_T18459,4,Day
T18460,Tech_T18460,4,Mixed
T18461,Tech_T18461,2,Day
T18462,Tech_T18462,9,Evening
T18463,Tech_T18463,6,Day
T18464,Tech_T18464,4,Evening
T18465,Tech_T18465,1,Mixed
T18466,Tech_T18466,10,Evening
T18467,Tech_T18467,7,Mixed
T18468,Tech_T18468,3,Evening
T18469,Tech_T18469,10,Mixed
T18470,Tech_T18470,9,Evening
T18471,Tech_T18471,10,Mixed
T18472,Tech_T18472,8,Day
T18473,Tech_T18473,2,Mixed
T18474,Tech_T18474,7,Mixed
T18475,Tech_T18475,10,Mixed
T18476,Tech_T18476,5,Day
T18477,Tech_T18477,6,Mixed
T18478,Tech_T18478,4,Mixed
T18479,Tech_T18479,4,Mixed
T18480,Tech_T18480,8,Mixed
T18481,Tech_T18481,8,Day
T18482,Tech_T18482,6,Mixed
T18483,Tech_T18483,8,Mixed
T18484,Tech_T18484,8,Day
T18485,Tech_T18485,1,Evening
T18486,Tech_T18486,1,Day
T18487,Tech_T18487,10,Evening
T18488,Tech_T18488,2,Day
T18489,Tech_T18489,10,Evening
T18490,Tech_T18490,4,Evening
T18491,Tech_T18491,5,Evening
T18492,Tech_T18492,6,Day
T18493,Tech_T18493,5,Mixed
T18494,Tech_T18494,6,Mixed
T18495,Tech_T18495,1,Mixed
T18496,Tech_T18496,4,Day
T18497,Tech_T18497,7,Mixed
T18498,Tech_T18498,6,Mixed
T18499,Tech_T18499,1,Evening
T18500,Tech_T18500,10,Mixed
T18501,Tech_T18501,6,Day
T18502,Tech_T18502,5,Evening
T18503,Tech_T18503,10,Mixed
T18504,Tech_T18504,10,Day
T18505,Tech_T18505,8,Day
T18506,Tech_T18506,4,Mixed
T18507,Tech_T18507,7,Mixed
T18508,Tech_T18508,5,Mixed
T18509,Tech_T18509,7,Day
T18510,Tech_T18510,3,Day
T18511,Tech_T18511,8,Day
T18512,Tech_T18512,7,Day
T18513,Tech_T18513,6,Evening
T18514,Tech_T18514,10,Evening
T18515,Tech_T18515,9,Day
T18516,Tech_T18516,1,Mixed
T18517,Tech_T18517,3,Day
T18518,Tech_T18518,7,Evening
T18519,Tech_T18519,4,Day
T18520,Tech_T18520,10,Mixed
T18521,Tech_T18521,6,Day
T18522,Tech_T18522,5,Mixed
T18523,Tech_T18523,6,Evening
T18524,Tech_T18524,8,Evening
T18525,Tech_T18525,2,Day
T18526,Tech_T18526,10,Mixed
T18527,Tech_T18527,8,Day
T18528,Tech_T18528,10,Mixed
T18529,Tech_T18529,3,Mixed
T18530,Tech_T18530,2,Day
T18531,Tech_T18531,1,Day
T18532,Tech_T18532,9,Evening
T18533,Tech_T18533,9,Day
T18534,Tech_T18534,5,Mixed
T18535,Tech_T18535,7,Day
T18536,Tech_T18536,7,Day
T18537,Tech_T18537,3,Day
T18538,Tech_T18538,6,Day
T18539,Tech_T18539,5,Mixed
T18540,Tech_T18540,4,Mixed
T18541,Tech_T18541,5,Day
T18542,Tech_T18542,1,Day
T18543,Tech_T18543,6,Evening
T18544,Tech_T18544,6,Evening
T18545,Tech_T18545,4,Evening
T18546,Tech_T18546,7,Evening
T18547,Tech_T18547,4,Day
T18548,Tech_T18548,6,Day
T18549,Tech_T18549,5,Day
T18550,Tech_T18550,7,Evening
T18551,Tech_T18551,2,Day
T18552,Tech_T18552,5,Mixed
T18553,Tech_T18553,8,Mixed
T18554,Tech_T18554,1,Mixed
T18555,Tech_T18555,10,Day
T18556,Tech_T18556,9,Day
T18557,Tech_T18557,8,Day
T18558,Tech_T18558,10,Evening
T18559,Tech_T18559,3,Evening
T18560,Tech_T18560,10,Day
T18561,Tech_T18561,5,Mixed
T18562,Tech_T18562,5,Mixed
T18563,Tech_T18563,3,Evening
T18564,Tech_T18564,6,Mixed
T18565,Tech_T18565,3,Day
T18566,Tech_T18566,6,Evening
T18567,Tech_T18567,4,Evening
T18568,Tech_T18568,5,Evening
T18569,Tech_T18569,2,Evening
T18570,Tech_T18570,7,Mixed
T18571,Tech_T18571,8,Mixed
T18572,Tech_T18572,3,Evening
T18573,Tech_T18573,5,Mixed
T18574,Tech_T18574,9,Day
T18575,Tech_T18575,8,Mixed
T18576,Tech_T18576,5,Day
T18577,Tech_T18577,2,Evening
T18578,Tech_T18578,5,Evening
T18579,Tech_T18579,6,Evening
T18580,Tech_T18580,2,Day
T18581,Tech_T18581,10,Evening
T18582,Tech_T18582,7,Mixed
T18583,Tech_T18583,5,Day
T18584,Tech_T18584,3,Evening
T18585,Tech_T18585,6,Mixed
T18586,Tech_T18586,8,Mixed
T18587,Tech_T18587,1,Mixed
T18588,Tech_T18588,6,Evening
T18589,Tech_T18589,8,Day
T18590,Tech_T18590,10,Mixed
T18591,Tech_T18591,1,Day
T18592,Tech_T18592,5,Evening
T18593,Tech_T18593,7,Mixed
T18594,Tech_T18594,8,Mixed
T18595,Tech_T18595,4,Evening
T18596,Tech_T18596,7,Day
T18597,Tech_T18597,7,Evening
T18598,Tech_T18598,1,Day
T18599,Tech_T18599,4,Day
T18600,Tech_T18600,9,Evening
T18601,Tech_T18601,7,Mixed
T18602,Tech_T18602,3,Evening
T18603,Tech_T18603,1,Day
T18604,Tech_T18604,6,Mixed
T18605,Tech_T18605,9,Day
T18606,Tech_T18606,8,Mixed
T18607,Tech_T18607,4,Evening
T18608,Tech_T18608,1,Day
T18609,Tech_T18609,8,Day
T18610,Tech_T18610,8,Mixed
T18611,Tech_T18611,5,Day
T18612,Tech_T18612,4,Day
T18613,Tech_T18613,3,Evening
T18614,Tech_T18614,8,Day
T18615,Tech_T18615,8,Mixed
T18616,Tech_T18616,2,Mixed
T18617,Tech_T18617,8,Evening
T18618,Tech_T18618,3,Day
T18619,Tech_T18619,4,Mixed
T18620,Tech_T18620,6,Mixed
T18621,Tech_T18621,9,Evening
T18622,Tech_T18622,7,Mixed
T18623,Tech_T18623,2,Mixed
T18624,Tech_T18624,7,Mixed
T18625,Tech_T18625,10,Day
T18626,Tech_T18626,5,Evening
T18627,Tech_T18627,10,Mixed
T18628,Tech_T18628,2,Day
T18629,Tech_T18629,8,Evening
T18630,Tech_T18630,1,Evening
T18631,Tech_T18631,5,Evening
T18632,Tech_T18632,2,Day
T18633,Tech_T18633,9,Day
T18634,Tech_T18634,5,Day
T18635,Tech_T18635,9,Day
T18636,Tech_T18636,3,Mixed
T18637,Tech_T18637,6,Mixed
T18638,Tech_T18638,10,Mixed
T18639,Tech_T18639,3,Day
T18640,Tech_T18640,10,Day
T18641,Tech_T18641,9,Day
T18642,Tech_T18642,1,Day
T18643,Tech_T18643,4,Mixed
T18644,Tech_T18644,3,Mixed
T18645,Tech_T18645,3,Evening
T18646,Tech_T18646,5,Day
T18647,Tech_T18647,8,Evening
T18648,Tech_T18648,6,Day
T18649,Tech_T18649,1,Mixed
T18650,Tech_T18650,10,Day
T18651,Tech_T18651,5,Mixed
T18652,Tech_T18652,8,Day
T18653,Tech_T18653,8,Day
T18654,Tech_T18654,4,Mixed
T18655,Tech_T18655,5,Mixed
T18656,Tech_T18656,3,Day
T18657,Tech_T18657,6,Day
T18658,Tech_T18658,6,Day
T18659,Tech_T18659,6,Mixed
T18660,Tech_T18660,5,Day
T18661,Tech_T18661,3,Mixed
T18662,Tech_T18662,1,Evening
T18663,Tech_T18663,10,Evening
T18664,Tech_T18664,6,Mixed
T18665,Tech_T18665,7,Day
T18666,Tech_T18666,1,Mixed
T18667,Tech_T18667,2,Day
T18668,Tech_T18668,8,Day
T18669,Tech_T18669,4,Mixed
T18670,Tech_T18670,5,Day
T18671,Tech_T18671,7,Day
T18672,Tech_T18672,7,Evening
T18673,Tech_T18673,6,Day
T18674,Tech_T18674,10,Day
T18675,Tech_T18675,2,Mixed
T18676,Tech_T18676,9,Mixed
T18677,Tech_T18677,9,Day
T18678,Tech_T18678,5,Mixed
T18679,Tech_T18679,3,Mixed
T18680,Tech_T18680,4,Day
T18681,Tech_T18681,1,Evening
T18682,Tech_T18682,6,Mixed
T18683,Tech_T18683,8,Mixed
T18684,Tech_T18684,9,Day
T18685,Tech_T18685,5,Day
T18686,Tech_T18686,1,Evening
T18687,Tech_T18687,4,Mixed
T18688,Tech_T18688,5,Mixed
T18689,Tech_T18689,5,Mixed
T18690,Tech_T18690,2,Day
T18691,Tech_T18691,1,Evening
T18692,Tech_T18692,1,Evening
T18693,Tech_T18693,2,Day
T18694,Tech_T18694,1,Evening
T18695,Tech_T18695,2,Mixed
T18696,Tech_T18696,5,Day
T18697,Tech_T18697,10,Mixed
T18698,Tech_T18698,4,Mixed
T18699,Tech_T18699,2,Evening
T18700,Tech_T18700,7,Evening
T18701,Tech_T18701,4,Day
T18702,Tech_T18702,2,Day
T18703,Tech_T18703,9,Evening
T18704,Tech_T18704,4,Mixed
T18705,Tech_T18705,10,Evening
T18706,Tech_T18706,8,Evening
T18707,Tech_T18707,1,Mixed
T18708,Tech_T18708,6,Evening
T18709,Tech_T18709,7,Mixed
T18710,Tech_T18710,4,Mixed
T18711,Tech_T18711,7,Mixed
T18712,Tech_T18712,3,Mixed
T18713,Tech_T18713,1,Evening
T18714,Tech_T18714,9,Day
T18715,Tech_T18715,6,Mixed
T18716,Tech_T18716,9,Mixed
T18717,Tech_T18717,4,Day
T18718,Tech_T18718,8,Mixed
T18719,Tech_T18719,7,Mixed
T18720,Tech_T18720,6,Day
T18721,Tech_T18721,3,Mixed
T18722,Tech_T18722,5,Mixed
T18723,Tech_T18723,2,Day
T18724,Tech_T18724,8,Mixed
T18725,Tech_T18725,10,Mixed
T18726,Tech_T18726,2,Day
T18727,Tech_T18727,6,Mixed
T18728,Tech_T18728,2,Mixed
T18729,Tech_T18729,8,Evening
T18730,Tech_T18730,4,Day
T18731,Tech_T18731,7,Evening
T18732,Tech_T18732,10,Evening
T18733,Tech_T18733,4,Mixed
T18734,Tech_T18734,5,Day
T18735,Tech_T18735,3,Day
T18736,Tech_T18736,3,Mixed
T18737,Tech_T18737,1,Mixed
T18738,Tech_T18738,1,Mixed
T18739,Tech_T18739,2,Mixed
T18740,Tech_T18740,9,Mixed
T18741,Tech_T18741,5,Mixed
T18742,Tech_T18742,10,Day
T18743,Tech_T18743,5,Day
T18744,Tech_T18744,4,Mixed
T18745,Tech_T18745,3,Day
T18746,Tech_T18746,4,Evening
T18747,Tech_T18747,3,Mixed
T18748,Tech_T18748,2,Evening
T18749,Tech_T18749,4,Mixed
T18750,Tech_T18750,7,Evening
T18751,Tech_T18751,7,Evening
T18752,Tech_T18752,6,Evening
T18753,Tech_T18753,7,Evening
T18754,Tech_T18754,10,Mixed
T18755,Tech_T18755,3,Evening
T18756,Tech_T18756,7,Mixed
T18757,Tech_T18757,5,Mixed
T18758,Tech_T18758,10,Evening
T18759,Tech_T18759,9,Evening
T18760,Tech_T18760,5,Mixed
T18761,Tech_T18761,1,Evening
T18762,Tech_T18762,4,Evening
T18763,Tech_T18763,4,Evening
T18764,Tech_T18764,9,Mixed
T18765,Tech_T18765,8,Day
T18766,Tech_T18766,10,Day
T18767,Tech_T18767,1,Mixed
T18768,Tech_T18768,10,Mixed
T18769,Tech_T18769,9,Day
T18770,Tech_T18770,9,Evening
T18771,Tech_T18771,10,Evening
T18772,Tech_T18772,10,Day
T18773,Tech_T18773,8,Mixed
T18774,Tech_T18774,5,Evening
T18775,Tech_T18775,3,Evening
T18776,Tech_T18776,2,Day
T18777,Tech_T18777,8,Evening
T18778,Tech_T18778,6,Evening
T18779,Tech_T18779,1,Day
T18780,Tech_T18780,10,Evening
T18781,Tech_T18781,1,Evening
T18782,Tech_T18782,5,Mixed
T18783,Tech_T18783,10,Mixed
T18784,Tech_T18784,2,Mixed
T18785,Tech_T18785,6,Day
T18786,Tech_T18786,10,Mixed
T18787,Tech_T18787,4,Day
T18788,Tech_T18788,8,Evening
T18789,Tech_T18789,6,Evening
T18790,Tech_T18790,9,Day
T18791,Tech_T18791,7,Mixed
T18792,Tech_T18792,5,Mixed
T18793,Tech_T18793,5,Mixed
T18794,Tech_T18794,7,Day
T18795,Tech_T18795,5,Day
T18796,Tech_T18796,10,Day
T18797,Tech_T18797,1,Day
T18798,Tech_T18798,2,Evening
T18799,Tech_T18799,4,Day
T18800,Tech_T18800,7,Evening
T18801,Tech_T18801,10,Evening
T18802,Tech_T18802,2,Day
T18803,Tech_T18803,4,Mixed
T18804,Tech_T18804,3,Mixed
T18805,Tech_T18805,9,Mixed
T18806,Tech_T18806,3,Mixed
T18807,Tech_T18807,6,Evening
T18808,Tech_T18808,1,Evening
T18809,Tech_T18809,5,Mixed
T18810,Tech_T18810,9,Mixed
T18811,Tech_T18811,8,Evening
T18812,Tech_T18812,1,Evening
T18813,Tech_T18813,5,Day
T18814,Tech_T18814,2,Mixed
T18815,Tech_T18815,2,Day
T18816,Tech_T18816,8,Evening
T18817,Tech_T18817,10,Day
T18818,Tech_T18818,3,Evening
T18819,Tech_T18819,4,Day
T18820,Tech_T18820,5,Evening
T18821,Tech_T18821,1,Evening
T18822,Tech_T18822,3,Mixed
T18823,Tech_T18823,7,Day
T18824,Tech_T18824,4,Mixed
T18825,Tech_T18825,9,Day
T18826,Tech_T18826,4,Mixed
T18827,Tech_T18827,2,Day
T18828,Tech_T18828,6,Evening
T18829,Tech_T18829,10,Evening
T18830,Tech_T18830,9,Mixed
T18831,Tech_T18831,8,Mixed
T18832,Tech_T18832,3,Mixed
T18833,Tech_T18833,2,Mixed
T18834,Tech_T18834,2,Day
T18835,Tech_T18835,3,Evening
T18836,Tech_T18836,2,Mixed
T18837,Tech_T18837,4,Day
T18838,Tech_T18838,4,Evening
T18839,Tech_T18839,3,Evening
T18840,Tech_T18840,4,Day
T18841,Tech_T18841,3,Day
T18842,Tech_T18842,2,Evening
T18843,Tech_T18843,3,Mixed
T18844,Tech_T18844,6,Mixed
T18845,Tech_T18845,3,Mixed
T18846,Tech_T18846,2,Day
T18847,Tech_T18847,7,Evening
T18848,Tech_T18848,5,Day
T18849,Tech_T18849,7,Mixed
T18850,Tech_T18850,5,Evening
T18851,Tech_T18851,9,Day
T18852,Tech_T18852,5,Evening
T18853,Tech_T18853,6,Evening
T18854,Tech_T18854,6,Mixed
T18855,Tech_T18855,6,Evening
T18856,Tech_T18856,4,Evening
T18857,Tech_T18857,7,Mixed
T18858,Tech_T18858,10,Mixed
T18859,Tech_T18859,7,Mixed
T18860,Tech_T18860,8,Mixed
T18861,Tech_T18861,4,Evening
T18862,Tech_T18862,1,Evening
T18863,Tech_T18863,7,Mixed
T18864,Tech_T18864,8,Mixed
T18865,Tech_T18865,6,Day
T18866,Tech_T18866,1,Day
T18867,Tech_T18867,7,Mixed
T18868,Tech_T18868,2,Mixed
T18869,Tech_T18869,2,Evening
T18870,Tech_T18870,6,Mixed
T18871,Tech_T18871,6,Day
T18872,Tech_T18872,10,Day
T18873,Tech_T18873,8,Evening
T18874,Tech_T18874,5,Evening
T18875,Tech_T18875,8,Mixed
T18876,Tech_T18876,7,Evening
T18877,Tech_T18877,3,Evening
T18878,Tech_T18878,8,Day
T18879,Tech_T18879,8,Evening
T18880,Tech_T18880,7,Evening
T18881,Tech_T18881,9,Mixed
T18882,Tech_T18882,3,Day
T18883,Tech_T18883,7,Evening
T18884,Tech_T18884,10,Evening
T18885,Tech_T18885,2,Day
T18886,Tech_T18886,4,Mixed
T18887,Tech_T18887,9,Day
T18888,Tech_T18888,6,Day
T18889,Tech_T18889,2,Evening
T18890,Tech_T18890,8,Day
T18891,Tech_T18891,6,Day
T18892,Tech_T18892,4,Evening
T18893,Tech_T18893,3,Day
T18894,Tech_T18894,3,Day
T18895,Tech_T18895,7,Evening
T18896,Tech_T18896,7,Day
T18897,Tech_T18897,1,Mixed
T18898,Tech_T18898,5,Mixed
T18899,Tech_T18899,7,Mixed
T18900,Tech_T18900,4,Day
T18901,Tech_T18901,5,Mixed
T18902,Tech_T18902,2,Day
T18903,Tech_T18903,7,Day
T18904,Tech_T18904,2,Mixed
T18905,Tech_T18905,7,Mixed
T18906,Tech_T18906,1,Mixed
T18907,Tech_T18907,5,Evening
T18908,Tech_T18908,7,Mixed
T18909,Tech_T18909,7,Day
T18910,Tech_T18910,7,Evening
T18911,Tech_T18911,4,Day
T18912,Tech_T18912,3,Day
T18913,Tech_T18913,6,Evening
T18914,Tech_T18914,2,Evening
T18915,Tech_T18915,4,Evening
T18916,Tech_T18916,10,Evening
T18917,Tech_T18917,7,Day
T18918,Tech_T18918,1,Mixed
T18919,Tech_T18919,2,Day
T18920,Tech_T18920,10,Day
T18921,Tech_T18921,9,Evening
T18922,Tech_T18922,5,Day
T18923,Tech_T18923,2,Day
T18924,Tech_T18924,1,Mixed
T18925,Tech_T18925,3,Evening
T18926,Tech_T18926,5,Evening
T18927,Tech_T18927,9,Evening
T18928,Tech_T18928,5,Mixed
T18929,Tech_T18929,9,Mixed
T18930,Tech_T18930,9,Day
T18931,Tech_T18931,8,Evening
T18932,Tech_T18932,7,Day
T18933,Tech_T18933,6,Mixed
T18934,Tech_T18934,7,Day
T18935,Tech_T18935,10,Mixed
T18936,Tech_T18936,6,Mixed
T18937,Tech_T18937,6,Day
T18938,Tech_T18938,7,Mixed
T18939,Tech_T18939,9,Mixed
T18940,Tech_T18940,1,Day
T18941,Tech_T18941,4,Mixed
T18942,Tech_T18942,8,Evening
T18943,Tech_T18943,4,Mixed
T18944,Tech_T18944,9,Evening
T18945,Tech_T18945,8,Evening
T18946,Tech_T18946,9,Evening
T18947,Tech_T18947,6,Day
T18948,Tech_T18948,8,Day
T18949,Tech_T18949,5,Evening
T18950,Tech_T18950,3,Day
T18951,Tech_T18951,8,Evening
T18952,Tech_T18952,1,Mixed
T18953,Tech_T18953,3,Day
T18954,Tech_T18954,8,Day
T18955,Tech_T18955,8,Mixed
T18956,Tech_T18956,4,Evening
T18957,Tech_T18957,2,Mixed
T18958,Tech_T18958,2,Evening
T18959,Tech_T18959,5,Day
T18960,Tech_T18960,8,Evening
T18961,Tech_T18961,3,Evening
T18962,Tech_T18962,8,Evening
T18963,Tech_T18963,3,Day
T18964,Tech_T18964,8,Evening
T18965,Tech_T18965,6,Mixed
T18966,Tech_T18966,6,Day
T18967,Tech_T18967,2,Mixed
T18968,Tech_T18968,4,Day
T18969,Tech_T18969,2,Day
T18970,Tech_T18970,2,Evening
T18971,Tech_T18971,8,Day
T18972,Tech_T18972,8,Day
T18973,Tech_T18973,9,Day
T18974,Tech_T18974,3,Mixed
T18975,Tech_T18975,1,Day
T18976,Tech_T18976,1,Mixed
T18977,Tech_T18977,6,Day
T18978,Tech_T18978,8,Evening
T18979,Tech_T18979,1,Mixed
T18980,Tech_T18980,3,Day
T18981,Tech_T18981,8,Day
T18982,Tech_T18982,1,Evening
T18983,Tech_T18983,2,Day
T18984,Tech_T18984,9,Day
T18985,Tech_T18985,5,Day
T18986,Tech_T18986,10,Evening
T18987,Tech_T18987,10,Evening
T18988,Tech_T18988,4,Day
T18989,Tech_T18989,2,Mixed
T18990,Tech_T18990,5,Mixed
T18991,Tech_T18991,6,Mixed
T18992,Tech_T18992,5,Mixed
T18993,Tech_T18993,10,Mixed
T18994,Tech_T18994,3,Evening
T18995,Tech_T18995,1,Day
T18996,Tech_T18996,6,Mixed
T18997,Tech_T18997,5,Day
T18998,Tech_T18998,10,Evening
T18999,Tech_T18999,7,Evening
T19000,Tech_T19000,7,Day
T19001,Tech_T19001,2,Day
T19002,Tech_T19002,10,Day
T19003,Tech_T19003,3,Day
T19004,Tech_T19004,5,Day
T19005,Tech_T19005,9,Day
T19006,Tech_T19006,7,Evening
T19007,Tech_T19007,5,Evening
T19008,Tech_T19008,2,Mixed
T19009,Tech_T19009,1,Mixed
T19010,Tech_T19010,3,Day
T19011,Tech_T19011,2,Evening
T19012,Tech_T19012,6,Mixed
T19013,Tech_T19013,5,Evening
T19014,Tech_T19014,2,Day
T19015,Tech_T19015,2,Day
T19016,Tech_T19016,9,Day
T19017,Tech_T19017,9,Mixed
T19018,Tech_T19018,9,Evening
T19019,Tech_T19019,8,Day
T19020,Tech_T19020,6,Mixed
T19021,Tech_T19021,1,Evening
T19022,Tech_T19022,7,Mixed
T19023,Tech_T19023,1,Mixed
T19024,Tech_T19024,10,Evening
T19025,Tech_T19025,4,Mixed
T19026,Tech_T19026,7,Day
T19027,Tech_T19027,9,Mixed
T19028,Tech_T19028,6,Evening
T19029,Tech_T19029,8,Evening
T19030,Tech_T19030,5,Evening
T19031,Tech_T19031,8,Evening
T19032,Tech_T19032,3,Mixed
T19033,Tech_T19033,6,Day
T19034,Tech_T19034,10,Evening
T19035,Tech_T19035,2,Evening
T19036,Tech_T19036,9,Day
T19037,Tech_T19037,5,Evening
T19038,Tech_T19038,4,Mixed
T19039,Tech_T19039,3,Day
T19040,Tech_T19040,1,Mixed
T19041,Tech_T19041,1,Day
T19042,Tech_T19042,7,Day
T19043,Tech_T19043,2,Evening
T19044,Tech_T19044,3,Evening
T19045,Tech_T19045,1,Mixed
T19046,Tech_T19046,2,Day
T19047,Tech_T19047,3,Mixed
T19048,Tech_T19048,6,Mixed
T19049,Tech_T19049,10,Mixed
T19050,Tech_T19050,1,Mixed
T19051,Tech_T19051,5,Day
T19052,Tech_T19052,2,Evening
T19053,Tech_T19053,5,Day
T19054,Tech_T19054,10,Evening
T19055,Tech_T19055,2,Day
T19056,Tech_T19056,10,Day
T19057,Tech_T19057,4,Evening
T19058,Tech_T19058,2,Day
T19059,Tech_T19059,2,Day
T19060,Tech_T19060,2,Day
T19061,Tech_T19061,7,Mixed
T19062,Tech_T19062,9,Evening
T19063,Tech_T19063,5,Mixed
T19064,Tech_T19064,5,Mixed
T19065,Tech_T19065,1,Day
T19066,Tech_T19066,7,Mixed
T19067,Tech_T19067,10,Day
T19068,Tech_T19068,8,Mixed
T19069,Tech_T19069,2,Mixed
T19070,Tech_T19070,10,Day
T19071,Tech_T19071,3,Mixed
T19072,Tech_T19072,2,Day
T19073,Tech_T19073,9,Evening
T19074,Tech_T19074,2,Mixed
T19075,Tech_T19075,10,Day
T19076,Tech_T19076,4,Mixed
T19077,Tech_T19077,3,Evening
T19078,Tech_T19078,9,Day
T19079,Tech_T19079,1,Day
T19080,Tech_T19080,2,Evening
T19081,Tech_T19081,8,Evening
T19082,Tech_T19082,2,Day
T19083,Tech_T19083,6,Day
T19084,Tech_T19084,4,Mixed
T19085,Tech_T19085,9,Day
T19086,Tech_T19086,7,Day
T19087,Tech_T19087,1,Mixed
T19088,Tech_T19088,5,Day
T19089,Tech_T19089,5,Mixed
T19090,Tech_T19090,1,Evening
T19091,Tech_T19091,4,Mixed
T19092,Tech_T19092,5,Day
T19093,Tech_T19093,5,Day
T19094,Tech_T19094,2,Evening
T19095,Tech_T19095,8,Mixed
T19096,Tech_T19096,4,Day
T19097,Tech_T19097,8,Mixed
T19098,Tech_T19098,3,Mixed
T19099,Tech_T19099,5,Evening
T19100,Tech_T19100,10,Evening
T19101,Tech_T19101,8,Day
T19102,Tech_T19102,5,Evening
T19103,Tech_T19103,7,Day
T19104,Tech_T19104,7,Mixed
T19105,Tech_T19105,7,Mixed
T19106,Tech_T19106,9,Mixed
T19107,Tech_T19107,6,Day
T19108,Tech_T19108,7,Evening
T19109,Tech_T19109,10,Day
T19110,Tech_T19110,3,Evening
T19111,Tech_T19111,7,Mixed
T19112,Tech_T19112,10,Evening
T19113,Tech_T19113,3,Day
T19114,Tech_T19114,4,Evening
T19115,Tech_T19115,4,Mixed
T19116,Tech_T19116,6,Day
T19117,Tech_T19117,9,Evening
T19118,Tech_T19118,4,Evening
T19119,Tech_T19119,6,Evening
T19120,Tech_T19120,4,Mixed
T19121,Tech_T19121,7,Day
T19122,Tech_T19122,3,Day
T19123,Tech_T19123,6,Day
T19124,Tech_T19124,3,Evening
T19125,Tech_T19125,1,Day
T19126,Tech_T19126,3,Day
T19127,Tech_T19127,9,Mixed
T19128,Tech_T19128,3,Evening
T19129,Tech_T19129,2,Evening
T19130,Tech_T19130,6,Day
T19131,Tech_T19131,5,Evening
T19132,Tech_T19132,2,Day
T19133,Tech_T19133,5,Mixed
T19134,Tech_T19134,10,Mixed
T19135,Tech_T19135,2,Day
T19136,Tech_T19136,9,Day
T19137,Tech_T19137,7,Day
T19138,Tech_T19138,10,Day
T19139,Tech_T19139,3,Evening
T19140,Tech_T19140,3,Evening
T19141,Tech_T19141,2,Evening
T19142,Tech_T19142,4,Evening
T19143,Tech_T19143,2,Day
T19144,Tech_T19144,10,Mixed
T19145,Tech_T19145,3,Evening
T19146,Tech_T19146,3,Evening
T19147,Tech_T19147,4,Mixed
T19148,Tech_T19148,6,Mixed
T19149,Tech_T19149,7,Mixed
T19150,Tech_T19150,9,Day
T19151,Tech_T19151,2,Evening
T19152,Tech_T19152,7,Day
T19153,Tech_T19153,3,Mixed
T19154,Tech_T19154,9,Evening
T19155,Tech_T19155,7,Evening
T19156,Tech_T19156,10,Day
T19157,Tech_T19157,6,Evening
T19158,Tech_T19158,9,Mixed
T19159,Tech_T19159,2,Mixed
T19160,Tech_T19160,9,Mixed
T19161,Tech_T19161,6,Day
T19162,Tech_T19162,3,Day
T19163,Tech_T19163,5,Mixed
T19164,Tech_T19164,7,Day
T19165,Tech_T19165,5,Evening
T19166,Tech_T19166,9,Mixed
T19167,Tech_T19167,1,Mixed
T19168,Tech_T19168,4,Day
T19169,Tech_T19169,7,Mixed
T19170,Tech_T19170,5,Mixed
T19171,Tech_T19171,8,Mixed
T19172,Tech_T19172,10,Day
T19173,Tech_T19173,4,Evening
T19174,Tech_T19174,1,Day
T19175,Tech_T19175,1,Mixed
T19176,Tech_T19176,7,Mixed
T19177,Tech_T19177,9,Evening
T19178,Tech_T19178,9,Day
T19179,Tech_T19179,8,Day
T19180,Tech_T19180,8,Day
T19181,Tech_T19181,4,Day
T19182,Tech_T19182,4,Day
T19183,Tech_T19183,10,Evening
T19184,Tech_T19184,7,Mixed
T19185,Tech_T19185,3,Day
T19186,Tech_T19186,1,Mixed
T19187,Tech_T19187,10,Evening
T19188,Tech_T19188,3,Day
T19189,Tech_T19189,4,Mixed
T19190,Tech_T19190,2,Mixed
T19191,Tech_T19191,3,Mixed
T19192,Tech_T19192,9,Day
T19193,Tech_T19193,5,Mixed
T19194,Tech_T19194,7,Evening
T19195,Tech_T19195,10,Mixed
T19196,Tech_T19196,5,Day
T19197,Tech_T19197,1,Evening
T19198,Tech_T19198,6,Mixed
T19199,Tech_T19199,6,Mixed
T19200,Tech_T19200,10,Day
T19201,Tech_T19201,5,Mixed
T19202,Tech_T19202,4,Day
T19203,Tech_T19203,4,Day
T19204,Tech_T19204,10,Evening
T19205,Tech_T19205,8,Evening
T19206,Tech_T19206,10,Evening
T19207,Tech_T19207,3,Mixed
T19208,Tech_T19208,3,Evening
T19209,Tech_T19209,1,Day
T19210,Tech_T19210,2,Day
T19211,Tech_T19211,4,Evening
T19212,Tech_T19212,10,Mixed
T19213,Tech_T19213,5,Evening
T19214,Tech_T19214,2,Mixed
T19215,Tech_T19215,7,Day
T19216,Tech_T19216,3,Mixed
T19217,Tech_T19217,5,Evening
T19218,Tech_T19218,7,Evening
T19219,Tech_T19219,6,Mixed
T19220,Tech_T19220,7,Evening
T19221,Tech_T19221,9,Mixed
T19222,Tech_T19222,10,Mixed
T19223,Tech_T19223,3,Mixed
T19224,Tech_T19224,5,Day
T19225,Tech_T19225,3,Evening
T19226,Tech_T19226,6,Day
T19227,Tech_T19227,10,Mixed
T19228,Tech_T19228,7,Day
T19229,Tech_T19229,7,Mixed
T19230,Tech_T19230,3,Mixed
T19231,Tech_T19231,8,Day
T19232,Tech_T19232,3,Mixed
T19233,Tech_T19233,9,Evening
T19234,Tech_T19234,2,Mixed
T19235,Tech_T19235,3,Day
T19236,Tech_T19236,7,Mixed
T19237,Tech_T19237,4,Evening
T19238,Tech_T19238,4,Evening
T19239,Tech_T19239,3,Evening
T19240,Tech_T19240,7,Day
T19241,Tech_T19241,6,Day
T19242,Tech_T19242,8,Mixed
T19243,Tech_T19243,4,Evening
T19244,Tech_T19244,4,Mixed
T19245,Tech_T19245,8,Mixed
T19246,Tech_T19246,4,Day
T19247,Tech_T19247,10,Mixed
T19248,Tech_T19248,7,Day
T19249,Tech_T19249,7,Day
T19250,Tech_T19250,8,Day
T19251,Tech_T19251,6,Day
T19252,Tech_T19252,9,Evening
T19253,Tech_T19253,7,Mixed
T19254,Tech_T19254,9,Day
T19255,Tech_T19255,6,Mixed
T19256,Tech_T19256,9,Day
T19257,Tech_T19257,2,Mixed
T19258,Tech_T19258,2,Evening
T19259,Tech_T19259,8,Day
T19260,Tech_T19260,3,Evening
T19261,Tech_T19261,9,Mixed
T19262,Tech_T19262,2,Mixed
T19263,Tech_T19263,6,Day
T19264,Tech_T19264,4,Evening
T19265,Tech_T19265,7,Evening
T19266,Tech_T19266,3,Day
T19267,Tech_T19267,5,Evening
T19268,Tech_T19268,10,Evening
T19269,Tech_T19269,4,Day
T19270,Tech_T19270,5,Day
T19271,Tech_T19271,8,Day
T19272,Tech_T19272,8,Mixed
T19273,Tech_T19273,9,Mixed
T19274,Tech_T19274,6,Evening
T19275,Tech_T19275,2,Day
T19276,Tech_T19276,5,Evening
T19277,Tech_T19277,10,Evening
T19278,Tech_T19278,10,Day
T19279,Tech_T19279,8,Mixed
T19280,Tech_T19280,9,Mixed
T19281,Tech_T19281,3,Day
T19282,Tech_T19282,1,Mixed
T19283,Tech_T19283,2,Day
T19284,Tech_T19284,3,Evening
T19285,Tech_T19285,9,Evening
T19286,Tech_T19286,7,Day
T19287,Tech_T19287,1,Day
T19288,Tech_T19288,8,Day
T19289,Tech_T19289,5,Mixed
T19290,Tech_T19290,10,Evening
T19291,Tech_T19291,8,Mixed
T19292,Tech_T19292,6,Evening
T19293,Tech_T19293,4,Day
T19294,Tech_T19294,2,Evening
T19295,Tech_T19295,1,Day
T19296,Tech_T19296,4,Evening
T19297,Tech_T19297,9,Evening
T19298,Tech_T19298,6,Day
T19299,Tech_T19299,4,Day
T19300,Tech_T19300,2,Mixed
T19301,Tech_T19301,4,Day
T19302,Tech_T19302,9,Mixed
T19303,Tech_T19303,4,Evening
T19304,Tech_T19304,3,Mixed
T19305,Tech_T19305,7,Evening
T19306,Tech_T19306,6,Evening
T19307,Tech_T19307,5,Day
T19308,Tech_T19308,10,Mixed
T19309,Tech_T19309,6,Day
T19310,Tech_T19310,10,Day
T19311,Tech_T19311,1,Mixed
T19312,Tech_T19312,2,Evening
T19313,Tech_T19313,4,Day
T19314,Tech_T19314,10,Evening
T19315,Tech_T19315,1,Evening
T19316,Tech_T19316,10,Mixed
T19317,Tech_T19317,9,Mixed
T19318,Tech_T19318,6,Mixed
T19319,Tech_T19319,9,Day
T19320,Tech_T19320,6,Mixed
T19321,Tech_T19321,5,Mixed
T19322,Tech_T19322,6,Mixed
T19323,Tech_T19323,8,Evening
T19324,Tech_T19324,8,Mixed
T19325,Tech_T19325,8,Day
T19326,Tech_T19326,2,Mixed
T19327,Tech_T19327,6,Day
T19328,Tech_T19328,10,Evening
T19329,Tech_T19329,1,Day
T19330,Tech_T19330,5,Evening
T19331,Tech_T19331,10,Mixed
T19332,Tech_T19332,6,Day
T19333,Tech_T19333,3,Evening
T19334,Tech_T19334,1,Evening
T19335,Tech_T19335,3,Evening
T19336,Tech_T19336,5,Day
T19337,Tech_T19337,10,Day
T19338,Tech_T19338,9,Mixed
T19339,Tech_T19339,2,Day
T19340,Tech_T19340,4,Day
T19341,Tech_T19341,10,Mixed
T19342,Tech_T19342,5,Evening
T19343,Tech_T19343,8,Day
T19344,Tech_T19344,7,Evening
T19345,Tech_T19345,7,Mixed
T19346,Tech_T19346,2,Day
T19347,Tech_T19347,4,Day
T19348,Tech_T19348,9,Evening
T19349,Tech_T19349,6,Evening
T19350,Tech_T19350,3,Day
T19351,Tech_T19351,6,Evening
T19352,Tech_T19352,2,Mixed
T19353,Tech_T19353,9,Day
T19354,Tech_T19354,3,Day
T19355,Tech_T19355,3,Mixed
T19356,Tech_T19356,10,Day
T19357,Tech_T19357,2,Day
T19358,Tech_T19358,10,Evening
T19359,Tech_T19359,10,Evening
T19360,Tech_T19360,1,Mixed
T19361,Tech_T19361,2,Day
T19362,Tech_T19362,8,Mixed
T19363,Tech_T19363,7,Day
T19364,Tech_T19364,8,Evening
T19365,Tech_T19365,4,Day
T19366,Tech_T19366,6,Mixed
T19367,Tech_T19367,6,Day
T19368,Tech_T19368,4,Mixed
T19369,Tech_T19369,3,Day
T19370,Tech_T19370,8,Mixed
T19371,Tech_T19371,8,Evening
T19372,Tech_T19372,10,Mixed
T19373,Tech_T19373,2,Evening
T19374,Tech_T19374,8,Mixed
T19375,Tech_T19375,9,Day
T19376,Tech_T19376,1,Evening
T19377,Tech_T19377,2,Mixed
T19378,Tech_T19378,4,Evening
T19379,Tech_T19379,10,Day
T19380,Tech_T19380,4,Evening
T19381,Tech_T19381,3,Evening
T19382,Tech_T19382,1,Evening
T19383,Tech_T19383,3,Day
T19384,Tech_T19384,7,Day
T19385,Tech_T19385,1,Day
T19386,Tech_T19386,7,Day
T19387,Tech_T19387,9,Day
T19388,Tech_T19388,3,Mixed
T19389,Tech_T19389,8,Mixed
T19390,Tech_T19390,5,Day
T19391,Tech_T19391,9,Evening
T19392,Tech_T19392,8,Mixed
T19393,Tech_T19393,5,Evening
T19394,Tech_T19394,1,Evening
T19395,Tech_T19395,4,Evening
T19396,Tech_T19396,6,Evening
T19397,Tech_T19397,3,Day
T19398,Tech_T19398,7,Mixed
T19399,Tech_T19399,5,Mixed
T19400,Tech_T19400,5,Day
T19401,Tech_T19401,7,Day
T19402,Tech_T19402,3,Day
T19403,Tech_T19403,8,Evening
T19404,Tech_T19404,8,Evening
T19405,Tech_T19405,4,Evening
T19406,Tech_T19406,9,Mixed
T19407,Tech_T19407,5,Mixed
T19408,Tech_T19408,5,Evening
T19409,Tech_T19409,10,Day
T19410,Tech_T19410,8,Evening
T19411,Tech_T19411,2,Day
T19412,Tech_T19412,3,Day
T19413,Tech_T19413,9,Day
T19414,Tech_T19414,2,Evening
T19415,Tech_T19415,3,Evening
T19416,Tech_T19416,9,Evening
T19417,Tech_T19417,6,Mixed
T19418,Tech_T19418,4,Day
T19419,Tech_T19419,6,Day
T19420,Tech_T19420,6,Day
T19421,Tech_T19421,9,Mixed
T19422,Tech_T19422,6,Day
T19423,Tech_T19423,10,Day
T19424,Tech_T19424,10,Day
T19425,Tech_T19425,9,Mixed
T19426,Tech_T19426,3,Mixed
T19427,Tech_T19427,3,Evening
T19428,Tech_T19428,2,Mixed
T19429,Tech_T19429,7,Evening
T19430,Tech_T19430,10,Mixed
T19431,Tech_T19431,1,Mixed
T19432,Tech_T19432,6,Evening
T19433,Tech_T19433,2,Day
T19434,Tech_T19434,10,Day
T19435,Tech_T19435,8,Evening
T19436,Tech_T19436,4,Day
T19437,Tech_T19437,4,Day
T19438,Tech_T19438,9,Day
T19439,Tech_T19439,1,Mixed
T19440,Tech_T19440,6,Day
T19441,Tech_T19441,10,Mixed
T19442,Tech_T19442,7,Evening
T19443,Tech_T19443,1,Evening
T19444,Tech_T19444,2,Evening
T19445,Tech_T19445,9,Day
T19446,Tech_T19446,10,Day
T19447,Tech_T19447,2,Day
T19448,Tech_T19448,5,Mixed
T19449,Tech_T19449,4,Evening
T19450,Tech_T19450,7,Mixed
T19451,Tech_T19451,4,Mixed
T19452,Tech_T19452,6,Evening
T19453,Tech_T19453,6,Mixed
T19454,Tech_T19454,8,Day
T19455,Tech_T19455,2,Evening
T19456,Tech_T19456,5,Mixed
T19457,Tech_T19457,9,Day
T19458,Tech_T19458,6,Mixed
T19459,Tech_T19459,8,Day
T19460,Tech_T19460,4,Mixed
T19461,Tech_T19461,9,Day
T19462,Tech_T19462,2,Evening
T19463,Tech_T19463,2,Mixed
T19464,Tech_T19464,3,Mixed
T19465,Tech_T19465,3,Evening
T19466,Tech_T19466,7,Evening
T19467,Tech_T19467,10,Day
T19468,Tech_T19468,2,Day
T19469,Tech_T19469,6,Evening
T19470,Tech_T19470,8,Mixed
T19471,Tech_T19471,10,Mixed
T19472,Tech_T19472,1,Mixed
T19473,Tech_T19473,2,Day
T19474,Tech_T19474,2,Evening
T19475,Tech_T19475,5,Evening
T19476,Tech_T19476,5,Mixed
T19477,Tech_T19477,3,Day
T19478,Tech_T19478,4,Mixed
T19479,Tech_T19479,5,Mixed
T19480,Tech_T19480,3,Evening
T19481,Tech_T19481,3,Mixed
T19482,Tech_T19482,2,Evening
T19483,Tech_T19483,3,Evening
T19484,Tech_T19484,2,Mixed
T19485,Tech_T19485,10,Evening
T19486,Tech_T19486,9,Evening
T19487,Tech_T19487,1,Day
T19488,Tech_T19488,3,Evening
T19489,Tech_T19489,8,Evening
T19490,Tech_T19490,8,Evening
T19491,Tech_T19491,6,Evening
T19492,Tech_T19492,10,Day
T19493,Tech_T19493,8,Day
T19494,Tech_T19494,1,Day
T19495,Tech_T19495,9,Mixed
T19496,Tech_T19496,7,Evening
T19497,Tech_T19497,2,Mixed
T19498,Tech_T19498,1,Mixed
T19499,Tech_T19499,9,Mixed
T19500,Tech_T19500,9,Day
T19501,Tech_T19501,4,Day
T19502,Tech_T19502,3,Evening
T19503,Tech_T19503,1,Mixed
T19504,Tech_T19504,6,Day
T19505,Tech_T19505,9,Mixed
T19506,Tech_T19506,10,Day
T19507,Tech_T19507,4,Evening
T19508,Tech_T19508,7,Evening
T19509,Tech_T19509,2,Day
T19510,Tech_T19510,8,Mixed
T19511,Tech_T19511,1,Evening
T19512,Tech_T19512,6,Mixed
T19513,Tech_T19513,10,Day
T19514,Tech_T19514,9,Mixed
T19515,Tech_T19515,5,Day
T19516,Tech_T19516,9,Day
T19517,Tech_T19517,7,Day
T19518,Tech_T19518,4,Day
T19519,Tech_T19519,3,Evening
T19520,Tech_T19520,5,Evening
T19521,Tech_T19521,6,Mixed
T19522,Tech_T19522,1,Mixed
T19523,Tech_T19523,7,Evening
T19524,Tech_T19524,2,Evening
T19525,Tech_T19525,2,Day
T19526,Tech_T19526,2,Evening
T19527,Tech_T19527,10,Mixed
T19528,Tech_T19528,10,Evening
T19529,Tech_T19529,1,Mixed
T19530,Tech_T19530,1,Day
T19531,Tech_T19531,7,Mixed
T19532,Tech_T19532,4,Day
T19533,Tech_T19533,4,Mixed
T19534,Tech_T19534,8,Day
T19535,Tech_T19535,9,Day
T19536,Tech_T19536,1,Day
T19537,Tech_T19537,8,Mixed
T19538,Tech_T19538,8,Day
T19539,Tech_T19539,7,Mixed
T19540,Tech_T19540,10,Day
T19541,Tech_T19541,10,Evening
T19542,Tech_T19542,2,Evening
T19543,Tech_T19543,3,Evening
T19544,Tech_T19544,10,Mixed
T19545,Tech_T19545,2,Day
T19546,Tech_T19546,3,Day
T19547,Tech_T19547,5,Evening
T19548,Tech_T19548,6,Mixed
T19549,Tech_T19549,6,Day
T19550,Tech_T19550,10,Day
T19551,Tech_T19551,1,Mixed
T19552,Tech_T19552,10,Mixed
T19553,Tech_T19553,2,Day
T19554,Tech_T19554,1,Evening
T19555,Tech_T19555,7,Mixed
T19556,Tech_T19556,9,Day
T19557,Tech_T19557,7,Mixed
T19558,Tech_T19558,10,Day
T19559,Tech_T19559,8,Day
T19560,Tech_T19560,6,Evening
T19561,Tech_T19561,1,Evening
T19562,Tech_T19562,8,Evening
T19563,Tech_T19563,6,Evening
T19564,Tech_T19564,9,Day
T19565,Tech_T19565,8,Day
T19566,Tech_T19566,3,Evening
T19567,Tech_T19567,2,Mixed
T19568,Tech_T19568,3,Evening
T19569,Tech_T19569,3,Evening
T19570,Tech_T19570,10,Day
T19571,Tech_T19571,7,Evening
T19572,Tech_T19572,5,Day
T19573,Tech_T19573,7,Day
T19574,Tech_T19574,1,Mixed
T19575,Tech_T19575,10,Day
T19576,Tech_T19576,2,Mixed
T19577,Tech_T19577,7,Day
T19578,Tech_T19578,9,Day
T19579,Tech_T19579,4,Evening
T19580,Tech_T19580,8,Evening
T19581,Tech_T19581,9,Evening
T19582,Tech_T19582,2,Evening
T19583,Tech_T19583,1,Evening
T19584,Tech_T19584,10,Evening
T19585,Tech_T19585,9,Day
T19586,Tech_T19586,4,Evening
T19587,Tech_T19587,2,Evening
T19588,Tech_T19588,9,Evening
T19589,Tech_T19589,4,Evening
T19590,Tech_T19590,10,Mixed
T19591,Tech_T19591,6,Mixed
T19592,Tech_T19592,3,Mixed
T19593,Tech_T19593,1,Evening
T19594,Tech_T19594,10,Evening
T19595,Tech_T19595,4,Day
T19596,Tech_T19596,2,Mixed
T19597,Tech_T19597,7,Mixed
T19598,Tech_T19598,1,Mixed
T19599,Tech_T19599,7,Day
T19600,Tech_T19600,10,Mixed
T19601,Tech_T19601,10,Day
T19602,Tech_T19602,1,Day
T19603,Tech_T19603,10,Day
T19604,Tech_T19604,1,Day
T19605,Tech_T19605,2,Evening
T19606,Tech_T19606,3,Day
T19607,Tech_T19607,3,Day
T19608,Tech_T19608,7,Day
T19609,Tech_T19609,4,Mixed
T19610,Tech_T19610,8,Mixed
T19611,Tech_T19611,8,Day
T19612,Tech_T19612,10,Evening
T19613,Tech_T19613,9,Mixed
T19614,Tech_T19614,10,Day
T19615,Tech_T19615,2,Day
T19616,Tech_T19616,1,Evening
T19617,Tech_T19617,1,Evening
T19618,Tech_T19618,9,Day
T19619,Tech_T19619,9,Day
T19620,Tech_T19620,10,Day
T19621,Tech_T19621,1,Evening
T19622,Tech_T19622,6,Mixed
T19623,Tech_T19623,10,Day
T19624,Tech_T19624,10,Evening
T19625,Tech_T19625,5,Evening
T19626,Tech_T19626,9,Mixed
T19627,Tech_T19627,2,Evening
T19628,Tech_T19628,5,Day
T19629,Tech_T19629,4,Mixed
T19630,Tech_T19630,1,Evening
T19631,Tech_T19631,2,Mixed
T19632,Tech_T19632,8,Mixed
T19633,Tech_T19633,4,Evening
T19634,Tech_T19634,7,Evening
T19635,Tech_T19635,6,Mixed
T19636,Tech_T19636,1,Day
T19637,Tech_T19637,2,Evening
T19638,Tech_T19638,6,Mixed
T19639,Tech_T19639,7,Evening
T19640,Tech_T19640,7,Day
T19641,Tech_T19641,1,Day
T19642,Tech_T19642,5,Day
T19643,Tech_T19643,10,Day
T19644,Tech_T19644,4,Mixed
T19645,Tech_T19645,9,Evening
T19646,Tech_T19646,2,Mixed
T19647,Tech_T19647,2,Day
T19648,Tech_T19648,2,Evening
T19649,Tech_T19649,1,Mixed
T19650,Tech_T19650,6,Mixed
T19651,Tech_T19651,9,Mixed
T19652,Tech_T19652,8,Evening
T19653,Tech_T19653,3,Day
T19654,Tech_T19654,5,Mixed
T19655,Tech_T19655,6,Mixed
T19656,Tech_T19656,8,Mixed
T19657,Tech_T19657,5,Evening
T19658,Tech_T19658,8,Mixed
T19659,Tech_T19659,10,Evening
T19660,Tech_T19660,7,Mixed
T19661,Tech_T19661,3,Mixed
T19662,Tech_T19662,1,Day
T19663,Tech_T19663,4,Evening
T19664,Tech_T19664,3,Evening
T19665,Tech_T19665,7,Day
T19666,Tech_T19666,2,Day
T19667,Tech_T19667,10,Evening
T19668,Tech_T19668,10,Evening
T19669,Tech_T19669,5,Day
T19670,Tech_T19670,5,Day
T19671,Tech_T19671,10,Evening
T19672,Tech_T19672,5,Day
T19673,Tech_T19673,3,Evening
T19674,Tech_T19674,5,Mixed
T19675,Tech_T19675,2,Evening
T19676,Tech_T19676,4,Evening
T19677,Tech_T19677,5,Mixed
T19678,Tech_T19678,10,Mixed
T19679,Tech_T19679,7,Evening
T19680,Tech_T19680,10,Evening
T19681,Tech_T19681,6,Mixed
T19682,Tech_T19682,5,Day
T19683,Tech_T19683,4,Mixed
T19684,Tech_T19684,8,Evening
T19685,Tech_T19685,1,Mixed
T19686,Tech_T19686,10,Mixed
T19687,Tech_T19687,7,Day
T19688,Tech_T19688,2,Day
T19689,Tech_T19689,2,Evening
T19690,Tech_T19690,8,Evening
T19691,Tech_T19691,5,Day
T19692,Tech_T19692,4,Evening
T19693,Tech_T19693,9,Mixed
T19694,Tech_T19694,10,Day
T19695,Tech_T19695,6,Evening
T19696,Tech_T19696,5,Day
T19697,Tech_T19697,3,Mixed
T19698,Tech_T19698,6,Mixed
T19699,Tech_T19699,3,Evening
T19700,Tech_T19700,5,Mixed
T19701,Tech_T19701,3,Day
T19702,Tech_T19702,2,Mixed
T19703,Tech_T19703,9,Mixed
T19704,Tech_T19704,1,Day
T19705,Tech_T19705,6,Mixed
T19706,Tech_T19706,2,Mixed
T19707,Tech_T19707,8,Day
T19708,Tech_T19708,3,Mixed
T19709,Tech_T19709,9,Day
T19710,Tech_T19710,2,Evening
T19711,Tech_T19711,7,Mixed
T19712,Tech_T19712,5,Mixed
T19713,Tech_T19713,3,Evening
T19714,Tech_T19714,10,Evening
T19715,Tech_T19715,1,Day
T19716,Tech_T19716,3,Evening
T19717,Tech_T19717,2,Day
T19718,Tech_T19718,3,Mixed
T19719,Tech_T19719,1,Mixed
T19720,Tech_T19720,9,Day
T19721,Tech_T19721,4,Evening
T19722,Tech_T19722,1,Day
T19723,Tech_T19723,2,Day
T19724,Tech_T19724,6,Mixed
T19725,Tech_T19725,10,Evening
T19726,Tech_T19726,10,Mixed
T19727,Tech_T19727,1,Mixed
T19728,Tech_T19728,1,Day
T19729,Tech_T19729,4,Mixed
T19730,Tech_T19730,3,Evening
T19731,Tech_T19731,8,Evening
T19732,Tech_T19732,8,Day
T19733,Tech_T19733,5,Evening
T19734,Tech_T19734,6,Evening
T19735,Tech_T19735,7,Evening
T19736,Tech_T19736,4,Mixed
T19737,Tech_T19737,4,Day
T19738,Tech_T19738,2,Day
T19739,Tech_T19739,4,Evening
T19740,Tech_T19740,2,Mixed
T19741,Tech_T19741,9,Evening
T19742,Tech_T19742,7,Evening
T19743,Tech_T19743,1,Mixed
T19744,Tech_T19744,10,Mixed
T19745,Tech_T19745,5,Evening
T19746,Tech_T19746,7,Mixed
T19747,Tech_T19747,7,Mixed
T19748,Tech_T19748,3,Mixed
T19749,Tech_T19749,5,Day
T19750,Tech_T19750,8,Mixed
T19751,Tech_T19751,9,Evening
T19752,Tech_T19752,9,Evening
T19753,Tech_T19753,6,Mixed
T19754,Tech_T19754,1,Day
T19755,Tech_T19755,7,Mixed
T19756,Tech_T19756,7,Day
T19757,Tech_T19757,5,Day
T19758,Tech_T19758,7,Mixed
T19759,Tech_T19759,6,Evening
T19760,Tech_T19760,6,Day
T19761,Tech_T19761,1,Mixed
T19762,Tech_T19762,5,Evening
T19763,Tech_T19763,10,Evening
T19764,Tech_T19764,2,Day
T19765,Tech_T19765,2,Mixed
T19766,Tech_T19766,10,Mixed
T19767,Tech_T19767,9,Mixed
T19768,Tech_T19768,9,Mixed
T19769,Tech_T19769,3,Mixed
T19770,Tech_T19770,8,Evening
T19771,Tech_T19771,8,Mixed
T19772,Tech_T19772,9,Mixed
T19773,Tech_T19773,4,Evening
T19774,Tech_T19774,6,Mixed
T19775,Tech_T19775,6,Mixed
T19776,Tech_T19776,4,Day
T19777,Tech_T19777,7,Mixed
T19778,Tech_T19778,9,Evening
T19779,Tech_T19779,1,Evening
T19780,Tech_T19780,9,Evening
T19781,Tech_T19781,5,Evening
T19782,Tech_T19782,10,Evening
T19783,Tech_T19783,2,Mixed
T19784,Tech_T19784,1,Mixed
T19785,Tech_T19785,4,Day
T19786,Tech_T19786,7,Day
T19787,Tech_T19787,2,Evening
T19788,Tech_T19788,10,Evening
T19789,Tech_T19789,7,Day
T19790,Tech_T19790,3,Mixed
T19791,Tech_T19791,4,Evening
T19792,Tech_T19792,5,Day
T19793,Tech_T19793,6,Evening
T19794,Tech_T19794,2,Evening
T19795,Tech_T19795,1,Mixed
T19796,Tech_T19796,1,Evening
T19797,Tech_T19797,4,Day
T19798,Tech_T19798,6,Day
T19799,Tech_T19799,9,Mixed
T19800,Tech_T19800,7,Day
T19801,Tech_T19801,7,Evening
T19802,Tech_T19802,6,Mixed
T19803,Tech_T19803,8,Evening
T19804,Tech_T19804,1,Day
T19805,Tech_T19805,1,Day
T19806,Tech_T19806,2,Mixed
T19807,Tech_T19807,9,Day
T19808,Tech_T19808,3,Evening
T19809,Tech_T19809,4,Mixed
T19810,Tech_T19810,7,Day
T19811,Tech_T19811,8,Mixed
T19812,Tech_T19812,7,Mixed
T19813,Tech_T19813,10,Evening
T19814,Tech_T19814,1,Day
T19815,Tech_T19815,3,Evening
T19816,Tech_T19816,8,Mixed
T19817,Tech_T19817,5,Day
T19818,Tech_T19818,9,Day
T19819,Tech_T19819,9,Evening
T19820,Tech_T19820,3,Evening
T19821,Tech_T19821,9,Day
T19822,Tech_T19822,10,Day
T19823,Tech_T19823,3,Evening
T19824,Tech_T19824,2,Day
T19825,Tech_T19825,7,Mixed
T19826,Tech_T19826,8,Day
T19827,Tech_T19827,4,Evening
T19828,Tech_T19828,2,Evening
T19829,Tech_T19829,6,Mixed
T19830,Tech_T19830,1,Mixed
T19831,Tech_T19831,4,Mixed
T19832,Tech_T19832,5,Mixed
T19833,Tech_T19833,1,Day
T19834,Tech_T19834,5,Day
T19835,Tech_T19835,6,Evening
T19836,Tech_T19836,3,Evening
T19837,Tech_T19837,3,Mixed
T19838,Tech_T19838,6,Evening
T19839,Tech_T19839,5,Mixed
T19840,Tech_T19840,7,Evening
T19841,Tech_T19841,5,Evening
T19842,Tech_T19842,7,Evening
T19843,Tech_T19843,1,Day
T19844,Tech_T19844,2,Mixed
T19845,Tech_T19845,8,Mixed
T19846,Tech_T19846,2,Mixed
T19847,Tech_T19847,3,Mixed
T19848,Tech_T19848,9,Mixed
T19849,Tech_T19849,4,Day
T19850,Tech_T19850,1,Mixed
T19851,Tech_T19851,1,Day
T19852,Tech_T19852,3,Mixed
T19853,Tech_T19853,7,Day
T19854,Tech_T19854,6,Evening
T19855,Tech_T19855,4,Evening
T19856,Tech_T19856,5,Mixed
T19857,Tech_T19857,9,Mixed
T19858,Tech_T19858,10,Mixed
T19859,Tech_T19859,9,Mixed
T19860,Tech_T19860,2,Evening
T19861,Tech_T19861,1,Mixed
T19862,Tech_T19862,3,Mixed
T19863,Tech_T19863,9,Mixed
T19864,Tech_T19864,10,Evening
T19865,Tech_T19865,1,Mixed
T19866,Tech_T19866,10,Day
T19867,Tech_T19867,4,Day
T19868,Tech_T19868,3,Mixed
T19869,Tech_T19869,4,Day
T19870,Tech_T19870,4,Evening
T19871,Tech_T19871,10,Mixed
T19872,Tech_T19872,4,Mixed
T19873,Tech_T19873,9,Mixed
T19874,Tech_T19874,8,Day
T19875,Tech_T19875,2,Day
T19876,Tech_T19876,5,Day
T19877,Tech_T19877,3,Day
T19878,Tech_T19878,4,Evening
T19879,Tech_T19879,4,Day
T19880,Tech_T19880,8,Evening
T19881,Tech_T19881,7,Evening
T19882,Tech_T19882,8,Mixed
T19883,Tech_T19883,2,Mixed
T19884,Tech_T19884,6,Mixed
T19885,Tech_T19885,8,Day
T19886,Tech_T19886,5,Day
T19887,Tech_T19887,7,Evening
T19888,Tech_T19888,7,Day
T19889,Tech_T19889,8,Mixed
T19890,Tech_T19890,8,Day
T19891,Tech_T19891,8,Mixed
T19892,Tech_T19892,7,Day
T19893,Tech_T19893,6,Evening
T19894,Tech_T19894,3,Evening
T19895,Tech_T19895,6,Evening
T19896,Tech_T19896,8,Day
T19897,Tech_T19897,8,Mixed
T19898,Tech_T19898,5,Mixed
T19899,Tech_T19899,5,Mixed
T19900,Tech_T19900,8,Day
T19901,Tech_T19901,7,Mixed
T19902,Tech_T19902,7,Mixed
T19903,Tech_T19903,8,Day
T19904,Tech_T19904,10,Mixed
T19905,Tech_T19905,7,Day
T19906,Tech_T19906,5,Evening
T19907,Tech_T19907,8,Day
T19908,Tech_T19908,8,Evening
T19909,Tech_T19909,3,Day
T19910,Tech_T19910,2,Evening
T19911,Tech_T19911,2,Day
T19912,Tech_T19912,7,Mixed
T19913,Tech_T19913,7,Day
T19914,Tech_T19914,8,Mixed
T19915,Tech_T19915,8,Mixed
T19916,Tech_T19916,8,Day
T19917,Tech_T19917,1,Day
T19918,Tech_T19918,1,Evening
T19919,Tech_T19919,3,Mixed
T19920,Tech_T19920,4,Evening
T19921,Tech_T19921,1,Day
T19922,Tech_T19922,9,Day
T19923,Tech_T19923,5,Mixed
T19924,Tech_T19924,10,Day
T19925,Tech_T19925,7,Evening
T19926,Tech_T19926,10,Evening
T19927,Tech_T19927,8,Evening
T19928,Tech_T19928,5,Mixed
T19929,Tech_T19929,2,Day
T19930,Tech_T19930,2,Day
T19931,Tech_T19931,6,Evening
T19932,Tech_T19932,5,Mixed
T19933,Tech_T19933,9,Evening
T19934,Tech_T19934,8,Day
T19935,Tech_T19935,2,Day
T19936,Tech_T19936,8,Mixed
T19937,Tech_T19937,6,Day
T19938,Tech_T19938,2,Day
T19939,Tech_T19939,2,Evening
T19940,Tech_T19940,6,Day
T19941,Tech_T19941,2,Evening
T19942,Tech_T19942,9,Evening
T19943,Tech_T19943,7,Day
T19944,Tech_T19944,9,Mixed
T19945,Tech_T19945,7,Evening
T19946,Tech_T19946,9,Day
T19947,Tech_T19947,10,Day
T19948,Tech_T19948,3,Evening
T19949,Tech_T19949,7,Day
T19950,Tech_T19950,9,Mixed
T19951,Tech_T19951,3,Mixed
T19952,Tech_T19952,7,Day
T19953,Tech_T19953,1,Mixed
T19954,Tech_T19954,5,Day
T19955,Tech_T19955,2,Day
T19956,Tech_T19956,3,Evening
T19957,Tech_T19957,6,Evening
T19958,Tech_T19958,8,Mixed
T19959,Tech_T19959,5,Evening
T19960,Tech_T19960,6,Day
T19961,Tech_T19961,4,Evening
T19962,Tech_T19962,4,Mixed
T19963,Tech_T19963,1,Mixed
T19964,Tech_T19964,4,Evening
T19965,Tech_T19965,4,Evening
T19966,Tech_T19966,7,Mixed
T19967,Tech_T19967,2,Mixed
T19968,Tech_T19968,7,Day
T19969,Tech_T19969,3,Mixed
T19970,Tech_T19970,9,Day
T19971,Tech_T19971,10,Evening
T19972,Tech_T19972,4,Mixed
T19973,Tech_T19973,9,Mixed
T19974,Tech_T19974,4,Evening
T19975,Tech_T19975,1,Mixed
T19976,Tech_T19976,3,Mixed
T19977,Tech_T19977,4,Evening
T19978,Tech_T19978,7,Mixed
T19979,Tech_T19979,5,Mixed
T19980,Tech_T19980,2,Mixed
T19981,Tech_T19981,6,Day
T19982,Tech_T19982,8,Evening
T19983,Tech_T19983,9,Evening
T19984,Tech_T19984,2,Evening
T19985,Tech_T19985,10,Mixed
T19986,Tech_T19986,9,Evening
T19987,Tech_T19987,9,Evening
T19988,Tech_T19988,9,Day
T19989,Tech_T19989,7,Mixed
T19990,Tech_T19990,1,Mixed
T19991,Tech_T19991,1,Mixed
T19992,Tech_T19992,4,Mixed
T19993,Tech_T19993,10,Mixed
T19994,Tech_T19994,10,Day
T19995,Tech_T19995,3,Mixed
T19996,Tech_T19996,1,Mixed
T19997,Tech_T19997,7,Day
T19998,Tech_T19998,4,Evening
T19999,Tech_T19999,8,Day
T20000,Tech_T20000,5,Evening
